{"type": "FeatureCollection", "features": [{"type": "Feature", "geometry": {"type": "MultiPolygon", "coordinates": [[[[-120.3730431, 48.0443966], [-120.3729992, 48.0443916], [-120.3729321, 48.0443924], [-120.3728943, 48.0443752], [-120.372843, 48.0443743], [-120.3727551, 48.0443881], [-120.3727357, 48.044348], [-120.3726333, 48.0443184], [-120.3725003, 48.0443158], [-120.3724234, 48.0442961], [-120.3723697, 48.0442903], [-120.372321, 48.0442641], [-120.3722767, 48.0442579], [-120.3721941, 48.044277], [-120.3721281, 48.0442917], [-120.3720976, 48.0443138], [-120.3720512, 48.0443137], [-120.3719889, 48.0443349], [-120.3719334, 48.0443404], [-120.371889, 48.0442669], [-120.3719087, 48.0442047], [-120.3719357, 48.0441295], [-120.3718639, 48.0440941], [-120.3715941, 48.0440865], [-120.371411, 48.0441158], [-120.3712827, 48.044121], [-120.3711107, 48.0441564], [-120.3709691, 48.0441841], [-120.3707983, 48.0441839], [-120.370601, 48.0442215], [-120.3705296, 48.0442572], [-120.3703978, 48.0442816], [-120.3703318, 48.0443143], [-120.3701708, 48.0443223], [-120.3699604, 48.0442799], [-120.3696411, 48.0443282], [-120.3693769, 48.0443452], [-120.369248, 48.0444129], [-120.3691576, 48.0444194], [-120.3690362, 48.0444665], [-120.3689205, 48.0445631], [-120.368896, 48.0446024], [-120.3688308, 48.0446318], [-120.3685373, 48.044602], [-120.3683956, 48.0446411], [-120.3682712, 48.0446377], [-120.3680994, 48.0445869], [-120.368054, 48.0446211], [-120.3680392, 48.0446669], [-120.3679317, 48.0447066], [-120.3676582, 48.0447941], [-120.3675335, 48.0447587], [-120.367429, 48.0446973], [-120.367312, 48.0446628], [-120.367229, 48.0446414], [-120.3671421, 48.0446338], [-120.3670776, 48.0446936], [-120.3670263, 48.0447115], [-120.3668732, 48.0447104], [-120.3668043, 48.0446786], [-120.366802, 48.0446082], [-120.3667439, 48.0445843], [-120.3666654, 48.0445933], [-120.3665888, 48.0445576], [-120.366529, 48.0444565], [-120.3665096, 48.0444213], [-120.3665271, 48.0443714], [-120.3665452, 48.0443338], [-120.3665209, 48.0443116], [-120.3664392, 48.0442919], [-120.3663926, 48.0442498], [-120.3662965, 48.0442582], [-120.3660951, 48.0442572], [-120.3660323, 48.0442369], [-120.3659989, 48.044194], [-120.3659113, 48.0441817], [-120.365872, 48.0441685], [-120.3657988, 48.0441603], [-120.3657294, 48.0441217], [-120.3656464, 48.0441053], [-120.3655694, 48.0440972], [-120.3655024, 48.0441288], [-120.3653804, 48.0441287], [-120.3652265, 48.044176], [-120.3650874, 48.0441611], [-120.3649752, 48.0441577], [-120.3646724, 48.0442212], [-120.3646404, 48.0441944], [-120.3645455, 48.0441875], [-120.3644442, 48.0441939], [-120.3642905, 48.0441708], [-120.3639946, 48.0441152], [-120.3639381, 48.0440886], [-120.3638564, 48.0440639], [-120.3636917, 48.0440343], [-120.3636369, 48.0440072], [-120.3636272, 48.0439655], [-120.363593, 48.0439161], [-120.3635032, 48.0438131], [-120.3634582, 48.0437607], [-120.3634635, 48.0436411], [-120.36351, 48.0435333], [-120.3635541, 48.043458], [-120.3635511, 48.0433863], [-120.3635117, 48.0433402], [-120.3634862, 48.0433033], [-120.3634387, 48.0432689], [-120.3633582, 48.0432426], [-120.3632437, 48.0431761], [-120.3628825, 48.043166], [-120.3628618, 48.0431365], [-120.3628485, 48.0430972], [-120.3628254, 48.0430849], [-120.3626936, 48.0430798], [-120.3625845, 48.0430625], [-120.3625303, 48.0429978], [-120.3624851, 48.042954], [-120.3623425, 48.0429534], [-120.3621474, 48.0429024], [-120.3620498, 48.0428941], [-120.3619668, 48.0428989], [-120.3618693, 48.0428677], [-120.361696, 48.042861], [-120.3615887, 48.0428347], [-120.3614716, 48.0428247], [-120.361344, 48.0427956], [-120.3612569, 48.0427868], [-120.3612056, 48.0427999], [-120.3611324, 48.0427965], [-120.3607864, 48.042731], [-120.3607201, 48.0427502], [-120.3606259, 48.0427568], [-120.3605005, 48.0427286], [-120.3602834, 48.0426727], [-120.3601493, 48.0426513], [-120.3600599, 48.042648], [-120.360047, 48.0425775], [-120.3600447, 48.0425186], [-120.359999, 48.042497], [-120.3591542, 48.0423912], [-120.358945, 48.0422999], [-120.3585811, 48.042312], [-120.3583536, 48.0423181], [-120.3582991, 48.042166], [-120.3581354, 48.0421113], [-120.3570073, 48.042233], [-120.3565343, 48.0419652], [-120.3562069, 48.0419105], [-120.3555336, 48.041947], [-120.3548969, 48.0418679], [-120.3546422, 48.0416975], [-120.3546968, 48.0415758], [-120.354533, 48.0414541], [-120.3538598, 48.0414723], [-120.3538417, 48.0413933], [-120.3526401, 48.0411974], [-120.3522952, 48.0412837], [-120.3519405, 48.0412472], [-120.3518404, 48.041089], [-120.3513128, 48.0409369], [-120.3508943, 48.0410039], [-120.3501757, 48.0409552], [-120.3497481, 48.0410525], [-120.3489385, 48.0409977], [-120.3488748, 48.0408639], [-120.3486383, 48.0408274], [-120.3483017, 48.0408943], [-120.3475649, 48.0408315], [-120.3472465, 48.0408882], [-120.3470464, 48.0408335], [-120.346819, 48.0409186], [-120.3465097, 48.0409065], [-120.3463005, 48.0410403], [-120.3454362, 48.0409734], [-120.3453089, 48.040797], [-120.344763, 48.0407605], [-120.3445333, 48.0405928], [-120.3442355, 48.0406023], [-120.3440627, 48.0404562], [-120.3430893, 48.0402129], [-120.3414609, 48.0401276], [-120.3413063, 48.0402859], [-120.3408605, 48.0403223], [-120.3406513, 48.0403467], [-120.340433, 48.0402737], [-120.3398599, 48.0403102], [-120.339678, 48.0404197], [-120.3393193, 48.0404619], [-120.3392186, 48.0405543], [-120.339038, 48.040577], [-120.3388231, 48.0406159], [-120.3387229, 48.0406649], [-120.3386326, 48.040673], [-120.338557, 48.0406516], [-120.338498, 48.0406119], [-120.3384455, 48.0405411], [-120.3384623, 48.040478], [-120.3384967, 48.0404191], [-120.3387592, 48.0402129], [-120.3389048, 48.0399573], [-120.3389048, 48.0397017], [-120.3388411, 48.0394279], [-120.3385773, 48.039294], [-120.338459, 48.0390081], [-120.3383044, 48.0389168], [-120.3383134, 48.0387586], [-120.3381406, 48.0386795], [-120.3380952, 48.0384056], [-120.3376263, 48.0381531], [-120.3373128, 48.0380588], [-120.3370147, 48.0378238], [-120.3367397, 48.0377668], [-120.3366942, 48.0376512], [-120.3361666, 48.0374139], [-120.3357118, 48.0373104], [-120.3353843, 48.0370245], [-120.3349721, 48.0368341], [-120.3343449, 48.0367222], [-120.3339081, 48.0367488], [-120.3338631, 48.0366362], [-120.333517, 48.0366024], [-120.3331988, 48.0365659], [-120.3328804, 48.0365659], [-120.3325712, 48.0365171], [-120.3321985, 48.0363393], [-120.3319801, 48.0363647], [-120.3318619, 48.0362793], [-120.3311253, 48.036322], [-120.330998, 48.0364196], [-120.3306797, 48.0365171], [-120.3304341, 48.0363281], [-120.3298794, 48.0364074], [-120.3295338, 48.0363281], [-120.3290791, 48.0362854], [-120.3286334, 48.0360476], [-120.3277786, 48.0360782], [-120.3276695, 48.0359196], [-120.3274791, 48.0358596], [-120.3270965, 48.0358099], [-120.3268966, 48.0358632], [-120.3259961, 48.035755], [-120.3258051, 48.0355965], [-120.3256324, 48.0355234], [-120.325505, 48.0353405], [-120.3249958, 48.0351881], [-120.324923, 48.0349869], [-120.3246239, 48.0348842], [-120.3242955, 48.0348223], [-120.32415, 48.0346455], [-120.3240591, 48.0343468], [-120.3236072, 48.0340817], [-120.3235498, 48.0340481], [-120.3235498, 48.0339688], [-120.3233588, 48.0336823], [-120.3233224, 48.0330787], [-120.3229132, 48.0328714], [-120.3228041, 48.0325971], [-120.3226404, 48.0324935], [-120.3227041, 48.0317435], [-120.3221675, 48.0315546], [-120.322126, 48.0314381], [-120.3216309, 48.0311766], [-120.3212398, 48.0311888], [-120.3210943, 48.03114], [-120.3212308, 48.030884], [-120.3210397, 48.0304877], [-120.3208761, 48.0303475], [-120.3208579, 48.0301829], [-120.3207487, 48.0298232], [-120.3205305, 48.0295672], [-120.3202213, 48.0294635], [-120.3198212, 48.0294513], [-120.3196029, 48.0292074], [-120.3192028, 48.0288722], [-120.3192118, 48.028738], [-120.3194119, 48.0287442], [-120.3193665, 48.0286405], [-120.3188844, 48.028549], [-120.3186935, 48.0284149], [-120.3183297, 48.0283722], [-120.3180023, 48.0281955], [-120.3179659, 48.0278784], [-120.3180751, 48.0276895], [-120.3178742, 48.0276372], [-120.3176295, 48.0278053], [-120.3173111, 48.0277626], [-120.317149, 48.0274486], [-120.316649, 48.0274425], [-120.316567, 48.0275217], [-120.316248, 48.0274911], [-120.316203, 48.0273451], [-120.315775, 48.0271928], [-120.315211, 48.0272112], [-120.3151469, 48.0270833], [-120.314865, 48.0269555], [-120.314583, 48.0269919], [-120.314446, 48.0269436], [-120.313773, 48.026925], [-120.3135629, 48.0268214], [-120.3131629, 48.0266996], [-120.3131179, 48.0265354], [-120.312999, 48.0264805], [-120.312854, 48.0258108], [-120.312352, 48.0258382], [-120.312289, 48.026103], [-120.3119462, 48.0262561], [-120.311689, 48.026371], [-120.311404, 48.0263347], [-120.311215, 48.0262249], [-120.310915, 48.0262249], [-120.310778, 48.0263406], [-120.310551, 48.0263344], [-120.310051, 48.0261701], [-120.3099139, 48.0259996], [-120.3096229, 48.0261334], [-120.3090769, 48.026164], [-120.308967, 48.026024], [-120.3086029, 48.0259692], [-120.3079965, 48.026022], [-120.307903, 48.0260301], [-120.3075659, 48.0259349], [-120.305846, 48.0259753], [-120.3055, 48.0260909], [-120.3050359, 48.0260543], [-120.304726, 48.0259022], [-120.3043899, 48.0257257], [-120.304235, 48.0257013], [-120.304035, 48.0254761], [-120.3037709, 48.0254578], [-120.303507, 48.0253481], [-120.30317, 48.0253968], [-120.30277, 48.0251595], [-120.302842, 48.025068], [-120.302451, 48.0248368], [-120.302096, 48.0248306], [-120.301841, 48.0246663], [-120.30165, 48.0247575], [-120.3007489, 48.0241914], [-120.299881, 48.023831], [-120.2993439, 48.0236909], [-120.29918, 48.0237153], [-120.298879, 48.0236178], [-120.298788, 48.0234838], [-120.298397, 48.0232217], [-120.2982059, 48.0230875], [-120.298151, 48.0229962], [-120.298023, 48.0229535], [-120.297996, 48.022856], [-120.298151, 48.0228255], [-120.297996, 48.0226001], [-120.297887, 48.0225575], [-120.2978319, 48.0224844], [-120.2976869, 48.0224903], [-120.2976869, 48.0224111], [-120.2976319, 48.0222223], [-120.2974859, 48.0220334], [-120.2973589, 48.0220272], [-120.2971579, 48.0218931], [-120.296976, 48.0219116], [-120.296794, 48.0217775], [-120.2963012, 48.0217764], [-120.296252, 48.0217946], [-120.29613, 48.0217944], [-120.2960373, 48.0217877], [-120.2959135, 48.0217903], [-120.2958669, 48.0217088], [-120.2958264, 48.0216716], [-120.2957572, 48.0216792], [-120.2957041, 48.0216973], [-120.2956935, 48.0217592], [-120.2956247, 48.0217682], [-120.2956177, 48.0218066], [-120.2956126, 48.0218638], [-120.2956489, 48.0219294], [-120.2955907, 48.0219553], [-120.2953854, 48.0220189], [-120.2951649, 48.0220253], [-120.2949172, 48.0219985], [-120.2947559, 48.021952], [-120.2945684, 48.0218817], [-120.2944054, 48.0218781], [-120.2941219, 48.0218272], [-120.2938199, 48.0217691], [-120.2937174, 48.0217127], [-120.293664, 48.0217066], [-120.2936442, 48.0217655], [-120.2936123, 48.0218096], [-120.293559, 48.0218066], [-120.2935308, 48.0217751], [-120.293407, 48.0217539], [-120.2932393, 48.0217697], [-120.2930899, 48.0217911], [-120.2928406, 48.0217379], [-120.2926797, 48.0217931], [-120.292561, 48.0217947], [-120.2924585, 48.0217961], [-120.2922998, 48.0218286], [-120.2921925, 48.0218153], [-120.2919093, 48.0218672], [-120.2917605, 48.02188], [-120.291647, 48.0218183], [-120.2915957, 48.0218161], [-120.2915472, 48.0218608], [-120.291409, 48.0219121], [-120.2912647, 48.0218652], [-120.2911538, 48.021858], [-120.2908431, 48.021916], [-120.2907447, 48.021905], [-120.2906967, 48.0219174], [-120.2905599, 48.0219548], [-120.290355, 48.0219642], [-120.2901548, 48.0219901], [-120.2899791, 48.0220012], [-120.2897767, 48.0219894], [-120.2896478, 48.0219605], [-120.2895661, 48.0218924], [-120.2893722, 48.0218774], [-120.2892331, 48.0218673], [-120.2892211, 48.0218198], [-120.2891878, 48.0218053], [-120.2891502, 48.0218557], [-120.2891013, 48.02189], [-120.289018, 48.0219799], [-120.2889371, 48.0219976], [-120.2889205, 48.0219699], [-120.2889357, 48.0218341], [-120.2889226, 48.0217623], [-120.2887216, 48.0216766], [-120.2885218, 48.021614], [-120.28829, 48.0215033], [-120.2882566, 48.0214515], [-120.2882227, 48.0213778], [-120.2882693, 48.0213255], [-120.2883303, 48.0212994], [-120.2883553, 48.0212418], [-120.2882599, 48.0212175], [-120.2881066, 48.0211247], [-120.2879887, 48.021023], [-120.2878727, 48.0208931], [-120.2878393, 48.0208698], [-120.2878178, 48.0208055], [-120.2877652, 48.0207804], [-120.2876971, 48.0207508], [-120.2875724, 48.0207124], [-120.2875227, 48.0207301], [-120.2874248, 48.0207371], [-120.2872671, 48.0207926], [-120.2871676, 48.0208683], [-120.2869927, 48.0209026], [-120.2868534, 48.0209416], [-120.2867727, 48.0209971], [-120.286683, 48.0210069], [-120.2866019, 48.0209984], [-120.2865509, 48.0209476], [-120.2864984, 48.0208903], [-120.2864441, 48.0208165], [-120.2863929, 48.0208082], [-120.286398, 48.020764], [-120.2863324, 48.0206903], [-120.286276, 48.0206214], [-120.2862156, 48.0206156], [-120.2861889, 48.0205885], [-120.2861157, 48.0205892], [-120.2860255, 48.0205711], [-120.2859732, 48.0205415], [-120.2859221, 48.0204953], [-120.285357, 48.0202601], [-120.285312, 48.020187], [-120.284993, 48.0199494], [-120.284684, 48.0199067], [-120.284593, 48.0199311], [-120.283928, 48.0198575], [-120.2837089, 48.0199067], [-120.283591, 48.0199919], [-120.283272, 48.019925], [-120.283081, 48.0198275], [-120.282899, 48.0197055], [-120.2825439, 48.0194983], [-120.282289, 48.0194375], [-120.282234, 48.0193642], [-120.281879, 48.019279], [-120.281852, 48.019218], [-120.281506, 48.0191083], [-120.281387, 48.0192303], [-120.2812229, 48.0192486], [-120.281132, 48.0192059], [-120.280987, 48.0191144], [-120.28075, 48.0189378], [-120.280349, 48.0188585], [-120.2799119, 48.0186695], [-120.2797119, 48.0187428], [-120.27963, 48.0188464], [-120.2794109, 48.0188464], [-120.279302, 48.0188159], [-120.279011, 48.0187306], [-120.2788189, 48.0186392], [-120.27861, 48.0186026], [-120.27851, 48.0185172], [-120.278337, 48.0184928], [-120.278155, 48.0183772], [-120.2777269, 48.0184198], [-120.277663, 48.0183344], [-120.277317, 48.0182675], [-120.2772529, 48.0183772], [-120.277089, 48.0183223], [-120.2770349, 48.0182492], [-120.276625, 48.018042], [-120.2766069, 48.0178774], [-120.2765889, 48.0177617], [-120.276425, 48.0177676], [-120.276379, 48.0177008], [-120.2762609, 48.0177008], [-120.276106, 48.0175728], [-120.27576, 48.0175972], [-120.2753409, 48.0177617], [-120.2752409, 48.0176276], [-120.275114, 48.0175789], [-120.2749679, 48.0174021], [-120.274986, 48.017335], [-120.274877, 48.0172253], [-120.27494, 48.0171584], [-120.2747489, 48.0170426], [-120.274531, 48.0170242], [-120.274494, 48.0168901], [-120.2743329, 48.0168181], [-120.2742029, 48.0168414], [-120.274139, 48.0167318], [-120.274085, 48.0164698], [-120.273984, 48.0163539], [-120.273866, 48.0162322], [-120.273474, 48.0159762], [-120.2734559, 48.0157872], [-120.273292, 48.0157507], [-120.273288, 48.0156317], [-120.2730699, 48.0155463], [-120.2730969, 48.0153693], [-120.272815, 48.0149668], [-120.2726509, 48.0147838], [-120.272597, 48.0146191], [-120.272533, 48.0144544], [-120.272415, 48.0144239], [-120.272461, 48.0141617], [-120.2723329, 48.0140398], [-120.272052, 48.0140886], [-120.271934, 48.0140214], [-120.271782, 48.0138115], [-120.271607, 48.0139361], [-120.271434, 48.0138872], [-120.2712249, 48.0137225], [-120.2708799, 48.0137165], [-120.270798, 48.0136127], [-120.270569, 48.0135313], [-120.270416, 48.0136007], [-120.270371, 48.0137469], [-120.27008, 48.0136127], [-120.269635, 48.0136251], [-120.269553, 48.0135519], [-120.2691429, 48.0135261], [-120.268871, 48.0136188], [-120.2684799, 48.013497], [-120.2679349, 48.0134603], [-120.267926, 48.0134116], [-120.267654, 48.0133018], [-120.267218, 48.0132102], [-120.267108, 48.0132713], [-120.266945, 48.0132163], [-120.266718, 48.0132469], [-120.266599, 48.0131677], [-120.266291, 48.0131065], [-120.266082, 48.0132407], [-120.2658, 48.0132469], [-120.265564, 48.013064], [-120.265163, 48.0130734], [-120.264837, 48.0131249], [-120.264646, 48.013064], [-120.2642639, 48.0130516], [-120.264016, 48.0128864], [-120.2635189, 48.012948], [-120.2632009, 48.012948], [-120.26321, 48.0128688], [-120.2628559, 48.0128444], [-120.2625829, 48.012704], [-120.262364, 48.0127019], [-120.261929, 48.0129237], [-120.261702, 48.0127407], [-120.261329, 48.0128625], [-120.2610289, 48.0128261], [-120.260793, 48.0128869], [-120.260493, 48.0128382], [-120.2602659, 48.0129054], [-120.260084, 48.0128688], [-120.259775, 48.0126919], [-120.25923, 48.012637], [-120.258848, 48.0126186], [-120.2586569, 48.0125572], [-120.2584579, 48.0125699], [-120.2576939, 48.0123625], [-120.257331, 48.0124967], [-120.2570759, 48.0124844], [-120.256913, 48.0124295], [-120.2567085, 48.0122302], [-120.2565859, 48.0120942], [-120.256331, 48.0120332], [-120.256259, 48.0119295], [-120.256095, 48.0119295], [-120.2559949, 48.0118441], [-120.255659, 48.0117892], [-120.255632, 48.0116732], [-120.255459, 48.0115758], [-120.255313, 48.0115878], [-120.254936, 48.0114432], [-120.2537537, 48.0109395], [-120.2536789, 48.0109377], [-120.2536082, 48.0109326], [-120.2534476, 48.0109201], [-120.2534056, 48.0109633], [-120.2534077, 48.011032], [-120.2533246, 48.0110695], [-120.2531374, 48.0110766], [-120.2529833, 48.0110311], [-120.2528906, 48.0110424], [-120.2527908, 48.0110078], [-120.2527176, 48.0110142], [-120.2526478, 48.0109774], [-120.2526031, 48.0109845], [-120.2525579, 48.0109861], [-120.2525031, 48.0109712], [-120.2524227, 48.0109661], [-120.2523543, 48.0109807], [-120.2522787, 48.0109789], [-120.2521935, 48.0109329], [-120.2521374, 48.0109434], [-120.2519435, 48.0109463], [-120.2518825, 48.0109478], [-120.2518362, 48.0109363], [-120.2517374, 48.0109385], [-120.2516728, 48.0109347], [-120.2514426, 48.0108642], [-120.2513405, 48.0108026], [-120.2512661, 48.0108], [-120.2512138, 48.0107746], [-120.2511871, 48.01075], [-120.2511517, 48.0106923], [-120.2510766, 48.0106532], [-120.251056, 48.0106212], [-120.2510479, 48.0105643], [-120.2510711, 48.0105263], [-120.251159, 48.0105028], [-120.251157, 48.0104491], [-120.2509659, 48.0096136], [-120.2507479, 48.0094732], [-120.250484, 48.0094427], [-120.2503299, 48.0091744], [-120.249848, 48.0092354], [-120.249421, 48.0089304], [-120.248976, 48.0089365], [-120.248812, 48.0087049], [-120.248567, 48.0084366], [-120.2479794, 48.008279], [-120.2479184, 48.0082733], [-120.24785, 48.0082822], [-120.247738, 48.0082558], [-120.2476172, 48.008258], [-120.247561, 48.0082889], [-120.2474342, 48.0082838], [-120.247386, 48.0082536], [-120.2473443, 48.0082042], [-120.2473097, 48.0081815], [-120.2472079, 48.0081761], [-120.2471125, 48.0082089], [-120.2469751, 48.0081708], [-120.2469115, 48.0081869], [-120.2468392, 48.0082272], [-120.2466763, 48.0081684], [-120.24648, 48.0080697], [-120.2463758, 48.0080098], [-120.246286, 48.0079487], [-120.2462258, 48.0080177], [-120.2461185, 48.008006], [-120.2461226, 48.0079146], [-120.246079, 48.0078651], [-120.2459775, 48.0077923], [-120.2457139, 48.0076803], [-120.245578, 48.0075948], [-120.2455881, 48.0075191], [-120.2455053, 48.0074613], [-120.2453821, 48.0074823], [-120.2453443, 48.0074716], [-120.2453298, 48.0074511], [-120.2454179, 48.0073917], [-120.2453572, 48.00733], [-120.2453025, 48.0072931], [-120.2452297, 48.0072914], [-120.2448905, 48.007194], [-120.2448312, 48.0071554], [-120.244878, 48.0070582], [-120.2449006, 48.0069313], [-120.2449327, 48.0068529], [-120.2450562, 48.0067792], [-120.2450392, 48.0067524], [-120.2449795, 48.0067433], [-120.2449589, 48.0067204], [-120.2449457, 48.0066884], [-120.24476, 48.0065703], [-120.244487, 48.0062654], [-120.244269, 48.0062288], [-120.244215, 48.0061007], [-120.243942, 48.0060946], [-120.243779, 48.0058445], [-120.243151, 48.0058689], [-120.243015, 48.0060336], [-120.242806, 48.0059969], [-120.242734, 48.0059238], [-120.2425339, 48.00593], [-120.2425059, 48.0058568], [-120.242143, 48.0058383], [-120.24207, 48.0057165], [-120.241725, 48.0056982], [-120.2416159, 48.0057714], [-120.241289, 48.0057165], [-120.241216, 48.0055213], [-120.241089, 48.0054053], [-120.240744, 48.0053809], [-120.2406069, 48.0052773], [-120.2402349, 48.0052042], [-120.240126, 48.0050883], [-120.240017, 48.0049784], [-120.2398169, 48.0050028], [-120.239671, 48.0048383], [-120.2394439, 48.0047407], [-120.239408, 48.0045334], [-120.239235, 48.0043748], [-120.2389719, 48.0042589], [-120.2389989, 48.0041185], [-120.2385809, 48.0040211], [-120.2384809, 48.0038869], [-120.2383089, 48.0036917], [-120.238027, 48.0034905], [-120.237536, 48.0036368], [-120.237018, 48.0036186], [-120.2368999, 48.0034539], [-120.236491, 48.0034295], [-120.2364369, 48.0033258], [-120.236373, 48.0031183], [-120.2361819, 48.0030575], [-120.236091, 48.0030758], [-120.235637, 48.0028867], [-120.2353009, 48.0027342], [-120.235137, 48.0025329], [-120.2348009, 48.0024903], [-120.234793, 48.0024079], [-120.234492, 48.0024231], [-120.234156, 48.0023682], [-120.233884, 48.0024719], [-120.233538, 48.0024482], [-120.2330569, 48.0024719], [-120.232711, 48.0024293], [-120.232348, 48.0023377], [-120.2321389, 48.0024903], [-120.231957, 48.0024659], [-120.231439, 48.0027647], [-120.231339, 48.0027037], [-120.230894, 48.0028561], [-120.2306019, 48.0028481], [-120.230276, 48.0028684], [-120.230149, 48.0030026], [-120.2299669, 48.0029721], [-120.229786, 48.0031123], [-120.2296219, 48.0031123], [-120.228922, 48.0029721], [-120.228782, 48.0030349], [-120.228047, 48.002829], [-120.227719, 48.0027832], [-120.227617, 48.0027008], [-120.227447, 48.0026826], [-120.227454, 48.0026049], [-120.227058, 48.0025453], [-120.2270039, 48.0024904], [-120.226656, 48.0024081], [-120.226282, 48.0022664], [-120.225995, 48.0022206], [-120.225736, 48.0020743], [-120.225634, 48.0019507], [-120.224666, 48.0014477], [-120.224203, 48.0013288], [-120.223821, 48.0012327], [-120.2236672, 48.0011668], [-120.2235564, 48.0011917], [-120.2234636, 48.0012128], [-120.223304, 48.0011731], [-120.2231665, 48.0011401], [-120.2230494, 48.0011322], [-120.2229277, 48.0011002], [-120.2227546, 48.0011031], [-120.2225739, 48.0010544], [-120.2223694, 48.000988], [-120.2222236, 48.0009922], [-120.222109, 48.001004], [-120.2218627, 48.0009561], [-120.2216044, 48.0009531], [-120.2213908, 48.0009165], [-120.2211765, 48.0008536], [-120.2211078, 48.0007866], [-120.2210097, 48.000658], [-120.2208725, 48.0005422], [-120.2208045, 48.0004995], [-120.2207168, 48.0004764], [-120.2206858, 48.0004315], [-120.2206734, 48.0003879], [-120.2206832, 48.0003357], [-120.2207616, 48.0002997], [-120.2207666, 48.0002752], [-120.2206789, 48.0002684], [-120.2205179, 48.0002208], [-120.2204941, 48.0001714], [-120.2205211, 48.0001322], [-120.2204798, 48.0001058], [-120.220339, 48.0000744], [-120.2202453, 48.0000737], [-120.2201998, 48.0000185], [-120.2201111, 47.9999927], [-120.220018, 47.9999646], [-120.2199906, 47.9999296], [-120.219991, 47.999861], [-120.219782, 47.9997025], [-120.219437, 47.9996901], [-120.219319, 47.9995195], [-120.2188639, 47.9994523], [-120.21871, 47.9993548], [-120.218501, 47.9993244], [-120.2184459, 47.9990742], [-120.218137, 47.9990316], [-120.217956, 47.9986473], [-120.217847, 47.9984277], [-120.217647, 47.998379], [-120.2175109, 47.9982142], [-120.217192, 47.998074], [-120.216811, 47.9980071], [-120.2167649, 47.997891], [-120.2165199, 47.9978972], [-120.2165659, 47.9977448], [-120.216338, 47.9976106], [-120.216057, 47.9975802], [-120.2160479, 47.9975009], [-120.2161479, 47.9974521], [-120.2161749, 47.9973788], [-120.21602, 47.9973362], [-120.215957, 47.9972081], [-120.215884, 47.9971897], [-120.215748, 47.9972813], [-120.2156569, 47.9971777], [-120.215548, 47.9970373], [-120.215402, 47.9969886], [-120.215275, 47.9970555], [-120.215148, 47.9969275], [-120.215148, 47.9967751], [-120.21493, 47.9966166], [-120.2146678, 47.996556], [-120.2145221, 47.9965516], [-120.2144319, 47.9965465], [-120.2143825, 47.9965605], [-120.2143364, 47.9966133], [-120.2142852, 47.9966165], [-120.2142216, 47.9966458], [-120.2141178, 47.9966347], [-120.2140415, 47.9965831], [-120.213954, 47.9965462], [-120.2138908, 47.9965059], [-120.2138497, 47.9964305], [-120.2137921, 47.9963908], [-120.2137427, 47.9963893], [-120.2136962, 47.9964039], [-120.2136357, 47.9963883], [-120.2135139, 47.9963102], [-120.2134556, 47.9962708], [-120.2133828, 47.9961953], [-120.2133683, 47.9961854], [-120.2133242, 47.9962099], [-120.2132801, 47.9962458], [-120.2132033, 47.9962394], [-120.2131413, 47.9962242], [-120.2130608, 47.9962305], [-120.2129642, 47.9962729], [-120.2128996, 47.9962694], [-120.2127829, 47.9962167], [-120.2126583, 47.9961322], [-120.2126349, 47.9960707], [-120.2125197, 47.9960164], [-120.2124598, 47.9959852], [-120.2124187, 47.9959245], [-120.2124632, 47.9958052], [-120.2124683, 47.9957659], [-120.212449, 47.9957282], [-120.212362, 47.9956038], [-120.2121426, 47.9951296], [-120.21206, 47.9950037], [-120.211922, 47.9948704], [-120.2116352, 47.9946537], [-120.2114031, 47.9944963], [-120.2113166, 47.9944098], [-120.2112379, 47.9942682], [-120.2112103, 47.9941462], [-120.2111867, 47.9939496], [-120.2111867, 47.993686], [-120.2111553, 47.993509], [-120.2110963, 47.9933635], [-120.2110039, 47.9932328], [-120.2108878, 47.9931078], [-120.2106872, 47.9930134], [-120.210388, 47.9928973], [-120.2101562, 47.9928561], [-120.2098494, 47.9928482], [-120.209456, 47.9928521], [-120.2091099, 47.9927931], [-120.2088272, 47.9926173], [-120.2084583, 47.9922153], [-120.2081571, 47.9918544], [-120.2080784, 47.991762], [-120.207985, 47.991613], [-120.2079248, 47.9913944], [-120.2078867, 47.9911336], [-120.2078518, 47.990969], [-120.2078266, 47.990896], [-120.2077576, 47.9908324], [-120.2076177, 47.9907802], [-120.207439, 47.9907474], [-120.2072844, 47.9907034], [-120.2072073, 47.9906644], [-120.2071553, 47.9905989], [-120.2070533, 47.9904147], [-120.2069415, 47.9901461], [-120.2067189, 47.989887], [-120.2064356, 47.9896623], [-120.2060437, 47.9895119], [-120.205821, 47.9891322], [-120.2057228, 47.9888286], [-120.205589, 47.9885729], [-120.2053645, 47.9883489], [-120.2051757, 47.9882257], [-120.2048607, 47.9880567], [-120.2047001, 47.9879711], [-120.2045843, 47.9878807], [-120.2045231, 47.9878059], [-120.204468, 47.9877115], [-120.2044157, 47.9875505], [-120.2043972, 47.9874007], [-120.2043998, 47.9871962], [-120.2044766, 47.9869657], [-120.2044995, 47.9868225], [-120.2044816, 47.9866867], [-120.2043534, 47.9863562], [-120.2041418, 47.9859913], [-120.203831, 47.9855725], [-120.2035456, 47.9853829], [-120.2032875, 47.9852538], [-120.2031093, 47.9850325], [-120.2028026, 47.9846479], [-120.2027022, 47.9845765], [-120.2026121, 47.9845517], [-120.2024952, 47.9845448], [-120.2022947, 47.9844976], [-120.2022008, 47.9844312], [-120.2021157, 47.9843917], [-120.2019616, 47.9843924], [-120.2018346, 47.9843281], [-120.2017309, 47.9843334], [-120.201643, 47.9843463], [-120.2015909, 47.984344], [-120.2015678, 47.9842904], [-120.2015884, 47.9841861], [-120.2015916, 47.9840399], [-120.2015906, 47.9838988], [-120.2015385, 47.9838698], [-120.2014995, 47.983868], [-120.2014555, 47.9838892], [-120.2013653, 47.9838906], [-120.2012657, 47.9838183], [-120.2014021, 47.9836463], [-120.2014232, 47.9835634], [-120.2013894, 47.9834995], [-120.2013109, 47.9834439], [-120.2012852, 47.9833945], [-120.2012807, 47.9833159], [-120.201356, 47.9832206], [-120.2013729, 47.9831237], [-120.2013626, 47.9830641], [-120.2013899, 47.982979], [-120.2014105, 47.9828676], [-120.2013579, 47.9827177], [-120.2012776, 47.9826199], [-120.2011753, 47.9825684], [-120.201078, 47.9825282], [-120.2008579, 47.9824381], [-120.1998591, 47.9821845], [-120.199137, 47.981762], [-120.1986914, 47.9813548], [-120.1982121, 47.9807579], [-120.1978429, 47.9800467], [-120.1975352, 47.9788832], [-120.1972475, 47.9777419], [-120.1969352, 47.9767876], [-120.1968674, 47.9766254], [-120.1967093, 47.9764858], [-120.1965478, 47.9763943], [-120.196402, 47.9762553], [-120.1962036, 47.9759961], [-120.1959986, 47.9756311], [-120.1958988, 47.975347], [-120.1958011, 47.9748891], [-120.1956364, 47.9744407], [-120.1954221, 47.9738598], [-120.1952403, 47.9736004], [-120.1951416, 47.9734553], [-120.1949932, 47.9733502], [-120.1947687, 47.9732113], [-120.1946795, 47.9731592], [-120.1945657, 47.9731131], [-120.1944627, 47.9730746], [-120.1943704, 47.9730587], [-120.194311, 47.9730539], [-120.1942443, 47.9730587], [-120.1941423, 47.9730705], [-120.1940553, 47.9730643], [-120.1939651, 47.9730451], [-120.1938783, 47.9730117], [-120.1936889, 47.9729187], [-120.1935989, 47.9728485], [-120.1935099, 47.9727565], [-120.1934951, 47.9726383], [-120.1935099, 47.9725102], [-120.1934753, 47.972401], [-120.1934036, 47.972346], [-120.1932974, 47.972288], [-120.1931766, 47.9721431], [-120.1930119, 47.9718554], [-120.1929271, 47.9715624], [-120.1928855, 47.9714711], [-120.1928383, 47.9714043], [-120.1927903, 47.9713505], [-120.1927194, 47.9713064], [-120.1925951, 47.9712718], [-120.1925382, 47.9712482], [-120.1924966, 47.9712087], [-120.192483, 47.9711563], [-120.1924869, 47.9710851], [-120.1925214, 47.9710263], [-120.1927484, 47.9707849], [-120.1928909, 47.9705582], [-120.1929994, 47.9703525], [-120.1930623, 47.9700991], [-120.1930764, 47.9699425], [-120.1930591, 47.9698275], [-120.1929429, 47.9696507], [-120.1926672, 47.9694234], [-120.1925608, 47.9693034], [-120.1923282, 47.9690581], [-120.1920565, 47.9688529], [-120.1918951, 47.9686954], [-120.1918662, 47.9686485], [-120.1918532, 47.9686202], [-120.1918433, 47.9685799], [-120.1918376, 47.9685445], [-120.1918434, 47.9685156], [-120.1918521, 47.9684875], [-120.1918636, 47.96847], [-120.1918921, 47.9684543], [-120.1919231, 47.9684333], [-120.1919429, 47.9684133], [-120.1919586, 47.9683864], [-120.1919704, 47.9683589], [-120.1919743, 47.968332], [-120.1919782, 47.9682827], [-120.1919743, 47.9682405], [-120.1919636, 47.9681981], [-120.1919445, 47.968164], [-120.1918688, 47.9679987], [-120.1917773, 47.9678794], [-120.1916599, 47.967796], [-120.1914806, 47.9677713], [-120.1913725, 47.9676785], [-120.1913075, 47.9675549], [-120.1912536, 47.9673839], [-120.1912167, 47.9673025], [-120.1911561, 47.9672397], [-120.1911009, 47.9671554], [-120.191045, 47.9670308], [-120.1909964, 47.9668199], [-120.1909774, 47.9665588], [-120.1909663, 47.9664717], [-120.1909403, 47.966407], [-120.1908777, 47.9663182], [-120.1906717, 47.966089], [-120.1905268, 47.9658656], [-120.1903872, 47.965785], [-120.1902734, 47.9657009], [-120.1901767, 47.9655758], [-120.1901057, 47.9655389], [-120.1900151, 47.9655209], [-120.1900076, 47.9654753], [-120.190074, 47.965418], [-120.1900833, 47.9653768], [-120.1900436, 47.9653545], [-120.1899599, 47.9653734], [-120.1898941, 47.9653765], [-120.1898262, 47.9653272], [-120.1897081, 47.9653216], [-120.189639, 47.9652547], [-120.1895268, 47.9652577], [-120.1894684, 47.9652445], [-120.1894648, 47.9651672], [-120.1894156, 47.9650626], [-120.189263, 47.9649591], [-120.1891583, 47.9649359], [-120.1890291, 47.9649438], [-120.1889462, 47.9649518], [-120.1889025, 47.9649238], [-120.1889036, 47.9647454], [-120.1888114, 47.9646683], [-120.1885577, 47.964575], [-120.1882173, 47.9644099], [-120.188187, 47.9643425], [-120.1882095, 47.964246], [-120.1881934, 47.9641992], [-120.1881466, 47.9641771], [-120.1881712, 47.9641265], [-120.188213, 47.9640676], [-120.1882021, 47.9640009], [-120.1881339, 47.9639409], [-120.1880191, 47.9638936], [-120.1880245, 47.9637955], [-120.1881125, 47.963763], [-120.1881682, 47.963707], [-120.1882562, 47.9636544], [-120.188292, 47.9636181], [-120.1883624, 47.9635258], [-120.188376, 47.9634759], [-120.1883748, 47.9634368], [-120.1883618, 47.9633797], [-120.1883451, 47.9633379], [-120.1883213, 47.9632977], [-120.1882847, 47.963267], [-120.1882292, 47.9632359], [-120.1881695, 47.9632266], [-120.188064, 47.9632396], [-120.188054, 47.9631597], [-120.1879757, 47.9631407], [-120.1879172, 47.9630599], [-120.1877864, 47.9629141], [-120.1876724, 47.9628113], [-120.1875517, 47.962778], [-120.1874806, 47.9627313], [-120.1874967, 47.9626218], [-120.1874809, 47.9625587], [-120.1873197, 47.9624673], [-120.1872996, 47.9623694], [-120.1873444, 47.9623215], [-120.1872727, 47.962224], [-120.1871908, 47.9621549], [-120.1870575, 47.9620863], [-120.186904, 47.96202], [-120.1866109, 47.9618903], [-120.1865157, 47.9618379], [-120.186453, 47.9617854], [-120.1864084, 47.9616897], [-120.1863871, 47.9616482], [-120.1864075, 47.9615908], [-120.1864029, 47.9615844], [-120.1863997, 47.9615597], [-120.1863934, 47.9615397], [-120.1863854, 47.9615238], [-120.1863761, 47.9615106], [-120.186366, 47.9615015], [-120.1863518, 47.9614917], [-120.1863258, 47.9614787], [-120.1862885, 47.9614727], [-120.1861791, 47.961453], [-120.1861898, 47.9613802], [-120.1861589, 47.9613699], [-120.1860784, 47.9613696], [-120.1860038, 47.9613263], [-120.185994, 47.9613201], [-120.1859704, 47.9613153], [-120.1859524, 47.9613308], [-120.1859008, 47.9613367], [-120.1858678, 47.9613243], [-120.1858471, 47.9613048], [-120.1858321, 47.9612596], [-120.1857878, 47.9611571], [-120.1856539, 47.9609587], [-120.1856005, 47.9608596], [-120.1855811, 47.9608064], [-120.1855706, 47.9607517], [-120.1855701, 47.9606891], [-120.185574, 47.9606431], [-120.185585, 47.9605892], [-120.1856043, 47.9605398], [-120.1856901, 47.9604395], [-120.18587, 47.9603088], [-120.1859099, 47.9602623], [-120.1859281, 47.9602182], [-120.1859376, 47.9601497], [-120.1859314, 47.96008], [-120.1859095, 47.960017], [-120.1856769, 47.9595364], [-120.1856423, 47.9594689], [-120.1855974, 47.9594062], [-120.1855538, 47.9593641], [-120.185473, 47.9593091], [-120.1853224, 47.9592298], [-120.1851466, 47.959158], [-120.1850616, 47.9591171], [-120.1849891, 47.9590702], [-120.1849354, 47.9590114], [-120.184899, 47.958957], [-120.184874, 47.9588988], [-120.1848451, 47.9588196], [-120.1848352, 47.9587075], [-120.1848401, 47.958605], [-120.1848695, 47.9584036], [-120.1848185, 47.9582608], [-120.1848878, 47.9581932], [-120.1849003, 47.9580515], [-120.184958, 47.9579276], [-120.1848909, 47.9579267], [-120.1848547, 47.9578908], [-120.1848426, 47.9578477], [-120.1848346, 47.9577713], [-120.1850206, 47.9576776], [-120.1850009, 47.9573896], [-120.1850519, 47.9572944], [-120.1850384, 47.9571193], [-120.1849955, 47.9569639], [-120.1850599, 47.9568472], [-120.1851726, 47.9568579], [-120.1852584, 47.9567717], [-120.1852262, 47.9566693], [-120.1850975, 47.9565059], [-120.1852423, 47.9562921], [-120.1854113, 47.9562795], [-120.1854837, 47.9562059], [-120.1854036, 47.9561416], [-120.185499, 47.9559563], [-120.1856444, 47.9557902], [-120.1861324, 47.955556], [-120.1865815, 47.9553217], [-120.1868082, 47.9551317], [-120.1869648, 47.954887], [-120.1870515, 47.9546017], [-120.1870619, 47.9543102], [-120.1869526, 47.9538469], [-120.1868797, 47.9535814], [-120.1868921, 47.9533454], [-120.1869294, 47.9532869], [-120.1869965, 47.9531629], [-120.1870058, 47.9530488], [-120.1869796, 47.9530101], [-120.1870632, 47.9528513], [-120.1870521, 47.9527924], [-120.1870434, 47.9527547], [-120.1870639, 47.9527352], [-120.1870548, 47.9526565], [-120.187081, 47.9526482], [-120.187038, 47.9525189], [-120.1870233, 47.9525256], [-120.1869928, 47.9524509], [-120.1869368, 47.9523914], [-120.18685, 47.9523194], [-120.1866818, 47.952279], [-120.1866692, 47.9522903], [-120.1864962, 47.9522503], [-120.186508, 47.9522187], [-120.1863565, 47.9521799], [-120.1862563, 47.9521289], [-120.1862148, 47.9521009], [-120.1861884, 47.9520596], [-120.1862107, 47.9520259], [-120.1862114, 47.9519445], [-120.1862408, 47.9517873], [-120.1862606, 47.9516378], [-120.1863336, 47.9512838], [-120.1863602, 47.951124], [-120.1863576, 47.9510094], [-120.1863417, 47.9508647], [-120.1862571, 47.9505198], [-120.1860857, 47.9499926], [-120.1860254, 47.9498931], [-120.1859204, 47.949759], [-120.1858738, 47.9496424], [-120.1858561, 47.9494771], [-120.1859056, 47.9492799], [-120.1859198, 47.9492308], [-120.185936, 47.9491943], [-120.1860236, 47.9490998], [-120.1861385, 47.9489953], [-120.18616, 47.9489698], [-120.186178, 47.9489368], [-120.1861882, 47.9489027], [-120.1861892, 47.9488714], [-120.1861801, 47.948833], [-120.1861649, 47.9487988], [-120.1861461, 47.9487726], [-120.1861172, 47.9487448], [-120.1860876, 47.9487239], [-120.186054, 47.9487097], [-120.1860169, 47.9486997], [-120.1859732, 47.9486915], [-120.185856, 47.9486808], [-120.1858027, 47.9486599], [-120.1857653, 47.9486392], [-120.1857276, 47.9485822], [-120.185704, 47.9485342], [-120.1856787, 47.9484643], [-120.1856667, 47.9483983], [-120.1856674, 47.9483114], [-120.1856747, 47.9482465], [-120.1856909, 47.9481743], [-120.1857084, 47.948135], [-120.1857273, 47.948106], [-120.1857941, 47.9480401], [-120.1858811, 47.9479684], [-120.1860106, 47.9478785], [-120.1863911, 47.9476822], [-120.1865066, 47.9475882], [-120.1865863, 47.9475], [-120.1866431, 47.9474057], [-120.1866704, 47.9473255], [-120.1866784, 47.94724], [-120.1866738, 47.9471669], [-120.1866567, 47.9471072], [-120.1866183, 47.9470149], [-120.1865441, 47.9468957], [-120.186468, 47.9467443], [-120.1864025, 47.946505], [-120.1863647, 47.9463793], [-120.1862788, 47.9461684], [-120.1862685, 47.9461238], [-120.1862638, 47.9460724], [-120.1862694, 47.9460198], [-120.1862808, 47.9459764], [-120.1864468, 47.9457113], [-120.18655, 47.9455224], [-120.1866281, 47.9453629], [-120.1867146, 47.9451385], [-120.1867279, 47.9450736], [-120.1867268, 47.945027], [-120.1867203, 47.9449743], [-120.1866954, 47.9449353], [-120.1865672, 47.9448565], [-120.1865038, 47.9447824], [-120.1864431, 47.9446795], [-120.1864225, 47.9446198], [-120.1864194, 47.9445533], [-120.1864257, 47.9444735], [-120.1864586, 47.9444004], [-120.186538, 47.944312], [-120.1866706, 47.944204], [-120.1869342, 47.9440593], [-120.1870164, 47.9439909], [-120.1870737, 47.9439197], [-120.1871282, 47.9438305], [-120.1871641, 47.9437387], [-120.1871703, 47.9436625], [-120.1871548, 47.9435364], [-120.1871582, 47.9434263], [-120.187174, 47.9432917], [-120.1872243, 47.9431671], [-120.1873169, 47.9430182], [-120.1874072, 47.9428877], [-120.187538, 47.9427738], [-120.1875858, 47.9427157], [-120.1876228, 47.9426565], [-120.1876389, 47.9426094], [-120.1876523, 47.9425473], [-120.1876578, 47.9424415], [-120.1876784, 47.9419712], [-120.1877129, 47.9418247], [-120.1877616, 47.9417147], [-120.1878536, 47.9415356], [-120.1880575, 47.9411517], [-120.1881707, 47.9410027], [-120.1882796, 47.9409094], [-120.1883374, 47.9408692], [-120.1883843, 47.9408528], [-120.1884361, 47.9408425], [-120.1885191, 47.9408448], [-120.1885549, 47.9408417], [-120.188582, 47.9408359], [-120.1886015, 47.9408241], [-120.1886199, 47.940809], [-120.1886322, 47.9407929], [-120.1886449, 47.94077], [-120.1886588, 47.9407404], [-120.1886655, 47.9407169], [-120.1886666, 47.940691], [-120.1886594, 47.9406688], [-120.1886264, 47.9405998], [-120.1886165, 47.9405638], [-120.18861, 47.9405211], [-120.1886132, 47.9404806], [-120.188621, 47.9404481], [-120.1886393, 47.940404], [-120.1886587, 47.9403706], [-120.188698, 47.9403201], [-120.1887392, 47.9402703], [-120.1887585, 47.9402556], [-120.1887808, 47.9402464], [-120.1888095, 47.9402418], [-120.1888463, 47.9402386], [-120.1889643, 47.9402377], [-120.1890243, 47.9402269], [-120.1890934, 47.9401975], [-120.1892183, 47.940117], [-120.1893396, 47.9399907], [-120.1904577, 47.9389331], [-120.1905581, 47.9388139], [-120.1906581, 47.9386594], [-120.1906902, 47.9385649], [-120.1906975, 47.9384824], [-120.1907088, 47.9383058], [-120.1906975, 47.9381888], [-120.1906418, 47.9378607], [-120.1905914, 47.9374367], [-120.1905998, 47.9373088], [-120.1906353, 47.9372174], [-120.1906845, 47.9371462], [-120.190763, 47.9370935], [-120.191041, 47.9369547], [-120.1914087, 47.9368249], [-120.1915623, 47.9367166], [-120.191684, 47.9365763], [-120.1917449, 47.9364493], [-120.1917592, 47.9363363], [-120.1917423, 47.936182], [-120.191737, 47.9360338], [-120.1918058, 47.9358433], [-120.1918746, 47.9357242], [-120.1920625, 47.9354728], [-120.1923012, 47.9351021], [-120.1923698, 47.9349973], [-120.1924228, 47.9349685], [-120.1924916, 47.934947], [-120.1925312, 47.9349143], [-120.1925657, 47.9348624], [-120.1925832, 47.9347935], [-120.1925941, 47.9347203], [-120.1925948, 47.9346665], [-120.1925832, 47.9345198], [-120.192563, 47.934349], [-120.1925797, 47.9341685], [-120.1926089, 47.9340336], [-120.1927495, 47.9336663], [-120.1929624, 47.9331315], [-120.1930337, 47.9330126], [-120.1931051, 47.9329262], [-120.1931925, 47.9328453], [-120.1932771, 47.9327866], [-120.1933937, 47.9327351], [-120.1935062, 47.9326987], [-120.1936577, 47.9326715], [-120.1937625, 47.9326533], [-120.1937927, 47.9326457], [-120.1938213, 47.932628], [-120.1938426, 47.9325968], [-120.1938507, 47.9325662], [-120.1938504, 47.932533], [-120.1938402, 47.932502], [-120.1938039, 47.9324548], [-120.1937419, 47.9323724], [-120.1936219, 47.9322356], [-120.1935936, 47.9321842], [-120.193565, 47.9321148], [-120.1935112, 47.9319691], [-120.1934613, 47.9317762], [-120.1934588, 47.93163], [-120.1934694, 47.9314331], [-120.1934969, 47.9312786], [-120.1935286, 47.9311515], [-120.1935984, 47.9309606], [-120.1936938, 47.9308403], [-120.1938073, 47.9307269], [-120.1939279, 47.930617], [-120.1940043, 47.9304987], [-120.1940465, 47.9303651], [-120.1940657, 47.9302669], [-120.1940676, 47.930164], [-120.1940086, 47.9301206], [-120.1939407, 47.9299575], [-120.1939377, 47.9298196], [-120.1940002, 47.9296646], [-120.1940605, 47.9295122], [-120.194186, 47.9293485], [-120.1943138, 47.9291763], [-120.1945102, 47.9289902], [-120.1946231, 47.9289204], [-120.1949082, 47.9288196], [-120.1950243, 47.9287615], [-120.19515, 47.9286846], [-120.1953228, 47.9285498], [-120.195519, 47.9283598], [-120.195855, 47.9278472], [-120.1961222, 47.9273621], [-120.1967502, 47.9262519], [-120.197967, 47.9246178], [-120.1981947, 47.9243257], [-120.198386, 47.9240315], [-120.1986379, 47.9237928], [-120.1987566, 47.9237973], [-120.1988887, 47.9236441], [-120.1990047, 47.923622], [-120.1990765, 47.9235681], [-120.1991422, 47.9233915], [-120.1991603, 47.9233075], [-120.1991864, 47.9231561], [-120.199224, 47.9230099], [-120.1993306, 47.9227638], [-120.199417, 47.9225072], [-120.199458, 47.9223823], [-120.1994808, 47.9223787], [-120.1996003, 47.9220394], [-120.199902, 47.921473], [-120.2002331, 47.9212163], [-120.200735, 47.9206648], [-120.2012236, 47.9202336], [-120.2015415, 47.9198777], [-120.201741, 47.919562], [-120.2018604, 47.9193033], [-120.2019142, 47.9189577], [-120.2018743, 47.9183352], [-120.2017528, 47.9178859], [-120.2013763, 47.9170842], [-120.2005085, 47.9156634], [-120.1998211, 47.914552], [-120.1995413, 47.9141634], [-120.1991842, 47.9138758], [-120.1989814, 47.9135868], [-120.1988325, 47.9133869], [-120.1988181, 47.9133674], [-120.1987689, 47.9132346], [-120.1987312, 47.9131322], [-120.1986622, 47.9128609], [-120.198617, 47.9126825], [-120.1985482, 47.9124106], [-120.1981421, 47.9115282], [-120.1981682, 47.9107788], [-120.1980319, 47.9104894], [-120.1980232, 47.9102533], [-120.1980113, 47.9100493], [-120.1982328, 47.9097503], [-120.198352, 47.909173], [-120.1989349, 47.908289], [-120.199057, 47.9080591], [-120.1991636, 47.9078658], [-120.1992398, 47.9075985], [-120.1991483, 47.9073842], [-120.198953, 47.9070694], [-120.1989269, 47.907015], [-120.1989578, 47.9070033], [-120.1988229, 47.9067699], [-120.1986399, 47.9065223], [-120.1984222, 47.9062583], [-120.1982792, 47.906151], [-120.1982, 47.9061124], [-120.1980401, 47.9059901], [-120.1977199, 47.9057501], [-120.1974692, 47.9055846], [-120.1971775, 47.9054246], [-120.1969555, 47.9053023], [-120.1969213, 47.9053145], [-120.1968516, 47.9052875], [-120.1968291, 47.9052646], [-120.1966928, 47.9052461], [-120.1964242, 47.905141], [-120.1961903, 47.9050447], [-120.1960451, 47.9049975], [-120.195841, 47.9049095], [-120.1956399, 47.9048124], [-120.1952404, 47.9046261], [-120.1950836, 47.9045376], [-120.194514, 47.9042226], [-120.1944503, 47.9042046], [-120.194231, 47.9041026], [-120.1940603, 47.9040164], [-120.1939783, 47.9038855], [-120.1938495, 47.9037812], [-120.1936966, 47.9037156], [-120.1935947, 47.9036275], [-120.1934083, 47.9035007], [-120.1932862, 47.9034108], [-120.1932192, 47.9033281], [-120.1928182, 47.9029918], [-120.192609, 47.9028192], [-120.1924413, 47.9026915], [-120.1924046, 47.9026335], [-120.1922657, 47.9024901], [-120.1921107, 47.9023461], [-120.1920363, 47.9022888], [-120.1920256, 47.9022114], [-120.1919415, 47.9020501], [-120.1919089, 47.9019759], [-120.191884, 47.9018656], [-120.1918819, 47.9018347], [-120.1918698, 47.9016477], [-120.1918513, 47.9015096], [-120.1918932, 47.9013772], [-120.1919044, 47.9013435], [-120.1918894, 47.9011045], [-120.1918674, 47.901055], [-120.1918968, 47.9009595], [-120.1919411, 47.900914], [-120.1919176, 47.9008808], [-120.1919176, 47.9008241], [-120.1919918, 47.9008287], [-120.1920102, 47.9007581], [-120.1920001, 47.9006578], [-120.191983, 47.9005411], [-120.1919666, 47.9004474], [-120.1919875, 47.9003594], [-120.191984, 47.9002887], [-120.19198, 47.9001939], [-120.1919879, 47.9000464], [-120.1919866, 47.8998934], [-120.1919678, 47.8997851], [-120.191913, 47.8996328], [-120.1918381, 47.8995584], [-120.1916895, 47.8993577], [-120.1916005, 47.8992678], [-120.1915669, 47.8991851], [-120.1915373, 47.8990306], [-120.1915173, 47.8988695], [-120.19151, 47.89881], [-120.1915334, 47.8987661], [-120.191421, 47.8986569], [-120.1913859, 47.8986078], [-120.1913465, 47.8985339], [-120.1913375, 47.898395], [-120.1913547, 47.8982865], [-120.1913819, 47.8981259], [-120.1913924, 47.8980044], [-120.1913966, 47.8979658], [-120.1914211, 47.897825], [-120.1914421, 47.8976175], [-120.1914462, 47.8975792], [-120.1914288, 47.8974821], [-120.1913884, 47.8973834], [-120.1913788, 47.8973408], [-120.1913621, 47.8972634], [-120.191311, 47.8971503], [-120.1912423, 47.8970348], [-120.1911472, 47.8968604], [-120.1910187, 47.8966608], [-120.1910106, 47.8966293], [-120.1909632, 47.8964257], [-120.1909168, 47.8961005], [-120.1909046, 47.8960105], [-120.1909093, 47.8958267], [-120.1908708, 47.8957528], [-120.190851, 47.8955516], [-120.1908811, 47.8955277], [-120.1908725, 47.8952644], [-120.1908741, 47.8950756], [-120.1908702, 47.8950123], [-120.1908663, 47.8949241], [-120.1908383, 47.8948196], [-120.1907814, 47.894697], [-120.1907727, 47.8946652], [-120.1906963, 47.894544], [-120.1906601, 47.8944448], [-120.1906292, 47.8943599], [-120.1906033, 47.8942837], [-120.1905201, 47.894038], [-120.1904405, 47.8940202], [-120.1902569, 47.8936438], [-120.1901217, 47.8935044], [-120.1899146, 47.8933596], [-120.189726, 47.8932931], [-120.1895414, 47.893228], [-120.1890612, 47.8931362], [-120.1889894, 47.8931105], [-120.1889126, 47.8930766], [-120.1889001, 47.8930718], [-120.1887245, 47.8930049], [-120.1885055, 47.8929215], [-120.1883654, 47.8928681], [-120.1881967, 47.8927677], [-120.1880489, 47.8927344], [-120.1878038, 47.8926791], [-120.1876309, 47.8926399], [-120.1873925, 47.8925872], [-120.1873208, 47.892564], [-120.1870415, 47.8924736], [-120.1868604, 47.892468], [-120.1867155, 47.8924635], [-120.1865848, 47.8924677], [-120.1862905, 47.8925556], [-120.1862708, 47.8925585], [-120.1860307, 47.8925937], [-120.1859578, 47.8926101], [-120.1857391, 47.8926592], [-120.1855182, 47.8927497], [-120.1854628, 47.8927723], [-120.1850844, 47.8929052], [-120.1850899, 47.8930334], [-120.185, 47.8931189], [-120.1846749, 47.8931103], [-120.1845457, 47.8930481], [-120.1842018, 47.8928828], [-120.1840002, 47.8928038], [-120.1838586, 47.8927603], [-120.1834588, 47.8926372], [-120.1833408, 47.8926007], [-120.1830362, 47.8924236], [-120.1830189, 47.8924124], [-120.1830111, 47.892334], [-120.1829503, 47.8922452], [-120.1828831, 47.8921871], [-120.1828769, 47.8921075], [-120.1829165, 47.892021], [-120.1828748, 47.8919089], [-120.1828776, 47.891864], [-120.1828163, 47.8918091], [-120.1825065, 47.8916246], [-120.1823365, 47.891536], [-120.1823193, 47.891527], [-120.1820465, 47.8914246], [-120.1817643, 47.8913456], [-120.1815618, 47.8912531], [-120.1807949, 47.8908652], [-120.1806799, 47.8908688], [-120.1805724, 47.8908721], [-120.1802903, 47.8908429], [-120.1801885, 47.8908033], [-120.1801324, 47.8907467], [-120.1800247, 47.8906381], [-120.1800635, 47.8905283], [-120.1799293, 47.8904485], [-120.1799456, 47.8904117], [-120.1797074, 47.8903647], [-120.1796744, 47.8903635], [-120.17935, 47.8903517], [-120.1792801, 47.8903382], [-120.1790924, 47.8903019], [-120.1790179, 47.8902332], [-120.1788329, 47.8901034], [-120.1786099, 47.889946], [-120.178566, 47.8899508], [-120.1782626, 47.8899838], [-120.1779377, 47.8899212], [-120.1777603, 47.8897339], [-120.17732, 47.8894338], [-120.1772052, 47.8892594], [-120.1771347, 47.8892076], [-120.1768598, 47.8890057], [-120.1765634, 47.8887186], [-120.1767168, 47.8885967], [-120.1763671, 47.8883571], [-120.1759403, 47.888195], [-120.1758847, 47.8880004], [-120.1757298, 47.8879942], [-120.1756283, 47.8879901], [-120.1754525, 47.8879977], [-120.1753664, 47.8879676], [-120.1753717, 47.8878957], [-120.1749853, 47.8878497], [-120.1742922, 47.8878425], [-120.173866, 47.8878038], [-120.173601, 47.8878358], [-120.1734845, 47.8877912], [-120.1731659, 47.8877465], [-120.1723822, 47.8875135], [-120.1711804, 47.8870235], [-120.1706838, 47.8868011], [-120.1701726, 47.8864373], [-120.1697774, 47.8860868], [-120.1694358, 47.8857857], [-120.1690894, 47.8856048], [-120.1688178, 47.8854698], [-120.1685345, 47.8854485], [-120.168449, 47.8854338], [-120.1684279, 47.8853877], [-120.1682974, 47.8853448], [-120.1680473, 47.8853087], [-120.1678817, 47.8853052], [-120.1677261, 47.8852701], [-120.167601, 47.8852692], [-120.1675745, 47.8852107], [-120.1674579, 47.8852296], [-120.1674552, 47.8853124], [-120.1672554, 47.8853996], [-120.1672044, 47.8853636], [-120.1668513, 47.8854935], [-120.1667726, 47.8856182], [-120.1660806, 47.8858912], [-120.166043, 47.8858457], [-120.1659056, 47.8858916], [-120.1659391, 47.885932], [-120.1658895, 47.8859523], [-120.16586, 47.8859221], [-120.1658379, 47.8859132], [-120.1657842, 47.885932], [-120.1652412, 47.8860878], [-120.1652163, 47.8860497], [-120.1650821, 47.8860921], [-120.1650667, 47.8860642], [-120.1647985, 47.88612], [-120.164596, 47.886227], [-120.1645188, 47.8862098], [-120.1646583, 47.8861124], [-120.1644881, 47.8861188], [-120.1643383, 47.8861131], [-120.1639258, 47.8860739], [-120.163861, 47.8859841], [-120.1629626, 47.8858869], [-120.162891, 47.8858478], [-120.162706, 47.8857467], [-120.1622816, 47.8854493], [-120.1622511, 47.8854669], [-120.1622294, 47.8854795], [-120.1620388, 47.8855898], [-120.1615694, 47.885491], [-120.1615029, 47.8854162], [-120.1613562, 47.8853688], [-120.1611612, 47.885024], [-120.1611554, 47.8850176], [-120.1609667, 47.8848085], [-120.1607702, 47.8846503], [-120.1606297, 47.8845372], [-120.1605537, 47.8844451], [-120.1601323, 47.8839833], [-120.1601804, 47.8838761], [-120.160206, 47.883863], [-120.1600776, 47.8836221], [-120.1599611, 47.8833823], [-120.159892, 47.883234], [-120.1598686, 47.8832101], [-120.1598297, 47.8831916], [-120.1597694, 47.8831808], [-120.1597935, 47.8831332], [-120.1598163, 47.883054], [-120.1597962, 47.8829506], [-120.1597265, 47.8827777], [-120.1595519, 47.8824723], [-120.1593886, 47.8822994], [-120.1591404, 47.8821141], [-120.1590122, 47.8820146], [-120.1590299, 47.8819443], [-120.1589444, 47.8818871], [-120.1587882, 47.8818256], [-120.1587354, 47.8817214], [-120.1586289, 47.8816322], [-120.1585332, 47.8815561], [-120.1584752, 47.8814561], [-120.1583248, 47.8813214], [-120.1583158, 47.8813027], [-120.1581954, 47.8810531], [-120.1581578, 47.8806805], [-120.1582212, 47.8803083], [-120.1582549, 47.8801107], [-120.1582731, 47.8800044], [-120.1584227, 47.8795753], [-120.1586132, 47.879222], [-120.1589396, 47.878723], [-120.1591948, 47.8783692], [-120.1594744, 47.8780463], [-120.1597017, 47.8778715], [-120.1599647, 47.8777033], [-120.160207, 47.8776135], [-120.160447, 47.8775786], [-120.1606818, 47.8775872], [-120.1609644, 47.8776394], [-120.1612034, 47.8777553], [-120.1614222, 47.8778821], [-120.1616017, 47.8779416], [-120.1618309, 47.8779374], [-120.1620582, 47.8778791], [-120.1623312, 47.8777464], [-120.1625345, 47.8776148], [-120.1627495, 47.8774182], [-120.162896, 47.877248], [-120.1630107, 47.8770065], [-120.1630752, 47.8767761], [-120.1630993, 47.8762822], [-120.1630568, 47.8757898], [-120.1629736, 47.8753597], [-120.1629223, 47.8751422], [-120.1629518, 47.8751063], [-120.1629411, 47.8750244], [-120.1628968, 47.874947], [-120.1628368, 47.8749067], [-120.1627788, 47.8747383], [-120.1627326, 47.8745726], [-120.1627614, 47.8745431], [-120.1627721, 47.8745161], [-120.1627627, 47.8744793], [-120.1625295, 47.8742906], [-120.1623218, 47.8741228], [-120.1620989, 47.8739242], [-120.1618919, 47.873793], [-120.1617005, 47.8736705], [-120.1614769, 47.8735152], [-120.1612977, 47.8734092], [-120.1611703, 47.8733968], [-120.1610524, 47.873391], [-120.1609014, 47.8734368], [-120.1607606, 47.873465], [-120.1606776, 47.8734512], [-120.1605867, 47.8734189], [-120.1604449, 47.8733614], [-120.160171, 47.8732572], [-120.1597472, 47.8730925], [-120.1591842, 47.8728101], [-120.1587582, 47.8724561], [-120.1585862, 47.8723111], [-120.1585369, 47.8722812], [-120.1584812, 47.8722584], [-120.1584435, 47.872245], [-120.1584085, 47.8722437], [-120.1583726, 47.8722458], [-120.158336, 47.8722589], [-120.1583179, 47.872274], [-120.1583031, 47.8723034], [-120.158288, 47.8723757], [-120.1582661, 47.8725701], [-120.1582509, 47.8729816], [-120.15823, 47.8731952], [-120.1582064, 47.8733085], [-120.1581679, 47.8733929], [-120.1581022, 47.8734737], [-120.1580434, 47.8735654], [-120.1580042, 47.8736956], [-120.157999, 47.8737128], [-120.1579774, 47.8738954], [-120.1579806, 47.8741122], [-120.1579954, 47.8742915], [-120.1581154, 47.8747416], [-120.1582629, 47.8751107], [-120.1584394, 47.8754953], [-120.1585258, 47.8756921], [-120.1585485, 47.8757739], [-120.1585626, 47.875857], [-120.1585561, 47.8759388], [-120.1585354, 47.8760185], [-120.158497, 47.87611], [-120.1584541, 47.876191], [-120.1583645, 47.8763109], [-120.1576593, 47.8770519], [-120.1566275, 47.8779259], [-120.1557367, 47.8784322], [-120.1556807, 47.878454], [-120.1553461, 47.8785843], [-120.1549837, 47.878774], [-120.1546559, 47.8787507], [-120.154493, 47.8787073], [-120.1542855, 47.878673], [-120.1541218, 47.8786348], [-120.1539419, 47.8785342], [-120.1536879, 47.8784642], [-120.1536211, 47.8784196], [-120.1534252, 47.8783926], [-120.1532428, 47.8782934], [-120.1528424, 47.8781478], [-120.1521842, 47.8779287], [-120.1516455, 47.8777813], [-120.15145, 47.8777512], [-120.1512148, 47.8777408], [-120.1511097, 47.8777564], [-120.1509948, 47.8777734], [-120.1507453, 47.8778094], [-120.1503987, 47.8779024], [-120.1501065, 47.8779581], [-120.149818, 47.8779731], [-120.1494818, 47.8779549], [-120.1485044, 47.8777719], [-120.1474656, 47.8774541], [-120.1459353, 47.8770968], [-120.1452692, 47.8770008], [-120.1447706, 47.8769558], [-120.144279, 47.8769828], [-120.143835, 47.8770368], [-120.1434509, 47.8771208], [-120.1430129, 47.8772348], [-120.1425808, 47.8773008], [-120.1421668, 47.8772905], [-120.1416899, 47.8772273], [-120.1416738, 47.8772417], [-120.141643, 47.8772422], [-120.1416249, 47.8772318], [-120.1416235, 47.8772101], [-120.1409906, 47.8770565], [-120.1406271, 47.8769235], [-120.1406251, 47.8769836], [-120.1405144, 47.8769683], [-120.1405064, 47.876822], [-120.1402656, 47.8768016], [-120.1398951, 47.8767604], [-120.1398939, 47.8768655], [-120.1397893, 47.8769553], [-120.1397774, 47.8771333], [-120.1396898, 47.8773319], [-120.1395264, 47.8774993], [-120.1392251, 47.8776367], [-120.1390195, 47.8777151], [-120.1388073, 47.8778489], [-120.1381947, 47.8781467], [-120.1377951, 47.8783859], [-120.137655, 47.8784452], [-120.1374114, 47.8785276], [-120.137301, 47.8785774], [-120.1372755, 47.8786495], [-120.1369354, 47.878788], [-120.1368636, 47.8788762], [-120.1366939, 47.8789905], [-120.1364706, 47.879094], [-120.1361212, 47.8792605], [-120.1356431, 47.8793982], [-120.1352958, 47.8795937], [-120.1348952, 47.8798026], [-120.1344847, 47.8799526], [-120.1340996, 47.8800595], [-120.1337866, 47.8801271], [-120.1335115, 47.8801495], [-120.1332606, 47.8801443], [-120.1329595, 47.8801015], [-120.1327666, 47.8800534], [-120.1325454, 47.8799694], [-120.1321373, 47.8797474], [-120.1312455, 47.8791304], [-120.1311554, 47.8790641], [-120.1305831, 47.8786433], [-120.1302531, 47.8784452], [-120.1296361, 47.8783094], [-120.1295792, 47.8782991], [-120.1292784, 47.8782445], [-120.1291111, 47.8780628], [-120.1289656, 47.8782522], [-120.128844, 47.8781887], [-120.1287551, 47.8780489], [-120.128694, 47.878068], [-120.1286458, 47.8780832], [-120.128585, 47.8781021], [-120.128522, 47.8781222], [-120.128476, 47.8781366], [-120.1284273, 47.878152], [-120.1284538, 47.8783521], [-120.1283652, 47.8784216], [-120.128361, 47.8784585], [-120.1283598, 47.8784695], [-120.1283578, 47.8784947], [-120.128143, 47.8785722], [-120.127913, 47.8785129], [-120.1271058, 47.8782067], [-120.1268105, 47.8782714], [-120.1265697, 47.8781201], [-120.1264728, 47.8781037], [-120.1261937, 47.8781629], [-120.1260648, 47.8782186], [-120.1256655, 47.8781562], [-120.1255522, 47.8781316], [-120.1252752, 47.8780798], [-120.1251209, 47.8780091], [-120.1250225, 47.8779778], [-120.1250113, 47.8780298], [-120.125064, 47.8781199], [-120.1251712, 47.8782277], [-120.1249861, 47.8786185], [-120.1249683, 47.8787851], [-120.1247629, 47.8788536], [-120.1245978, 47.8788583], [-120.1245729, 47.8788631], [-120.1244381, 47.8788902], [-120.1241603, 47.8789142], [-120.1238526, 47.8789235], [-120.1236851, 47.8789286], [-120.1231878, 47.8788721], [-120.1227643, 47.8787223], [-120.1225376, 47.8786243], [-120.1223177, 47.8784818], [-120.1220629, 47.8783427], [-120.1221715, 47.8782258], [-120.1221487, 47.8781871], [-120.122036, 47.8781295], [-120.1219542, 47.8781079], [-120.1219274, 47.8782366], [-120.1217879, 47.8782213], [-120.1217759, 47.878063], [-120.1215282, 47.8780124], [-120.121285, 47.87792], [-120.1210517, 47.8778147], [-120.1207608, 47.8775783], [-120.1204627, 47.8773633], [-120.1203624, 47.8772869], [-120.120255, 47.8771632], [-120.1202189, 47.8771019], [-120.1201989, 47.8770784], [-120.1201825, 47.8770675], [-120.1201598, 47.8770626], [-120.1201439, 47.8770646], [-120.1201268, 47.877072], [-120.1201043, 47.8770735], [-120.1200804, 47.8770694], [-120.1200395, 47.8770625], [-120.1199206, 47.8770244], [-120.1197297, 47.8769534], [-120.1195246, 47.8768504], [-120.1193729, 47.8767363], [-120.1192065, 47.8765864], [-120.1190837, 47.8764474], [-120.1189481, 47.8762628], [-120.1187368, 47.8760975], [-120.1186579, 47.8759617], [-120.1185668, 47.8758741], [-120.1185009, 47.8758437], [-120.1184183, 47.8758188], [-120.1184112, 47.8758336], [-120.1183626, 47.8759269], [-120.1181408, 47.8758795], [-120.1179897, 47.8760116], [-120.1177658, 47.8760884], [-120.1176221, 47.8761179], [-120.1173584, 47.8760875], [-120.1169565, 47.8760221], [-120.1164651, 47.8758826], [-120.1163669, 47.8758337], [-120.1160547, 47.875816], [-120.1159126, 47.8756811], [-120.1155389, 47.8754847], [-120.1152474, 47.8753096], [-120.1149138, 47.8750872], [-120.1146291, 47.8747887], [-120.1143301, 47.8744991], [-120.1141503, 47.8743344], [-120.1141021, 47.8743524], [-120.1134034, 47.8736769], [-120.1133846, 47.8736094], [-120.1134659, 47.8735647], [-120.1130426, 47.8731722], [-120.1128222, 47.8729846], [-120.1124682, 47.872818], [-120.1123861, 47.8728636], [-120.1121481, 47.8727818], [-120.1121251, 47.8727948], [-120.1117898, 47.8727229], [-120.1117826, 47.8727593], [-120.1117048, 47.8727427], [-120.1104498, 47.8728483], [-120.1102766, 47.8727846], [-120.1102062, 47.8728133], [-120.1100318, 47.872771], [-120.1099487, 47.8727764], [-120.1097182, 47.8727074], [-120.109531, 47.8727047], [-120.1091534, 47.8725312], [-120.1089217, 47.8723348], [-120.1086088, 47.8721439], [-120.1082968, 47.8718259], [-120.1079727, 47.8713818], [-120.1076318, 47.8708515], [-120.1072166, 47.8703257], [-120.1059343, 47.8691109], [-120.1032845, 47.8659227], [-120.1025066, 47.8651785], [-120.1020128, 47.8648393], [-120.1017916, 47.8646624], [-120.1017321, 47.8646331], [-120.1016633, 47.864612], [-120.1015286, 47.8645813], [-120.1012399, 47.8645523], [-120.1004261, 47.8645019], [-120.1000293, 47.8644559], [-120.0996784, 47.8643972], [-120.0995423, 47.8643593], [-120.0994082, 47.8642985], [-120.0993311, 47.8642732], [-120.0992817, 47.8642632], [-120.0992539, 47.8642616], [-120.0992266, 47.8642648], [-120.0991869, 47.8642755], [-120.0991471, 47.8642954], [-120.0990722, 47.8643119], [-120.0989869, 47.864323], [-120.0988645, 47.8643198], [-120.0987486, 47.8643027], [-120.0985199, 47.8642577], [-120.0982201, 47.8641157], [-120.0975591, 47.8638257], [-120.0974466, 47.8637935], [-120.0974024, 47.8637868], [-120.0973576, 47.8637871], [-120.0973186, 47.8637933], [-120.0972734, 47.8638106], [-120.097192, 47.8638529], [-120.0971246, 47.8638928], [-120.0970595, 47.8639299], [-120.0970015, 47.8639511], [-120.0969415, 47.8639651], [-120.0968013, 47.8639777], [-120.0966836, 47.8639739], [-120.0966035, 47.8639716], [-120.0961249, 47.8639392], [-120.095183, 47.8638365], [-120.0948565, 47.8637751], [-120.0946568, 47.863706], [-120.0944246, 47.8635739], [-120.094102, 47.8634126], [-120.0939986, 47.8633718], [-120.0939016, 47.8633346], [-120.0938255, 47.8633225], [-120.0937736, 47.8633258], [-120.0937465, 47.8633312], [-120.0937228, 47.8633416], [-120.0937032, 47.8633533], [-120.0936854, 47.8633724], [-120.0936725, 47.8634025], [-120.093665, 47.8634291], [-120.0936594, 47.8634596], [-120.0936537, 47.8635075], [-120.0936527, 47.8635535], [-120.0936614, 47.8636185], [-120.0936613, 47.8636691], [-120.0936477, 47.863812], [-120.0936121, 47.8639272], [-120.0935531, 47.864055], [-120.0934622, 47.8641631], [-120.0933639, 47.8642467], [-120.0931229, 47.864416], [-120.0928674, 47.8645589], [-120.0926502, 47.8646541], [-120.0922555, 47.8647601], [-120.0917514, 47.8648441], [-120.0912784, 47.8648669], [-120.0908033, 47.8648141], [-120.0902392, 47.8646821], [-120.0896631, 47.8644181], [-120.0890931, 47.864064], [-120.088739, 47.863842], [-120.0882928, 47.8636284], [-120.0863659, 47.8628078], [-120.0860156, 47.8627003], [-120.0858159, 47.862645], [-120.0855587, 47.8626008], [-120.0853458, 47.8625805], [-120.0850787, 47.8625783], [-120.0844261, 47.8624883], [-120.0837086, 47.8623583], [-120.0828452, 47.8623238], [-120.0825764, 47.8622892], [-120.0823267, 47.8622277], [-120.0820579, 47.8621164], [-120.0816854, 47.8619167], [-120.081259, 47.8616551], [-120.0808805, 47.8614181], [-120.0804737, 47.8610981], [-120.0799828, 47.8606596], [-120.0794739, 47.8603524], [-120.0790843, 47.8601746], [-120.0786002, 47.8600259], [-120.0780577, 47.8599107], [-120.0774675, 47.8598427], [-120.0765247, 47.8597707], [-120.0758046, 47.8596447], [-120.0754445, 47.8595367], [-120.0750185, 47.8594587], [-120.0746104, 47.8594527], [-120.0741227, 47.8595242], [-120.0735603, 47.8595547], [-120.0729422, 47.8595307], [-120.0723001, 47.8594467], [-120.071591, 47.8593953], [-120.0710576, 47.8594351], [-120.0706016, 47.8595431], [-120.0701035, 47.8595611], [-120.0698698, 47.8595049], [-120.0696874, 47.8594581], [-120.0695801, 47.8593933], [-120.069505, 47.8593213], [-120.0693414, 47.8592997], [-120.0692073, 47.859262], [-120.0687593, 47.8590154], [-120.0684428, 47.8590226], [-120.068298, 47.8590046], [-120.0681692, 47.858983], [-120.0679278, 47.8590262], [-120.0675684, 47.8589902], [-120.0673985, 47.8590139], [-120.0672841, 47.8590298], [-120.0669622, 47.859055], [-120.0667199, 47.8591362], [-120.0662579, 47.8590041], [-120.0657958, 47.8588121], [-120.0652257, 47.858422], [-120.0643332, 47.8577242], [-120.0639595, 47.8573927], [-120.0638594, 47.8572713], [-120.0635934, 47.8569487], [-120.0633234, 47.8564626], [-120.0630833, 47.8560545], [-120.0629738, 47.8556284], [-120.0628316, 47.8552144], [-120.0626385, 47.8550668], [-120.0626166, 47.8550237], [-120.0624883, 47.8547717], [-120.0624952, 47.8547283], [-120.0624695, 47.8546432], [-120.0623757, 47.8543325], [-120.062263, 47.8541273], [-120.0618339, 47.8537998], [-120.0614691, 47.853699], [-120.0612009, 47.853483], [-120.0610292, 47.8533354], [-120.060833, 47.8532641], [-120.0608036, 47.8532398], [-120.0606732, 47.8531321], [-120.060437, 47.8530721], [-120.0600992, 47.8531093], [-120.059645, 47.8531826], [-120.058473, 47.8532998], [-120.0583358, 47.853309], [-120.0580975, 47.8532382], [-120.0577623, 47.8532454], [-120.0577542, 47.8533354], [-120.0571691, 47.8533877], [-120.0561524, 47.8532141], [-120.0560215, 47.8531374], [-120.0557882, 47.8530654], [-120.0556085, 47.8528926], [-120.0554851, 47.8527955], [-120.0552061, 47.8526803], [-120.0549433, 47.8525993], [-120.0548043, 47.8525629], [-120.0545973, 47.8524661], [-120.0543165, 47.8524034], [-120.054186, 47.8523018], [-120.0540539, 47.8521334], [-120.0538889, 47.8517733], [-120.0537239, 47.8512769], [-120.0536039, 47.8505132], [-120.0536271, 47.8497529], [-120.0536189, 47.849538], [-120.0535245, 47.849328], [-120.0521792, 47.8481754], [-120.0512098, 47.8475406], [-120.0501256, 47.8470132], [-120.049144, 47.8467642], [-120.0478711, 47.8466698], [-120.0473778, 47.8466645], [-120.0469974, 47.846681], [-120.0467597, 47.8467605], [-120.0465453, 47.8468663], [-120.0463156, 47.8469225], [-120.0460276, 47.8469285], [-120.045708, 47.846837], [-120.0451635, 47.8464005], [-120.0446092, 47.8460166], [-120.0434665, 47.8454745], [-120.0425738, 47.8451818], [-120.0425126, 47.8451617], [-120.0420834, 47.8451168], [-120.0420767, 47.8451455], [-120.0416449, 47.8451302], [-120.0415966, 47.8451059], [-120.0415322, 47.8451023], [-120.041488, 47.8451185], [-120.0414142, 47.8450969], [-120.0412895, 47.845087], [-120.041209, 47.8449925], [-120.0411259, 47.8449358], [-120.0409341, 47.8449141], [-120.0408818, 47.8449673], [-120.0406746, 47.8450627], [-120.0403896, 47.8450708], [-120.0401576, 47.8450735], [-120.0398938, 47.8450851], [-120.03977, 47.8450906], [-120.0393167, 47.8451338], [-120.0390606, 47.8451347], [-120.0388353, 47.8451923], [-120.0385306, 47.8453849], [-120.0375742, 47.8460975], [-120.0366928, 47.8465663], [-120.0362709, 47.8467726], [-120.036023, 47.8468952], [-120.0358084, 47.8468916], [-120.0357226, 47.8468376], [-120.0354999, 47.8467854], [-120.0351352, 47.8467449], [-120.0350976, 47.8467278], [-120.0349742, 47.8467071], [-120.034879, 47.8467152], [-120.034655, 47.8466909], [-120.0342795, 47.8467917], [-120.0342473, 47.8468646], [-120.033963, 47.8469564], [-120.033609, 47.8470068], [-120.0332697, 47.8469987], [-120.0327279, 47.8468727], [-120.0326876, 47.8468403], [-120.0322437, 47.8467503], [-120.0321284, 47.846744], [-120.0318722, 47.8466837], [-120.0316657, 47.8465955], [-120.0315517, 47.8465432], [-120.0313318, 47.8463731], [-120.0308999, 47.8461535], [-120.0307417, 47.8460374], [-120.0303194, 47.8456413], [-120.0300116, 47.8453527], [-120.0299476, 47.8451523], [-120.029336, 47.8450164], [-120.0291434, 47.8449558], [-120.0291864, 47.8449055], [-120.0287411, 47.8447341], [-120.0283596, 47.8442238], [-120.0282968, 47.8442489], [-120.0281875, 47.8442241], [-120.0276202, 47.8439531], [-120.0270077, 47.8435566], [-120.0265613, 47.8431385], [-120.0264, 47.8430904], [-120.0262378, 47.8429688], [-120.025917, 47.8424534], [-120.025703, 47.842594], [-120.0256374, 47.8425222], [-120.0245205, 47.8417835], [-120.0244623, 47.8418218], [-120.0243989, 47.8417843], [-120.0243061, 47.8417147], [-120.0241741, 47.8415982], [-120.0236794, 47.8414803], [-120.0236687, 47.8414155], [-120.0236392, 47.8413813], [-120.0235695, 47.8413651], [-120.0235185, 47.8412462], [-120.0234903, 47.8413444], [-120.0234233, 47.8413534], [-120.0233281, 47.8413525], [-120.0232422, 47.8413228], [-120.0231363, 47.8412615], [-120.0230183, 47.8411697], [-120.0230089, 47.8411661], [-120.0228868, 47.8413795], [-120.022801, 47.841411], [-120.0225033, 47.8413065], [-120.0224014, 47.8412489], [-120.0224724, 47.8410617], [-120.022447, 47.841032], [-120.0223209, 47.841014], [-120.0222203, 47.8412822], [-120.0221492, 47.8412885], [-120.0218448, 47.8412111], [-120.0218193, 47.8411787], [-120.0218421, 47.8411166], [-120.0210267, 47.8408943], [-120.0209545, 47.8409985], [-120.0208054, 47.8408979], [-120.0207572, 47.8408367], [-120.0207079, 47.840729], [-120.0206727, 47.8405972], [-120.0207558, 47.8405846], [-120.020729, 47.840536], [-120.0206378, 47.8405387], [-120.0206392, 47.8404946], [-120.0206405, 47.8404064], [-120.0206915, 47.8402768], [-120.0207317, 47.8402291], [-120.0208336, 47.8401679], [-120.0208631, 47.8401688], [-120.0210205, 47.84029], [-120.0210576, 47.8402867], [-120.0210817, 47.8402669], [-120.0211004, 47.8402404], [-120.0209382, 47.8400815], [-120.0208604, 47.8400382], [-120.0203177, 47.8399042], [-120.0202145, 47.8398815], [-120.0201815, 47.8398561], [-120.0200937, 47.8397886], [-120.0200011, 47.8397175], [-120.0199869, 47.8395004], [-120.0198589, 47.8393749], [-120.0196406, 47.8393186], [-120.0195427, 47.8393119], [-120.0191624, 47.8393012], [-120.019058, 47.8392328], [-120.0190873, 47.8391566], [-120.0189946, 47.8390975], [-120.0188695, 47.8391062], [-120.0187749, 47.8390314], [-120.0186989, 47.8390291], [-120.0185191, 47.8390026], [-120.0184205, 47.8389572], [-120.0183104, 47.8388415], [-120.0183351, 47.8385917], [-120.018248, 47.8384684], [-120.0181527, 47.838381], [-120.0179669, 47.8382876], [-120.0176713, 47.8381929], [-120.0175707, 47.8381371], [-120.0174581, 47.8379345], [-120.0172649, 47.8376159], [-120.0170442, 47.8374198], [-120.0168814, 47.8371548], [-120.0168599, 47.8369218], [-120.0168224, 47.8367616], [-120.0167044, 47.8366698], [-120.0164844, 47.8365707], [-120.0159144, 47.8364177], [-120.015356, 47.8362725], [-120.0151177, 47.8362513], [-120.0148575, 47.8361381], [-120.0144558, 47.8359898], [-120.0141111, 47.8359058], [-120.0136274, 47.8358238], [-120.0135549, 47.8358056], [-120.0133784, 47.8357611], [-120.0131864, 47.8355536], [-120.0129658, 47.8354909], [-120.01266, 47.835404], [-120.0124339, 47.8352354], [-120.0123399, 47.8351531], [-120.0119913, 47.8348974], [-120.0125142, 47.8344651], [-120.012851, 47.8341865], [-120.0129658, 47.8340916], [-120.0134567, 47.8342364], [-120.014046, 47.8344202], [-120.0145237, 47.8345693], [-120.0151042, 47.8348187], [-120.0156998, 47.8351708], [-120.0157686, 47.8352014], [-120.0164799, 47.8356405], [-120.0168213, 47.8356839], [-120.0180733, 47.8360989], [-120.0181943, 47.8363835], [-120.0184575, 47.8366006], [-120.018493, 47.8367695], [-120.0187562, 47.8371265], [-120.0189341, 47.8373581], [-120.018863, 47.8374546], [-120.0191048, 47.8376379], [-120.0193467, 47.8378213], [-120.0193894, 47.837942], [-120.0193751, 47.8381445], [-120.0196668, 47.8381542], [-120.0210184, 47.8386126], [-120.0215853, 47.8387689], [-120.0218182, 47.8388824], [-120.0215023, 47.839094], [-120.0215495, 47.8391376], [-120.0216657, 47.8392447], [-120.0218435, 47.8391964], [-120.0230335, 47.8395732], [-120.0234012, 47.8389934], [-120.0232134, 47.8389466], [-120.0234307, 47.8386081], [-120.0235621, 47.8385667], [-120.0239091, 47.8381852], [-120.0239645, 47.8380527], [-120.0238786, 47.8377503], [-120.0238303, 47.8376044], [-120.0239671, 47.8375414], [-120.0240047, 47.8375], [-120.024002, 47.8374154], [-120.0245304, 47.837365], [-120.0246216, 47.8373002], [-120.0246645, 47.8371507], [-120.0247991, 47.8371162], [-120.025445, 47.8371183], [-120.0257692, 47.8371669], [-120.0257929, 47.8371301], [-120.0259837, 47.8371671], [-120.0259861, 47.8372477], [-120.0261305, 47.8371844], [-120.0265192, 47.8372321], [-120.0266493, 47.8373633], [-120.0268921, 47.8373579], [-120.0270351, 47.8372484], [-120.0271003, 47.8371849], [-120.0271382, 47.8371788], [-120.0271825, 47.8371836], [-120.0272036, 47.8371892], [-120.0272093, 47.8373685], [-120.0277779, 47.8373737], [-120.0278261, 47.8373683], [-120.0278851, 47.8372801], [-120.0280139, 47.8372765], [-120.0280273, 47.8372981], [-120.0283572, 47.8372963], [-120.0283814, 47.8372657], [-120.028502, 47.8372693], [-120.0285691, 47.8373593], [-120.0287582, 47.8373561], [-120.0288346, 47.8373377], [-120.0288883, 47.8373305], [-120.0289392, 47.8373035], [-120.0289151, 47.8371919], [-120.0293013, 47.8371811], [-120.0293201, 47.8373143], [-120.0294462, 47.8373089], [-120.0294381, 47.8371865], [-120.0294408, 47.8371379], [-120.0296259, 47.8369974], [-120.0297198, 47.8369308], [-120.0298673, 47.836938], [-120.029996, 47.8369128], [-120.0302616, 47.836866], [-120.0303045, 47.8368228], [-120.0308114, 47.8367598], [-120.0308946, 47.8368012], [-120.0310931, 47.8367634], [-120.0311762, 47.8366896], [-120.0311762, 47.8367742], [-120.0318518, 47.8367086], [-120.0320613, 47.8366932], [-120.0320935, 47.8366536], [-120.0320855, 47.8366266], [-120.0321981, 47.8365491], [-120.0325029, 47.8364692], [-120.0327131, 47.8364141], [-120.0329947, 47.8364123], [-120.0332388, 47.836415], [-120.0338584, 47.8363259], [-120.0339308, 47.8362539], [-120.0341105, 47.8361404], [-120.0343573, 47.8361242], [-120.034934, 47.836162], [-120.0350413, 47.8361819], [-120.0351262, 47.8362584], [-120.035229, 47.8363511], [-120.035339, 47.8365239], [-120.0353524, 47.8367742], [-120.035331, 47.8369326], [-120.0353229, 47.8369956], [-120.035347, 47.8370335], [-120.0353926, 47.8370263], [-120.0354973, 47.8368192], [-120.0355724, 47.8362719], [-120.0356475, 47.8362035], [-120.0366448, 47.8363105], [-120.0369292, 47.8364401], [-120.0369939, 47.8367418], [-120.0370368, 47.836803], [-120.0371254, 47.8368282], [-120.0374687, 47.83683], [-120.0379461, 47.8367796], [-120.0381392, 47.836713], [-120.0383163, 47.8365743], [-120.0383806, 47.8365077], [-120.0383484, 47.8364465], [-120.038217, 47.8363781], [-120.0381258, 47.8362989], [-120.0381258, 47.8362647], [-120.0383163, 47.835955], [-120.0385845, 47.8356669], [-120.0389841, 47.8357497], [-120.0390807, 47.8356003], [-120.0389949, 47.8355121], [-120.039019, 47.8354401], [-120.0392577, 47.8352438], [-120.0393221, 47.8351826], [-120.0393006, 47.8351376], [-120.0392282, 47.8351088], [-120.0391263, 47.835053], [-120.0390914, 47.8349575], [-120.0390726, 47.8348909], [-120.0391611, 47.8347811], [-120.0393435, 47.834619], [-120.039593, 47.834439], [-120.0398853, 47.8343454], [-120.0402394, 47.8343202], [-120.0408407, 47.8343541], [-120.0409811, 47.8343811], [-120.0410575, 47.8344264], [-120.0408858, 47.8350926], [-120.0408912, 47.8351412], [-120.0409314, 47.8351628], [-120.0416878, 47.835377], [-120.04172, 47.8353572], [-120.0419131, 47.8346479], [-120.0421357, 47.8346677], [-120.0421545, 47.8346803], [-120.0421545, 47.8347289], [-120.0420311, 47.8353626], [-120.0420257, 47.8354113], [-120.0420392, 47.8354437], [-120.0420687, 47.8354599], [-120.042758, 47.8356363], [-120.042813, 47.8356201], [-120.0428318, 47.8355571], [-120.0430074, 47.8349053], [-120.0430959, 47.8347847], [-120.0432649, 47.8347991], [-120.0433052, 47.8348261], [-120.0431228, 47.8356057], [-120.0431442, 47.8356651], [-120.0431818, 47.8356867], [-120.0439221, 47.835784], [-120.0439811, 47.8357596], [-120.0440294, 47.8356831], [-120.0442064, 47.8349449], [-120.0443727, 47.8348693], [-120.0443905, 47.8348513], [-120.0444445, 47.8348568], [-120.0445576, 47.8348752], [-120.0460222, 47.835161], [-120.046674, 47.8353122], [-120.0468564, 47.8354257], [-120.046915, 47.8355937], [-120.0471563, 47.8356217], [-120.0473633, 47.8356462], [-120.0475819, 47.8358362], [-120.0475833, 47.8360918], [-120.0476262, 47.8361476], [-120.0477952, 47.8362287], [-120.0486749, 47.8363835], [-120.0491551, 47.8363961], [-120.0495198, 47.8364987], [-120.049552, 47.8365329], [-120.049552, 47.8366464], [-120.0500214, 47.8367616], [-120.0500482, 47.836695], [-120.0501448, 47.8367256], [-120.0501448, 47.8367778], [-120.0504962, 47.8369182], [-120.0510407, 47.8370659], [-120.0518609, 47.8373119], [-120.0520057, 47.8374367], [-120.0523308, 47.8376762], [-120.0527009, 47.8378472], [-120.0533581, 47.837921], [-120.0535668, 47.83795], [-120.0538797, 47.8380095], [-120.0541415, 47.8379744], [-120.0544717, 47.8377926], [-120.0547367, 47.837579], [-120.0549153, 47.8374384], [-120.0557619, 47.8367177], [-120.0559422, 47.8365822], [-120.0561192, 47.836474], [-120.0562983, 47.8363803], [-120.0563847, 47.8363482], [-120.056479, 47.8363305], [-120.0566547, 47.8363034], [-120.0568128, 47.8362584], [-120.0569031, 47.8362379], [-120.0570917, 47.8362341], [-120.0571843, 47.8362503], [-120.0573143, 47.8362251], [-120.0578105, 47.8361837], [-120.060435, 47.8361851], [-120.0694838, 47.8359987], [-120.0700093, 47.8359608], [-120.0706469, 47.8358258], [-120.0717721, 47.8357733], [-120.0728388, 47.8358961], [-120.0744357, 47.8363063], [-120.0761644, 47.8366726], [-120.0792483, 47.8376461], [-120.0800921, 47.8385181], [-120.0805235, 47.8387186], [-120.080672, 47.8387879], [-120.0808358, 47.8388529], [-120.0810068, 47.8388745], [-120.0812008, 47.8388683], [-120.0814945, 47.8388968], [-120.081578, 47.8388924], [-120.0817708, 47.8388484], [-120.0820188, 47.8388022], [-120.0821223, 47.8387715], [-120.082265, 47.8387294], [-120.0824243, 47.8386945], [-120.0825727, 47.8386539], [-120.0856825, 47.8393169], [-120.0872801, 47.8396635], [-120.0878847, 47.8399222], [-120.0881288, 47.8400533], [-120.0884093, 47.840211], [-120.0884262, 47.8402749], [-120.0885032, 47.8403346], [-120.088614, 47.8403503], [-120.0887232, 47.8403548], [-120.0887945, 47.8402444], [-120.0891987, 47.8404011], [-120.0896719, 47.8404837], [-120.089743, 47.8405014], [-120.0900975, 47.8405896], [-120.0905235, 47.8407511], [-120.0905884, 47.8407757], [-120.0908416, 47.8408943], [-120.0911648, 47.841446], [-120.0910773, 47.8414814], [-120.0909695, 47.8415223], [-120.0909969, 47.8416074], [-120.0910921, 47.8416461], [-120.0912259, 47.8416537], [-120.0913421, 47.8415927], [-120.0916401, 47.8415815], [-120.0919305, 47.841705], [-120.0922516, 47.8418982], [-120.0925528, 47.8420795], [-120.0926073, 47.8423778], [-120.0931147, 47.8425652], [-120.093825, 47.8430383], [-120.0939218, 47.8431698], [-120.0943502, 47.8433571], [-120.094922, 47.8436341], [-120.0953828, 47.8436752], [-120.0962417, 47.8439974], [-120.096398, 47.8440514], [-120.0970305, 47.8442354], [-120.0975372, 47.8441859], [-120.0978437, 47.8441675], [-120.0978668, 47.8440887], [-120.0980127, 47.8439965], [-120.0981541, 47.8439479], [-120.0983435, 47.8439028], [-120.0988836, 47.8437176], [-120.0996746, 47.8434818], [-120.0999359, 47.8433969], [-120.1002304, 47.8433176], [-120.1004983, 47.8432887], [-120.100781, 47.8432784], [-120.1009591, 47.8433544], [-120.1010661, 47.8434953], [-120.1016466, 47.8438177], [-120.1021481, 47.8440369], [-120.1034062, 47.8445656], [-120.1050588, 47.845304], [-120.1055042, 47.845386], [-120.1060316, 47.8453274], [-120.1068169, 47.8454564], [-120.1087039, 47.8461479], [-120.110333, 47.846769], [-120.1104686, 47.8467959], [-120.1106108, 47.8467881], [-120.1108509, 47.8467581], [-120.1110739, 47.8467498], [-120.111274, 47.8467634], [-120.1115105, 47.8468414], [-120.1117819, 47.8469627], [-120.1120359, 47.8471548], [-120.1122786, 47.8473668], [-120.1127606, 47.8477756], [-120.1131337, 47.8480551], [-120.1133136, 47.8481597], [-120.1134582, 47.848225], [-120.1138632, 47.848345], [-120.1139674, 47.8483902], [-120.1140434, 47.8484554], [-120.1141129, 47.8485239], [-120.1141558, 47.848615], [-120.1147243, 47.8494908], [-120.1147029, 47.8495862], [-120.1147029, 47.8496456], [-120.1148048, 47.849642], [-120.1149094, 47.8496726], [-120.1150301, 47.8496852], [-120.1151642, 47.8497032], [-120.11547, 47.8497464], [-120.1155826, 47.8497608], [-120.1156636, 47.849794], [-120.1157665, 47.8498227], [-120.1158518, 47.8498708], [-120.1159339, 47.8499259], [-120.115993, 47.849948], [-120.1160494, 47.8499012], [-120.116154, 47.8499606], [-120.1161647, 47.850065], [-120.1162076, 47.8501604], [-120.1162666, 47.8503026], [-120.1163095, 47.85056], [-120.1163042, 47.8509614], [-120.1164088, 47.8511342], [-120.1164597, 47.8511809], [-120.1165617, 47.8512187], [-120.1167575, 47.8512565], [-120.1169854, 47.8512655], [-120.1175487, 47.8513267], [-120.1183373, 47.8515499], [-120.1188308, 47.8516219], [-120.1203972, 47.8516471], [-120.1212663, 47.8517443], [-120.1225703, 47.8521235], [-120.1239449, 47.8524326], [-120.1252316, 47.8526769], [-120.1265421, 47.8526483], [-120.127942, 47.852567], [-120.1304536, 47.8525933], [-120.1314288, 47.852642], [-120.1321564, 47.8528445], [-120.1326066, 47.8530294], [-120.1331015, 47.8530695], [-120.1336634, 47.8530888], [-120.1338591, 47.8531145], [-120.134283, 47.8532472], [-120.1350608, 47.8535244], [-120.135372, 47.8535298], [-120.1356134, 47.853465], [-120.1359218, 47.8534272], [-120.1362196, 47.8534596], [-120.1363966, 47.85351], [-120.1364502, 47.8534848], [-120.1371557, 47.853546], [-120.1371476, 47.853582], [-120.1376304, 47.8536396], [-120.1378647, 47.8537521], [-120.137794, 47.8538052], [-120.1378584, 47.8538592], [-120.1379469, 47.853798], [-120.1384565, 47.8540661], [-120.1388267, 47.8543145], [-120.1389232, 47.8544333], [-120.1393175, 47.8546025], [-120.1396421, 47.8545881], [-120.1399505, 47.8546997], [-120.1406443, 47.8547404], [-120.1411877, 47.8548323], [-120.1416453, 47.8549148], [-120.1421272, 47.8550915], [-120.1456475, 47.856791], [-120.1463664, 47.8571941], [-120.1470262, 47.8577124], [-120.1480669, 47.8586609], [-120.1489225, 47.8595607], [-120.149518, 47.8599152], [-120.150218, 47.8602068], [-120.150556, 47.8603939], [-120.1511836, 47.8604839], [-120.1516181, 47.8605703], [-120.1518005, 47.8605784], [-120.1521197, 47.8605127], [-120.1524218, 47.8604575], [-120.152729, 47.8603951], [-120.1533502, 47.8603762], [-120.1560975, 47.8605169], [-120.1590229, 47.8605544], [-120.1597639, 47.860482], [-120.1605655, 47.8603084], [-120.1615401, 47.8600635], [-120.1625146, 47.8599531], [-120.1632306, 47.8600076], [-120.1636772, 47.8600864], [-120.1641213, 47.8601464], [-120.1648534, 47.8601524], [-120.1655015, 47.8602244], [-120.1660596, 47.8604344], [-120.1667116, 47.8608046], [-120.1671637, 47.8610285], [-120.1673452, 47.8610611], [-120.1675824, 47.8610698], [-120.1679144, 47.8610612], [-120.1683285, 47.8610852], [-120.1688685, 47.8612292], [-120.1695466, 47.8614933], [-120.1701287, 47.8617873], [-120.1717429, 47.8626995], [-120.172698, 47.8635474], [-120.1729616, 47.8637307], [-120.1731158, 47.8637932], [-120.1734041, 47.8638785], [-120.1736681, 47.8640466], [-120.1740642, 47.8644546], [-120.1746534, 47.8650251], [-120.175117, 47.8654865], [-120.1755483, 47.8659973], [-120.1767731, 47.8666635], [-120.1776657, 47.8670085], [-120.1784908, 47.8673536], [-120.179436, 47.8674661], [-120.1813887, 47.867906], [-120.1818761, 47.8680219], [-120.182375, 47.8681748], [-120.1825064, 47.8683044], [-120.1825172, 47.8684159], [-120.1833815, 47.8688163], [-120.1848667, 47.8693939], [-120.1853147, 47.8693713], [-120.1856836, 47.8693539], [-120.1873196, 47.8691538], [-120.1882089, 47.8691997], [-120.1884191, 47.8692519], [-120.1887846, 47.8693918], [-120.1890723, 47.8695046], [-120.1894465, 47.8697111], [-120.1897193, 47.8698195], [-120.1897202, 47.8698962], [-120.1898123, 47.8700033], [-120.1899511, 47.8701286], [-120.190339, 47.8703061], [-120.1906225, 47.8704345], [-120.1907641, 47.8704737], [-120.190927, 47.8704896], [-120.1912354, 47.8705038], [-120.1914832, 47.8705379], [-120.1917099, 47.8705793], [-120.1918452, 47.8706038], [-120.1919074, 47.8706215], [-120.192047, 47.8707244], [-120.1922236, 47.870886], [-120.1924104, 47.8709895], [-120.1924726, 47.8710068], [-120.1928585, 47.8710524], [-120.1934884, 47.8711707], [-120.193861, 47.8712814], [-120.1940713, 47.8713213], [-120.1944442, 47.871387], [-120.1947899, 47.8714702], [-120.1951356, 47.8715611], [-120.1952696, 47.8716326], [-120.1953872, 47.871742], [-120.1954515, 47.8718875], [-120.1954854, 47.8720899], [-120.1955079, 47.8722884], [-120.1955084, 47.8725776], [-120.195479, 47.8728097], [-120.1954924, 47.872996], [-120.1955223, 47.8732258], [-120.1955011, 47.8734876], [-120.1955506, 47.8736325], [-120.1955972, 47.8737632], [-120.1956887, 47.8739642], [-120.1958916, 47.8741785], [-120.196187, 47.8744702], [-120.1962542, 47.874515], [-120.1965938, 47.8747975], [-120.1967024, 47.8748528], [-120.1967848, 47.8749512], [-120.1968002, 47.8750724], [-120.1967301, 47.8752379], [-120.1966745, 47.8754411], [-120.1969205, 47.8755981], [-120.1971875, 47.8756371], [-120.1972277, 47.8756649], [-120.1972123, 47.8757389], [-120.1966204, 47.8759198], [-120.1966604, 47.8759916], [-120.1966786, 47.8760242], [-120.1968764, 47.8761655], [-120.1970909, 47.8762574], [-120.1977335, 47.8764269], [-120.1977142, 47.8765027], [-120.197932, 47.8765675], [-120.1979486, 47.8766285], [-120.1980389, 47.8767203], [-120.1983925, 47.8768597], [-120.1987322, 47.8772991], [-120.1996984, 47.8774727], [-120.2002883, 47.8775233], [-120.200783, 47.8776024], [-120.200908, 47.8775774], [-120.2011156, 47.8775359], [-120.2011102, 47.8774009], [-120.2016038, 47.8773596], [-120.2016901, 47.8774211], [-120.2017348, 47.8774521], [-120.201762, 47.8774479], [-120.2020661, 47.8774026], [-120.2021589, 47.8773893], [-120.2022445, 47.8773883], [-120.2023301, 47.8774026], [-120.2023814, 47.8774155], [-120.2024166, 47.8774346], [-120.202473, 47.8774819], [-120.2025761, 47.8775885], [-120.2027382, 47.8778155], [-120.2033083, 47.8787151], [-120.2035544, 47.8790378], [-120.2036862, 47.8791483], [-120.2037836, 47.8793008], [-120.2042403, 47.8795161], [-120.2042431, 47.8795464], [-120.204306, 47.8796306], [-120.2043866, 47.8796741], [-120.2045244, 47.8797828], [-120.2046212, 47.8799152], [-120.2046144, 47.8799379], [-120.2046307, 47.8799691], [-120.2046613, 47.8799679], [-120.2046825, 47.8799489], [-120.2047073, 47.8799351], [-120.2047807, 47.8799731], [-120.2049517, 47.880007], [-120.2049754, 47.8800118], [-120.2050408, 47.8800489], [-120.2050529, 47.8800711], [-120.2051083, 47.8801716], [-120.2050922, 47.8802224], [-120.2051367, 47.8802505], [-120.205214, 47.8802801], [-120.2052238, 47.8802645], [-120.2052749, 47.8802649], [-120.2052802, 47.8802663], [-120.2053164, 47.8802674], [-120.2053204, 47.8802704], [-120.2053642, 47.8803041], [-120.2054339, 47.8803217], [-120.205484, 47.8803187], [-120.2055277, 47.8803118], [-120.2056321, 47.8803604], [-120.2056143, 47.8803976], [-120.2056328, 47.8804152], [-120.2056472, 47.8804285], [-120.2056508, 47.8804398], [-120.2056514, 47.8804765], [-120.2057804, 47.8805436], [-120.2058375, 47.8805338], [-120.2058682, 47.8805411], [-120.2058779, 47.8805432], [-120.2059302, 47.8805551], [-120.2060194, 47.8805589], [-120.2060172, 47.8805852], [-120.2061195, 47.8806366], [-120.2061554, 47.8806556], [-120.2061768, 47.8806682], [-120.2062069, 47.880687], [-120.2063155, 47.8807503], [-120.2063319, 47.8807425], [-120.2063658, 47.8807634], [-120.2063901, 47.8807797], [-120.2064805, 47.8808358], [-120.2064653, 47.8808591], [-120.2065619, 47.8809147], [-120.206585, 47.880929], [-120.2066119, 47.8809447], [-120.2066199, 47.8809495], [-120.2066542, 47.8809674], [-120.2066645, 47.8809719], [-120.2066779, 47.8809788], [-120.2067121, 47.8809938], [-120.2067488, 47.8810124], [-120.2068097, 47.8810411], [-120.2067728, 47.8810888], [-120.2067863, 47.8810984], [-120.2067892, 47.8811183], [-120.2069087, 47.8811855], [-120.2069148, 47.8811885], [-120.2069394, 47.8812046], [-120.2069498, 47.8811956], [-120.2070987, 47.8813053], [-120.2071234, 47.8813235], [-120.207139, 47.8813349], [-120.2072267, 47.8814243], [-120.2079529, 47.8818633], [-120.2087454, 47.8824883], [-120.2089969, 47.8826088], [-120.209163, 47.8828037], [-120.2095464, 47.8830962], [-120.2098766, 47.8834439], [-120.2101556, 47.8838259], [-120.2106967, 47.8845725], [-120.211091, 47.8849972], [-120.2112677, 47.8853562], [-120.2117403, 47.8858393], [-120.21223, 47.8862604], [-120.2133913, 47.8881006], [-120.2135337, 47.8883773], [-120.2135811, 47.8885003], [-120.2136017, 47.8885797], [-120.2136082, 47.8886248], [-120.2136075, 47.8886784], [-120.2136017, 47.8887263], [-120.213584, 47.8887794], [-120.2136107, 47.8889294], [-120.2134513, 47.8891674], [-120.2130452, 47.8895491], [-120.2129595, 47.8896322], [-120.2128558, 47.8897067], [-120.2128474, 47.889735], [-120.2128369, 47.8898053], [-120.2128228, 47.8899148], [-120.2128625, 47.8900871], [-120.2128947, 47.8901832], [-120.212885, 47.8902466], [-120.2129449, 47.8903114], [-120.2130348, 47.890347], [-120.2130553, 47.8903772], [-120.2130347, 47.8904092], [-120.2130164, 47.8904491], [-120.2131022, 47.8904879], [-120.2132601, 47.8905472], [-120.2133634, 47.8905838], [-120.2134493, 47.8906557], [-120.2135367, 47.8906919], [-120.2135828, 47.890728], [-120.2137765, 47.8908104], [-120.2138379, 47.8908056], [-120.2140356, 47.8908842], [-120.2142474, 47.8910153], [-120.2144137, 47.8912143], [-120.2145637, 47.8916343], [-120.2146641, 47.8922253], [-120.2148029, 47.8924629], [-120.2148222, 47.8927177], [-120.2147842, 47.8928263], [-120.2149211, 47.8930265], [-120.2148406, 47.8933143], [-120.2147278, 47.8935269], [-120.2145724, 47.8936937], [-120.2146407, 47.8938336], [-120.2146407, 47.8941667], [-120.2146664, 47.8944655], [-120.2146923, 47.894809], [-120.2147438, 47.895141], [-120.2146386, 47.8957151], [-120.2143734, 47.8962842], [-120.2141033, 47.8968357], [-120.2139379, 47.8973254], [-120.213742, 47.8977622], [-120.2136176, 47.8979712], [-120.2135569, 47.8982236], [-120.21363, 47.8983297], [-120.213722, 47.8985029], [-120.2136656, 47.8985751], [-120.2136588, 47.8986728], [-120.2136093, 47.8987332], [-120.2135678, 47.8990656], [-120.2136555, 47.8991296], [-120.2138474, 47.8993749], [-120.2139582, 47.8996258], [-120.2139804, 47.8998105], [-120.2139173, 47.8999839], [-120.213791, 47.9000217], [-120.2138455, 47.9002174], [-120.2139564, 47.9003273], [-120.213918, 47.9004915], [-120.2138368, 47.9008114], [-120.21409, 47.901137], [-120.2140215, 47.9012311], [-120.2139189, 47.9013023], [-120.2138416, 47.9014275], [-120.213836, 47.9020101], [-120.2139083, 47.9023216], [-120.2143229, 47.9029789], [-120.2144025, 47.9032336], [-120.2145568, 47.9035617], [-120.2145175, 47.9037836], [-120.2145959, 47.9038293], [-120.2145456, 47.9041241], [-120.2145493, 47.9042504], [-120.2145262, 47.9043833], [-120.2145494, 47.9045126], [-120.2146612, 47.9045986], [-120.2146854, 47.9047059], [-120.2146703, 47.904786], [-120.2147584, 47.9049086], [-120.2150937, 47.9053486], [-120.2157354, 47.9058678], [-120.2162872, 47.9069853], [-120.2165524, 47.9077493], [-120.2165892, 47.9079187], [-120.2165802, 47.9081195], [-120.2165484, 47.9082218], [-120.2164551, 47.9083283], [-120.2163192, 47.9084052], [-120.2161995, 47.908446], [-120.2155296, 47.9086448], [-120.215028, 47.9089539], [-120.2143246, 47.909267], [-120.2140447, 47.909396], [-120.2137703, 47.9095198], [-120.2136781, 47.9094732], [-120.2131363, 47.9097762], [-120.2122526, 47.9103652], [-120.2122001, 47.9105815], [-120.2119028, 47.9109518], [-120.2117567, 47.9110164], [-120.2115804, 47.9110507], [-120.211472, 47.911239], [-120.2114178, 47.9114014], [-120.2112957, 47.9114804], [-120.2108821, 47.9117762], [-120.2107732, 47.9118938], [-120.210717, 47.9120215], [-120.2105239, 47.9123934], [-120.2104499, 47.9125263], [-120.21033, 47.9126672], [-120.2103161, 47.912729], [-120.2102912, 47.9128255], [-120.2101518, 47.9130014], [-120.2100493, 47.9131824], [-120.2099781, 47.9132908], [-120.2099291, 47.9133401], [-120.209623, 47.9134785], [-120.2096139, 47.913547], [-120.2096588, 47.9136178], [-120.2096706, 47.9136783], [-120.209641, 47.9137371], [-120.2095041, 47.9138531], [-120.2094685, 47.9139199], [-120.2094911, 47.9139954], [-120.2095494, 47.9140603], [-120.209603, 47.9141413], [-120.2095532, 47.9143111], [-120.2095339, 47.9145204], [-120.2094766, 47.914871], [-120.2092869, 47.9151037], [-120.209194, 47.9152189], [-120.2092819, 47.9153491], [-120.2093902, 47.9154774], [-120.2094119, 47.9156082], [-120.2092971, 47.9158749], [-120.2092331, 47.9160876], [-120.2093132, 47.9162987], [-120.2093178, 47.9166209], [-120.2094213, 47.9173234], [-120.2094583, 47.9175754], [-120.2093597, 47.9178122], [-120.2094638, 47.9183363], [-120.2096376, 47.9188592], [-120.209623, 47.919382], [-120.2096247, 47.9197809], [-120.2097393, 47.9201596], [-120.2098247, 47.9206796], [-120.209645, 47.9210571], [-120.2094241, 47.9212761], [-120.2092417, 47.921298], [-120.2092213, 47.9214033], [-120.2091095, 47.9214073], [-120.2090165, 47.9216764], [-120.2090761, 47.9216955], [-120.2091059, 47.9218616], [-120.2090603, 47.9220176], [-120.2089101, 47.9223438], [-120.2089888, 47.9223844], [-120.2088264, 47.9226875], [-120.2086339, 47.9229406], [-120.2088888, 47.9229471], [-120.2087826, 47.9234843], [-120.2088234, 47.9240189], [-120.209017, 47.924609], [-120.209208, 47.9248611], [-120.2092408, 47.9251839], [-120.2096321, 47.9256432], [-120.2099028, 47.9260925], [-120.210114, 47.9263875], [-120.2103327, 47.9267102], [-120.2107056, 47.9272064], [-120.2110287, 47.9274238], [-120.2113442, 47.9276816], [-120.2118322, 47.9281821], [-120.2119905, 47.9283258], [-120.211983, 47.9284141], [-120.2121286, 47.9285386], [-120.2123558, 47.9286449], [-120.2126064, 47.9287783], [-120.2129695, 47.9289542], [-120.2132596, 47.9291092], [-120.2137946, 47.929475], [-120.2141348, 47.9297175], [-120.2144159, 47.9298788], [-120.2145979, 47.930042], [-120.2147136, 47.9301765], [-120.2151422, 47.930726], [-120.2152958, 47.9309336], [-120.215358, 47.9310639], [-120.2154074, 47.9311445], [-120.2154723, 47.9312396], [-120.2155315, 47.9313058], [-120.2157523, 47.9315131], [-120.2159804, 47.9317646], [-120.2162557, 47.9320919], [-120.2163175, 47.9322172], [-120.216371, 47.9323678], [-120.2164085, 47.9325157], [-120.2164247, 47.9327069], [-120.2164255, 47.9328121], [-120.2164123, 47.9329632], [-120.2163853, 47.9331127], [-120.2163296, 47.9332858], [-120.216273, 47.9334324], [-120.2162094, 47.9335486], [-120.216065, 47.9337696], [-120.2159597, 47.9338897], [-120.2158198, 47.9340149], [-120.215598, 47.9341591], [-120.2150935, 47.9344527], [-120.2146921, 47.9348211], [-120.2145413, 47.9349594], [-120.2144584, 47.934974], [-120.2142849, 47.935036], [-120.2141884, 47.9351061], [-120.2141657, 47.9351426], [-120.2141537, 47.9351969], [-120.2141798, 47.9352412], [-120.2142086, 47.9352714], [-120.2142177, 47.9353182], [-120.2142156, 47.9353767], [-120.2142069, 47.9354353], [-120.2141879, 47.9354865], [-120.2141223, 47.9355686], [-120.2140977, 47.9356457], [-120.2139974, 47.9356809], [-120.2140171, 47.9357636], [-120.2139866, 47.9358119], [-120.2140197, 47.9358998], [-120.2140371, 47.9359851], [-120.2140132, 47.9361798], [-120.2141218, 47.9362165], [-120.2141701, 47.9363896], [-120.2141566, 47.9366916], [-120.2142129, 47.9368403], [-120.2142986, 47.9368472], [-120.2143541, 47.9369349], [-120.2142993, 47.936989], [-120.2143414, 47.9371059], [-120.2143015, 47.9372153], [-120.2142315, 47.9373095], [-120.2141473, 47.9375423], [-120.2140617, 47.9377016], [-120.213939, 47.9378879], [-120.2137793, 47.9381129], [-120.2134505, 47.9384683], [-120.2118281, 47.9396806], [-120.2118085, 47.9397387], [-120.2117893, 47.9398228], [-120.211736, 47.9399378], [-120.2116889, 47.9399995], [-120.2111681, 47.9406881], [-120.2109573, 47.9409817], [-120.2108866, 47.9412781], [-120.2109536, 47.9413662], [-120.2109968, 47.9414858], [-120.2110176, 47.9416165], [-120.2110903, 47.9417725], [-120.2112141, 47.941853], [-120.2113572, 47.9419016], [-120.2114349, 47.9420008], [-120.2115048, 47.9421418], [-120.2115858, 47.9424661], [-120.2118008, 47.9428838], [-120.2120008, 47.9432038], [-120.2122763, 47.9435743], [-120.2124176, 47.9438415], [-120.2124337, 47.9438871], [-120.2124409, 47.9439431], [-120.2124407, 47.9439972], [-120.2124251, 47.9440663], [-120.2123795, 47.9441717], [-120.2122842, 47.9442861], [-120.2121805, 47.9443729], [-120.2120894, 47.9444364], [-120.2120407, 47.9444576], [-120.2120026, 47.9444702], [-120.2119649, 47.9444797], [-120.211937, 47.9444851], [-120.2118948, 47.9444867], [-120.211834, 47.9444793], [-120.2117984, 47.9444804], [-120.2117717, 47.944485], [-120.2117486, 47.9444935], [-120.2116618, 47.944541], [-120.2116171, 47.9445723], [-120.21158, 47.9446056], [-120.2115452, 47.9446498], [-120.2114954, 47.9447276], [-120.2114613, 47.9447847], [-120.2114395, 47.9448301], [-120.2114231, 47.9448922], [-120.2114077, 47.9449339], [-120.2113863, 47.9449637], [-120.2113479, 47.9449954], [-120.2112564, 47.9450661], [-120.2111556, 47.9451217], [-120.2110843, 47.9451609], [-120.2109981, 47.9451889], [-120.2108602, 47.9452098], [-120.2107809, 47.9452219], [-120.2106987, 47.945252], [-120.2106032, 47.945307], [-120.2102691, 47.9455418], [-120.210043, 47.9457018], [-120.2099773, 47.9457474], [-120.2099152, 47.9458065], [-120.2098743, 47.9458639], [-120.2098527, 47.9459018], [-120.2098249, 47.9459373], [-120.2097646, 47.9459885], [-120.2096779, 47.9460536], [-120.2095579, 47.9461306], [-120.2088376, 47.9465069], [-120.2087573, 47.9465602], [-120.2087116, 47.9466127], [-120.2086795, 47.9466735], [-120.2086523, 47.946716], [-120.2086022, 47.946774], [-120.2084552, 47.9469041], [-120.208158, 47.9471451], [-120.2079785, 47.9472823], [-120.2079243, 47.9473331], [-120.2079006, 47.9473694], [-120.2078828, 47.9474084], [-120.2078728, 47.9474492], [-120.2078633, 47.9475211], [-120.2078599, 47.9476651], [-120.2078514, 47.9477734], [-120.2078328, 47.947853], [-120.2077938, 47.9479479], [-120.2077402, 47.9480519], [-120.2076651, 47.9481511], [-120.2074322, 47.9483983], [-120.2071035, 47.9486996], [-120.2070182, 47.9487996], [-120.2069415, 47.9489542], [-120.2069316, 47.9491328], [-120.2069489, 47.9493422], [-120.2072709, 47.951247], [-120.2072935, 47.9513841], [-120.2072855, 47.9515547], [-120.2072269, 47.95164], [-120.2071594, 47.9517232], [-120.2071976, 47.9518159], [-120.2072725, 47.9518723], [-120.2073678, 47.9519432], [-120.2074104, 47.9519858], [-120.2075682, 47.9521266], [-120.2076487, 47.9522521], [-120.2076663, 47.952327], [-120.2076612, 47.9524354], [-120.2076278, 47.9525436], [-120.2076152, 47.9526596], [-120.207624, 47.9527825], [-120.2077236, 47.9530351], [-120.2078503, 47.9532771], [-120.2079338, 47.953416], [-120.2080027, 47.9535307], [-120.2081568, 47.9537306], [-120.2084102, 47.9540221], [-120.208694, 47.954322], [-120.2088413, 47.9545265], [-120.2089231, 47.954701], [-120.2089647, 47.9548801], [-120.2089606, 47.9550841], [-120.2088901, 47.9553155], [-120.2086542, 47.9557059], [-120.2085399, 47.9559129], [-120.2085066, 47.9560504], [-120.2084933, 47.9562201], [-120.2085441, 47.956446], [-120.2086362, 47.9566102], [-120.2087279, 47.9568838], [-120.2087812, 47.9570937], [-120.2087979, 47.9572403], [-120.2087912, 47.9573669], [-120.2087579, 47.9574769], [-120.2086979, 47.9575435], [-120.2085947, 47.9576101], [-120.2084281, 47.9576868], [-120.2083348, 47.9577501], [-120.2082348, 47.9578367], [-120.2080492, 47.9580427], [-120.20784, 47.9585951], [-120.2078499, 47.9590954], [-120.2078533, 47.9592666], [-120.2077997, 47.9598594], [-120.2076924, 47.9603084], [-120.2077809, 47.960418], [-120.207805, 47.9605527], [-120.2076951, 47.9606802], [-120.2077356, 47.9607915], [-120.2078213, 47.9608038], [-120.2078667, 47.960788], [-120.2078748, 47.9606425], [-120.2081054, 47.9605671], [-120.2080905, 47.9607098], [-120.2084434, 47.9606622], [-120.2085882, 47.9607179], [-120.2088243, 47.9609011], [-120.2089906, 47.9610825], [-120.2091327, 47.9615801], [-120.2089618, 47.9628194], [-120.2085745, 47.9641666], [-120.2086618, 47.964434], [-120.2088411, 47.9646133], [-120.2091594, 47.9647895], [-120.2095242, 47.9648944], [-120.2100434, 47.9649656], [-120.2104901, 47.9651208], [-120.2106492, 47.9651944], [-120.2107315, 47.965317], [-120.2107821, 47.9654231], [-120.2107852, 47.9655529], [-120.2107728, 47.9656456], [-120.2107089, 47.9657773], [-120.2103467, 47.9662829], [-120.2103016, 47.9670092], [-120.2106561, 47.9674525], [-120.21102, 47.9677561], [-120.2114409, 47.9679354], [-120.2120326, 47.9680749], [-120.2129852, 47.9684332], [-120.2130435, 47.9685578], [-120.2131126, 47.9686591], [-120.2134338, 47.9689589], [-120.2134292, 47.9690508], [-120.2134382, 47.9691665], [-120.2135119, 47.9693035], [-120.2136932, 47.9694564], [-120.2136978, 47.9695682], [-120.2136983, 47.9696111], [-120.2136745, 47.9696525], [-120.2136402, 47.9696831], [-120.2135783, 47.9697136], [-120.2134881, 47.9697377], [-120.213456, 47.9697487], [-120.2134293, 47.9697595], [-120.2133989, 47.9697718], [-120.2132143, 47.9698465], [-120.2131289, 47.9699554], [-120.2130333, 47.9700274], [-120.2130659, 47.970138], [-120.2129866, 47.9701812], [-120.2129184, 47.9701846], [-120.2128759, 47.9701601], [-120.212821, 47.9702045], [-120.2128201, 47.9702473], [-120.2127272, 47.9702793], [-120.2126196, 47.9703629], [-120.2126124, 47.9705075], [-120.2125565, 47.9705888], [-120.2125541, 47.9708522], [-120.2126506, 47.9709628], [-120.2126392, 47.9710025], [-120.2126602, 47.9711217], [-120.2126392, 47.9712907], [-120.2125367, 47.9713792], [-120.2124502, 47.9714308], [-120.2123511, 47.9715228], [-120.2122867, 47.9716659], [-120.212341, 47.971735], [-120.2123663, 47.9717598], [-120.2123646, 47.971795], [-120.2123622, 47.9718454], [-120.2122484, 47.9718485], [-120.2122191, 47.9718686], [-120.2122109, 47.972003], [-120.2122512, 47.9720408], [-120.2121872, 47.9721764], [-120.2122775, 47.9723083], [-120.2123555, 47.9723238], [-120.212364, 47.9724422], [-120.212377, 47.9725623], [-120.2123867, 47.9726514], [-120.2123535, 47.9727034], [-120.2122724, 47.9727525], [-120.2124198, 47.9730783], [-120.2126184, 47.9732101], [-120.2127627, 47.9733494], [-120.2129897, 47.9733908], [-120.2130056, 47.9733946], [-120.2131072, 47.9734194], [-120.2132096, 47.9733042], [-120.2131967, 47.9732256], [-120.2132602, 47.9731499], [-120.2133454, 47.9730876], [-120.2135177, 47.9730321], [-120.2136165, 47.9730156], [-120.2137403, 47.973031], [-120.2138398, 47.9730695], [-120.2139008, 47.9731102], [-120.213918, 47.9731858], [-120.2138865, 47.9732525], [-120.2140091, 47.9732503], [-120.2142915, 47.9733461], [-120.2144964, 47.9733694], [-120.214647, 47.9733765], [-120.214737, 47.9734302], [-120.2150382, 47.9735593], [-120.2152164, 47.9739342], [-120.2153892, 47.9741591], [-120.215622, 47.9743644], [-120.2158925, 47.9744382], [-120.2165194, 47.9745918], [-120.2169478, 47.9748434], [-120.2170102, 47.974931], [-120.216949, 47.9749669], [-120.2169901, 47.9750456], [-120.2170854, 47.975147], [-120.2171658, 47.9751882], [-120.2171294, 47.97545], [-120.2170486, 47.9754433], [-120.2169897, 47.9755469], [-120.2171721, 47.975592], [-120.217378, 47.9756679], [-120.2176451, 47.9757889], [-120.2178502, 47.9758506], [-120.2180252, 47.9758762], [-120.2180763, 47.9758812], [-120.2180858, 47.975941], [-120.2181276, 47.9760254], [-120.2181753, 47.9760697], [-120.2182566, 47.9761231], [-120.2182271, 47.976177], [-120.2182498, 47.9762605], [-120.2183276, 47.9762992], [-120.2184993, 47.9763233], [-120.2185759, 47.9763579], [-120.2185647, 47.9764069], [-120.218589, 47.9764588], [-120.2186944, 47.9765455], [-120.218755, 47.9766319], [-120.2193706, 47.9772504], [-120.2197172, 47.9774889], [-120.2197856, 47.9775425], [-120.2198382, 47.9775845], [-120.2198647, 47.977618], [-120.2198846, 47.9776515], [-120.2198969, 47.9776979], [-120.2199056, 47.977759], [-120.2199091, 47.9778216], [-120.2199016, 47.9779093], [-120.2198705, 47.9780794], [-120.2198155, 47.9783248], [-120.2198125, 47.9785092], [-120.2198487, 47.9786394], [-120.2198981, 47.9787282], [-120.2199692, 47.9787919], [-120.2201536, 47.9788656], [-120.2202972, 47.9789194], [-120.2204053, 47.9789995], [-120.2204829, 47.9790767], [-120.220535, 47.9791663], [-120.2206676, 47.9794523], [-120.2207955, 47.9796538], [-120.220943, 47.9798456], [-120.2210782, 47.9799757], [-120.2211434, 47.9800383], [-120.2212006, 47.9800775], [-120.2212417, 47.9800979], [-120.2212965, 47.9801132], [-120.2214125, 47.9801317], [-120.2215032, 47.9801589], [-120.2215969, 47.9802045], [-120.2216493, 47.9802542], [-120.2216816, 47.9802928], [-120.2217428, 47.980404], [-120.2218011, 47.980484], [-120.2219071, 47.98057], [-120.2220783, 47.9806674], [-120.2224854, 47.9808672], [-120.2226511, 47.9809069], [-120.2228052, 47.9808876], [-120.2230463, 47.980775], [-120.2232921, 47.9807212], [-120.223599, 47.9807535], [-120.223876, 47.9808595], [-120.2241576, 47.9811468], [-120.2243753, 47.9812897], [-120.2246729, 47.9813985], [-120.2251724, 47.9814929], [-120.2255205, 47.9816064], [-120.2259155, 47.9817845], [-120.2264098, 47.9819523], [-120.2271742, 47.9821621], [-120.2277638, 47.9823749], [-120.2280396, 47.9825161], [-120.2283112, 47.982711], [-120.2286857, 47.9830279], [-120.229305, 47.9836522], [-120.2298902, 47.9839439], [-120.2302626, 47.9841085], [-120.2307443, 47.9842427], [-120.2312622, 47.9845354], [-120.2319709, 47.9850356], [-120.2320799, 47.9854258], [-120.2322072, 47.9854563], [-120.2321798, 47.9858588], [-120.2323979, 47.9860906], [-120.2326342, 47.9861211], [-120.2330067, 47.9864809], [-120.2333611, 47.9867127], [-120.2333247, 47.986792], [-120.2335883, 47.9869932], [-120.2340516, 47.987164], [-120.2342814, 47.9872734], [-120.234615, 47.9874323], [-120.2345877, 47.9876091], [-120.2352511, 47.9878165], [-120.2359143, 47.9879202], [-120.2359961, 47.9881946], [-120.2363323, 47.9884325], [-120.236623, 47.988402], [-120.2372045, 47.988652], [-120.2377406, 47.9886704], [-120.2377406, 47.988896], [-120.2381677, 47.9890118], [-120.2384039, 47.9889631], [-120.23894, 47.989018], [-120.2394943, 47.9889753], [-120.2399577, 47.9890606], [-120.2402212, 47.9891277], [-120.240312, 47.9893168], [-120.2406392, 47.9893838], [-120.2412298, 47.9892741], [-120.2413843, 47.98939], [-120.2418022, 47.98939], [-120.2421656, 47.9893351], [-120.2428653, 47.9895303], [-120.2430652, 47.98964], [-120.2435195, 47.98964], [-120.2436921, 47.9898656], [-120.2439829, 47.989884], [-120.2440738, 47.990067], [-120.2439375, 47.9902072], [-120.2443373, 47.9905121], [-120.2446462, 47.9905426], [-120.2447916, 47.9906951], [-120.2450914, 47.9907804], [-120.2451913, 47.991], [-120.2451913, 47.9912439], [-120.2457729, 47.9914452], [-120.2462181, 47.991677], [-120.2467724, 47.9916038], [-120.2474266, 47.9917684], [-120.2473357, 47.9919026], [-120.2478718, 47.9920977], [-120.2478263, 47.9921954], [-120.2482443, 47.9922747], [-120.2486714, 47.992171], [-120.2486623, 47.9923722], [-120.2491711, 47.9924576], [-120.2494347, 47.9925063], [-120.2498072, 47.9927869], [-120.2504069, 47.9929699], [-120.2504977, 47.9930918], [-120.2507612, 47.9930918], [-120.2509338, 47.9930125], [-120.2511882, 47.9930918], [-120.2513791, 47.9930248], [-120.2516335, 47.9930492], [-120.2517425, 47.993165], [-120.252115, 47.993287], [-120.2523695, 47.9932992], [-120.2526057, 47.9931772], [-120.2527511, 47.9932626], [-120.2527329, 47.9933724], [-120.2529328, 47.993409], [-120.2529419, 47.9935188], [-120.2534053, 47.9936285], [-120.253796, 47.993476], [-120.2543049, 47.9933968], [-120.2545863, 47.9932412], [-120.2547044, 47.9930765], [-120.2550134, 47.9929606], [-120.2554496, 47.9929484], [-120.2555041, 47.9931314], [-120.2559039, 47.9932107], [-120.2563037, 47.9930704], [-120.2565218, 47.9929667], [-120.2568217, 47.9928691], [-120.2571215, 47.9926556], [-120.2573941, 47.9924361], [-120.2577758, 47.9924178], [-120.2582393, 47.9924361], [-120.2584028, 47.9925581], [-120.2587662, 47.9927044], [-120.2589843, 47.9929484], [-120.2602474, 47.9933814], [-120.2609259, 47.9932816], [-120.2610874, 47.9931694], [-120.261131, 47.9931959], [-120.2612283, 47.9932619], [-120.2616831, 47.9933144], [-120.2618545, 47.9931273], [-120.2619547, 47.9930084], [-120.2619879, 47.9929951], [-120.2620866, 47.9930559], [-120.2621737, 47.9930482], [-120.2622125, 47.9931592], [-120.2622625, 47.993153], [-120.2622946, 47.9930713], [-120.2623395, 47.9930435], [-120.262447, 47.9930658], [-120.2624245, 47.9931787], [-120.2624069, 47.9932965], [-120.2624358, 47.9933915], [-120.2625316, 47.9934911], [-120.2626484, 47.9934966], [-120.2633641, 47.9933144], [-120.2640002, 47.9932228], [-120.2646272, 47.9931802], [-120.2650088, 47.9933082], [-120.2655268, 47.9931558], [-120.2658448, 47.9931863], [-120.2662356, 47.9932533], [-120.2665446, 47.9933754], [-120.2665718, 47.9935156], [-120.2670261, 47.9936681], [-120.2672351, 47.9938205], [-120.2675168, 47.9939609], [-120.267953, 47.9941682], [-120.2680802, 47.9942963], [-120.2682892, 47.9943085], [-120.2685254, 47.9942109], [-120.268798, 47.9942414], [-120.2692523, 47.9944183], [-120.2695613, 47.9944488], [-120.2697612, 47.9946012], [-120.2696521, 47.9946988], [-120.2698248, 47.9949549], [-120.2702428, 47.9953514], [-120.2703428, 47.9954063], [-120.2702882, 47.9956258], [-120.27047, 47.9957051], [-120.2704791, 47.9960345], [-120.2707881, 47.9961626], [-120.2708698, 47.996309], [-120.2706517, 47.996742], [-120.2708244, 47.9970103], [-120.2709062, 47.9975471], [-120.2710788, 47.9976812], [-120.2711606, 47.9978337], [-120.2711969, 47.997974], [-120.2717512, 47.9981386], [-120.2722328, 47.9981204], [-120.2723782, 47.9982484], [-120.2725354, 47.9983853], [-120.2725425, 47.9984474], [-120.2726082, 47.9984786], [-120.2727244, 47.998545], [-120.2728078, 47.9985608], [-120.2728906, 47.9985741], [-120.2729932, 47.9985448], [-120.2731078, 47.9985238], [-120.2731484, 47.9985489], [-120.2732125, 47.9985763], [-120.2732391, 47.9986206], [-120.273317, 47.9986584], [-120.2733951, 47.9986291], [-120.2735991, 47.998678], [-120.2737565, 47.9986935], [-120.2738364, 47.998661], [-120.2739358, 47.9986481], [-120.2740171, 47.9985877], [-120.2741488, 47.9985814], [-120.2742073, 47.9985979], [-120.2745366, 47.9985773], [-120.2745999, 47.9985888], [-120.2746732, 47.9985644], [-120.2747903, 47.9985483], [-120.2748815, 47.9985358], [-120.2749121, 47.9985812], [-120.2750606, 47.9986224], [-120.2751187, 47.9987224], [-120.2751897, 47.9987849], [-120.2754777, 47.9989014], [-120.2759238, 47.9989623], [-120.2762061, 47.9989014], [-120.2771713, 47.9990659], [-120.2776266, 47.9990903], [-120.2787649, 47.9992], [-120.2792019, 47.9993158], [-120.2798247, 47.999564], [-120.2816058, 47.9997362], [-120.2820156, 47.9997058], [-120.2821328, 47.9998198], [-120.2825983, 47.9998825], [-120.2829717, 48.0000044], [-120.2833723, 48.0000775], [-120.2836455, 48.000364], [-120.2841828, 48.000498], [-120.2842829, 48.0005772], [-120.2842738, 48.0007052], [-120.2854029, 48.0011805], [-120.2856214, 48.00115], [-120.2857975, 48.0013482], [-120.2865047, 48.0015888], [-120.2867415, 48.0015096], [-120.287133, 48.0015705], [-120.2888358, 48.002058], [-120.2890088, 48.0020154], [-120.2892748, 48.002027], [-120.2894071, 48.0020778], [-120.2894458, 48.0021494], [-120.290056, 48.0024358], [-120.2904202, 48.0027649], [-120.2905841, 48.0027161], [-120.2910121, 48.0028624], [-120.2910394, 48.0030878], [-120.2912852, 48.003228], [-120.2917041, 48.0032341], [-120.2921411, 48.0038861], [-120.2931428, 48.004203], [-120.2932339, 48.0041177], [-120.2937893, 48.0041421], [-120.2939805, 48.004002], [-120.2946544, 48.0040568], [-120.295492, 48.0042884], [-120.296002, 48.0042213], [-120.2965483, 48.0043493], [-120.2971493, 48.0047027], [-120.2973223, 48.0049099], [-120.2975864, 48.0049708], [-120.2978596, 48.005239], [-120.298069, 48.0052268], [-120.2982329, 48.0053243], [-120.2982603, 48.005501], [-120.2988886, 48.0058057], [-120.2991526, 48.0058239], [-120.2995532, 48.0062018], [-120.3000085, 48.0063602], [-120.3000814, 48.0065003], [-120.3014017, 48.0070914], [-120.3019572, 48.007195], [-120.3025672, 48.0075363], [-120.3032264, 48.0074846], [-120.3043003, 48.0077891], [-120.3050557, 48.0078378], [-120.3057747, 48.008203], [-120.3065301, 48.0080264], [-120.3070944, 48.0080447], [-120.3080045, 48.008337], [-120.308364, 48.0084079], [-120.3089661, 48.0084841], [-120.3092587, 48.0085092], [-120.3095122, 48.0085407], [-120.3096305, 48.0085531], [-120.3096609, 48.008572], [-120.3097109, 48.0085762], [-120.3097659, 48.0085444], [-120.3098361, 48.0085465], [-120.3098731, 48.0085658], [-120.3099631, 48.0086412], [-120.3104163, 48.0086962], [-120.3132285, 48.009652], [-120.313993, 48.0097799], [-120.3151124, 48.0103643], [-120.3155948, 48.0106079], [-120.3155219, 48.0106992], [-120.3156767, 48.0107479], [-120.3156403, 48.0109305], [-120.3158951, 48.0109245], [-120.3159082, 48.0110404], [-120.3160471, 48.0110974], [-120.3162683, 48.0111619], [-120.3164502, 48.0110158], [-120.3168325, 48.0111314], [-120.3170418, 48.0110767], [-120.3174969, 48.0112654], [-120.3176971, 48.0114541], [-120.3178111, 48.0116276], [-120.3181054, 48.011857], [-120.3182827, 48.0119954], [-120.3184616, 48.0120143], [-120.3189098, 48.012285], [-120.3189805, 48.0123259], [-120.3192625, 48.0124526], [-120.3195513, 48.0124763], [-120.3195713, 48.0125662], [-120.3197029, 48.0125959], [-120.3197664, 48.0125649], [-120.3198906, 48.0126224], [-120.3201682, 48.0126736], [-120.3202439, 48.0127244], [-120.3202852, 48.0127866], [-120.3203561, 48.012837], [-120.3207602, 48.0129772], [-120.3208307, 48.0130297], [-120.3209204, 48.0130328], [-120.3212548, 48.0131367], [-120.3214279, 48.0131583], [-120.3216449, 48.0131787], [-120.3221856, 48.013186], [-120.3242136, 48.0128873], [-120.3245956, 48.0129543], [-120.324823, 48.0129726], [-120.3262053, 48.0134603], [-120.3264872, 48.0134421], [-120.326569, 48.0135762], [-120.327146, 48.0137909], [-120.3274603, 48.0139115], [-120.3275058, 48.014009], [-120.3279514, 48.0140761], [-120.3282606, 48.0142163], [-120.3288608, 48.0143992], [-120.3292336, 48.014515], [-120.3295429, 48.0145394], [-120.3310032, 48.0150093], [-120.331212, 48.0150525], [-120.3313588, 48.0150632], [-120.3315787, 48.0150775], [-120.3317801, 48.0149296], [-120.3323289, 48.0149273], [-120.3324621, 48.0148487], [-120.3324988, 48.014785], [-120.3325074, 48.0146974], [-120.332492, 48.014636], [-120.3325459, 48.0145723], [-120.3326118, 48.0145495], [-120.3327483, 48.0145611], [-120.3329125, 48.014512], [-120.3331021, 48.0145289], [-120.3331992, 48.0145739], [-120.3332972, 48.0145586], [-120.3333763, 48.0145986], [-120.3334772, 48.0147111], [-120.3335426, 48.0148617], [-120.3335667, 48.0149518], [-120.3336251, 48.0149928], [-120.3336201, 48.0150435], [-120.3336773, 48.0151109], [-120.3337754, 48.0151624], [-120.3339295, 48.0151683], [-120.3340464, 48.0152307], [-120.3343143, 48.015373], [-120.3343264, 48.0155027], [-120.3345083, 48.0155636], [-120.334572, 48.0157404], [-120.3348266, 48.0158197], [-120.3348903, 48.0159294], [-120.3351358, 48.0161672], [-120.3357906, 48.0162952], [-120.3360361, 48.016283], [-120.3363363, 48.0164415], [-120.3367182, 48.0163379], [-120.336991, 48.016222], [-120.3371457, 48.0160514], [-120.337282, 48.0160818], [-120.337373, 48.0162403], [-120.3376913, 48.0161916], [-120.338046, 48.0163989], [-120.3380915, 48.0165207], [-120.3381733, 48.0166975], [-120.3393919, 48.0173376], [-120.3394647, 48.0176791], [-120.3399194, 48.0178863], [-120.3400376, 48.0180692], [-120.3406288, 48.0183131], [-120.34152, 48.0185996], [-120.3417564, 48.0185692], [-120.342011, 48.018624], [-120.3421383, 48.018746], [-120.3425113, 48.0188557], [-120.3428862, 48.0191997], [-120.343006, 48.0192117], [-120.3430719, 48.0191996], [-120.3430743, 48.0192315], [-120.3430864, 48.0192593], [-120.343167, 48.0193033], [-120.3432166, 48.0193421], [-120.3432458, 48.0193765], [-120.3433063, 48.0194301], [-120.3433015, 48.0195051], [-120.3433697, 48.0195412], [-120.3433745, 48.0195903], [-120.3433854, 48.019623], [-120.3435266, 48.0197083], [-120.3435082, 48.0197296], [-120.3434716, 48.0197459], [-120.3434601, 48.0197681], [-120.3436091, 48.0198426], [-120.3437018, 48.0198657], [-120.3438117, 48.0198249], [-120.3438922, 48.019825], [-120.3440209, 48.0198921], [-120.3443847, 48.0200323], [-120.344494, 48.0200517], [-120.3445158, 48.0201172], [-120.3446717, 48.0202008], [-120.3448262, 48.0203461], [-120.3449078, 48.0203648], [-120.3450224, 48.020383], [-120.3451006, 48.0203438], [-120.3453812, 48.0203653], [-120.345566, 48.0204371], [-120.3458516, 48.0204593], [-120.3460219, 48.020498], [-120.3461195, 48.0206135], [-120.3463096, 48.0206956], [-120.3465675, 48.0207861], [-120.3467673, 48.021017], [-120.3468743, 48.0211284], [-120.3469595, 48.0212362], [-120.347186, 48.0213219], [-120.3474151, 48.0213877], [-120.3476978, 48.0214732], [-120.3479171, 48.0215651], [-120.3483217, 48.0217031], [-120.3487408, 48.0218733], [-120.34905, 48.0219039], [-120.3494496, 48.0220696], [-120.3497139, 48.0221051], [-120.3500504, 48.0223185], [-120.3518708, 48.0226408], [-120.3524781, 48.022837], [-120.3527578, 48.0230926], [-120.3535424, 48.0233527], [-120.3541087, 48.0234029], [-120.3544703, 48.0237634], [-120.3550229, 48.0237999], [-120.3556029, 48.023987], [-120.3557189, 48.0241513], [-120.3561215, 48.0242836], [-120.3566263, 48.0246852], [-120.3571243, 48.0246944], [-120.3578749, 48.0249545], [-120.3580727, 48.0251508], [-120.3584937, 48.0253543], [-120.359178, 48.0253698], [-120.3594714, 48.0252557], [-120.359833, 48.0253105], [-120.3604811, 48.0252648], [-120.3612999, 48.0255021], [-120.3617638, 48.0255569], [-120.3625348, 48.0255387], [-120.3627531, 48.0256345], [-120.3644508, 48.0259386], [-120.3646238, 48.0259912], [-120.3647848, 48.0260192], [-120.3648483, 48.0259948], [-120.3649117, 48.0259866], [-120.364963, 48.0259662], [-120.3650105, 48.0259584], [-120.3650166, 48.02599], [-120.3649701, 48.0260489], [-120.3649969, 48.0260964], [-120.3650553, 48.0261357], [-120.3650967, 48.0261816], [-120.3652093, 48.0262468], [-120.3654413, 48.0263738], [-120.3654481, 48.0265335], [-120.3659455, 48.0267039], [-120.3665534, 48.0268119], [-120.3669815, 48.0270588], [-120.3677675, 48.0273281], [-120.367952, 48.0272683], [-120.3682454, 48.0274919], [-120.3683818, 48.0276607], [-120.3687021, 48.0278595], [-120.3690778, 48.0279482], [-120.3693709, 48.0280145], [-120.3702078, 48.0280998], [-120.3704262, 48.0282458], [-120.3709356, 48.0282215], [-120.371154, 48.0283249], [-120.3713439, 48.0283126], [-120.3714276, 48.0282835], [-120.3715187, 48.0282823], [-120.3719564, 48.0284001], [-120.372427, 48.0286316], [-120.3727777, 48.0287946], [-120.3729146, 48.0288121], [-120.3731146, 48.0288189], [-120.3732074, 48.0287895], [-120.3732758, 48.0287798], [-120.3735003, 48.0287538], [-120.3737154, 48.0287983], [-120.37384, 48.0287013], [-120.3739719, 48.0287218], [-120.3741053, 48.0287643], [-120.3741529, 48.0288313], [-120.3743491, 48.0288595], [-120.3745296, 48.0288761], [-120.3747002, 48.0288545], [-120.3747493, 48.0288174], [-120.3747593, 48.0287356], [-120.3748412, 48.0286715], [-120.3749054, 48.0286474], [-120.3750765, 48.0287195], [-120.3752277, 48.0287655], [-120.375447, 48.0288581], [-120.3756762, 48.0289558], [-120.3758467, 48.0290542], [-120.3759334, 48.0290978], [-120.3760661, 48.0291494], [-120.3762171, 48.0292379], [-120.3763781, 48.0292675], [-120.376607, 48.0294202], [-120.3767095, 48.0294397], [-120.3767632, 48.029425], [-120.3768852, 48.0294546], [-120.3773491, 48.0294871], [-120.3774827, 48.0295551], [-120.3775485, 48.0296075], [-120.3776945, 48.029755], [-120.3777017, 48.0298188], [-120.3777949, 48.0298891], [-120.3779722, 48.0299435], [-120.3781429, 48.0300124], [-120.3783283, 48.0300158], [-120.3784453, 48.0300782], [-120.3786296, 48.0300755], [-120.3787673, 48.0301112], [-120.3789086, 48.0301768], [-120.378967, 48.0302653], [-120.3791079, 48.030361], [-120.3791616, 48.0305044], [-120.3791029, 48.03056], [-120.3790694, 48.0306386], [-120.3796701, 48.0311301], [-120.3797488, 48.0311835], [-120.3798603, 48.031217], [-120.3799505, 48.0312188], [-120.380053, 48.0312058], [-120.3800994, 48.0312173], [-120.3802017, 48.0312714], [-120.3803261, 48.0313075], [-120.380392, 48.031306], [-120.3804382, 48.0313518], [-120.380548, 48.0313798], [-120.3806368, 48.0314052], [-120.3808917, 48.031511], [-120.3810454, 48.0315226], [-120.3811066, 48.0315584], [-120.3815451, 48.0317375], [-120.3816231, 48.0317818], [-120.3816352, 48.0318227], [-120.3816986, 48.0318604], [-120.3817351, 48.0318932], [-120.3817826, 48.0319137], [-120.3818314, 48.031917], [-120.3818656, 48.031913], [-120.3819119, 48.0319147], [-120.3820585, 48.0318641], [-120.3821256, 48.0318396], [-120.3821464, 48.0318232], [-120.3821903, 48.0318298], [-120.3822086, 48.0318413], [-120.382272, 48.0318545], [-120.3822914, 48.0319101], [-120.3824109, 48.0319397], [-120.3824889, 48.0319676], [-120.3825523, 48.0319677], [-120.3826815, 48.0320284], [-120.3828108, 48.0320399], [-120.3829059, 48.0320482], [-120.3830275, 48.0320381], [-120.3830743, 48.032068], [-120.3831401, 48.0320943], [-120.383135, 48.0321941], [-120.383213, 48.0322236], [-120.383271, 48.0322918], [-120.383281, 48.0323645], [-120.3832223, 48.03242], [-120.3832222, 48.0324888], [-120.3832951, 48.0325969], [-120.3832853, 48.0326247], [-120.3832243, 48.032641], [-120.3832047, 48.0326737], [-120.3833047, 48.0326796], [-120.383456, 48.0326903], [-120.3835828, 48.0327297], [-120.3836119, 48.0327821], [-120.3837046, 48.0328133], [-120.3837949, 48.0327954], [-120.3838656, 48.0328216], [-120.3839265, 48.0328626], [-120.3841045, 48.0329266], [-120.3842143, 48.0329218], [-120.3842558, 48.0329268], [-120.3843865, 48.0329703], [-120.3844485, 48.0329515], [-120.3846241, 48.032968], [-120.3847218, 48.0329518], [-120.3848315, 48.0329732], [-120.3849341, 48.0329307], [-120.3850023, 48.0329766], [-120.385156, 48.0329665], [-120.385205, 48.0329261], [-120.3852222, 48.0328344], [-120.3853004, 48.0328165], [-120.3853956, 48.0327806], [-120.3854664, 48.0327545], [-120.3855948, 48.0327588], [-120.3856397, 48.0327595], [-120.3856555, 48.03278], [-120.3856731, 48.0327841], [-120.3856969, 48.0327833], [-120.3857189, 48.0327694], [-120.3857421, 48.0327629], [-120.3858177, 48.0327761], [-120.3859641, 48.0327926], [-120.3860909, 48.0328124], [-120.3863124, 48.0329133], [-120.3863322, 48.0329501], [-120.386337, 48.0329948], [-120.3864029, 48.0329992], [-120.3864615, 48.0329813], [-120.3865551, 48.0329117], [-120.3866324, 48.032934], [-120.3867908, 48.0329996], [-120.3869616, 48.0330276], [-120.3870762, 48.0330441], [-120.3871786, 48.03309], [-120.38749, 48.0331653], [-120.3875859, 48.0331788], [-120.387659, 48.0332197], [-120.38776, 48.0332639], [-120.3883513, 48.0335377], [-120.3888624, 48.0340005], [-120.3891375, 48.0340225], [-120.3897652, 48.0337608], [-120.3901746, 48.0337608], [-120.3903382, 48.0339712], [-120.3905203, 48.0339677], [-120.3907204, 48.0341564], [-120.3910479, 48.0341929], [-120.3916029, 48.0341381], [-120.391894, 48.033986], [-120.3924308, 48.0340225], [-120.3926943, 48.0340794], [-120.3935042, 48.0340529], [-120.3936589, 48.0338217], [-120.3944321, 48.034059], [-120.3952826, 48.0340694], [-120.3954483, 48.0341401], [-120.3955068, 48.034186], [-120.395658, 48.0342303], [-120.395714, 48.0342795], [-120.3957603, 48.0343073], [-120.3958335, 48.0343172], [-120.3959048, 48.0342904], [-120.3959921, 48.0343337], [-120.3960921, 48.0343404], [-120.3962776, 48.034334], [-120.3964727, 48.03438], [-120.3969157, 48.0344606], [-120.3969995, 48.0345016], [-120.3970773, 48.0346424], [-120.3970626, 48.0346915], [-120.3970489, 48.0347338], [-120.3971039, 48.0347602], [-120.3971503, 48.0347652], [-120.3971942, 48.0347865], [-120.3972039, 48.0348209], [-120.3972672, 48.0348325], [-120.3973405, 48.0348259], [-120.3974697, 48.0348751], [-120.3975087, 48.0349291], [-120.3975598, 48.0349652], [-120.3975378, 48.0350012], [-120.3975525, 48.0350448], [-120.3978182, 48.0351143], [-120.3980524, 48.0351473], [-120.3982331, 48.0351049], [-120.3984736, 48.0351248], [-120.3986721, 48.0351936], [-120.3989305, 48.0353182], [-120.3990172, 48.0355133], [-120.3996654, 48.0357692], [-120.4002999, 48.035915], [-120.4006029, 48.0361393], [-120.4015403, 48.0357807], [-120.4016949, 48.0354278], [-120.402532, 48.0353669], [-120.402905, 48.0350261], [-120.4043535, 48.0348187], [-120.4045438, 48.0348025], [-120.4046659, 48.0347731], [-120.4047599, 48.0347438], [-120.4048075, 48.0347143], [-120.4048417, 48.0347021], [-120.4048842, 48.0347061], [-120.4049124, 48.0347537], [-120.4049013, 48.0347881], [-120.4048585, 48.0348453], [-120.4048242, 48.0349304], [-120.40484, 48.0349607], [-120.4048423, 48.0350441], [-120.4048646, 48.0350686], [-120.4057069, 48.0358355], [-120.4084544, 48.0367482], [-120.4088911, 48.0367786], [-120.4090252, 48.0371436], [-120.4094733, 48.0373203], [-120.4100373, 48.0371316], [-120.4106196, 48.0371194], [-120.4109652, 48.0373142], [-120.4114474, 48.0372594], [-120.4122025, 48.037521], [-120.4127575, 48.037588], [-120.4130122, 48.037874], [-120.4135608, 48.0382912], [-120.415284, 48.0383114], [-120.416212, 48.038567], [-120.4175221, 48.0386446], [-120.4179132, 48.0386644], [-120.4184044, 48.0384697], [-120.4190049, 48.0386096], [-120.4201149, 48.0387983], [-120.4202604, 48.0389625], [-120.4211429, 48.0392485], [-120.4218616, 48.0392912], [-120.4226256, 48.039687], [-120.4230716, 48.0397172], [-120.4235802, 48.0399693], [-120.4241632, 48.039924], [-120.4252732, 48.04035], [-120.4254288, 48.0403232], [-120.4255924, 48.0402622], [-120.4256272, 48.0402156], [-120.4257345, 48.0401438], [-120.4258069, 48.0401564], [-120.425933, 48.0401833], [-120.4260349, 48.0401582], [-120.4262388, 48.0401779], [-120.4263702, 48.040246], [-120.4265311, 48.0402478], [-120.4266599, 48.040212], [-120.4267457, 48.0402263], [-120.4269442, 48.0404218], [-120.427089, 48.0405527], [-120.4272205, 48.0407338], [-120.4272687, 48.0407769], [-120.4273868, 48.040793], [-120.4276872, 48.040836], [-120.4278159, 48.0408629], [-120.427883, 48.040854], [-120.4279098, 48.0408074], [-120.4279929, 48.0407428], [-120.4281405, 48.0407087], [-120.4282665, 48.0406191], [-120.4285079, 48.0404648], [-120.4286447, 48.0404505], [-120.4286796, 48.0405545], [-120.4286206, 48.0406675], [-120.4287547, 48.0408881], [-120.4288512, 48.0409275], [-120.4288754, 48.0409885], [-120.4289746, 48.0410746], [-120.4290605, 48.0410764], [-120.4291409, 48.0411768], [-120.4292536, 48.041184], [-120.4292911, 48.0411983], [-120.4292938, 48.0412449], [-120.4292884, 48.0413131], [-120.4293448, 48.0413794], [-120.4294091, 48.0413956], [-120.4294789, 48.0413848], [-120.4295325, 48.0413561], [-120.4295647, 48.0413525], [-120.429605, 48.041374], [-120.4296264, 48.0413991], [-120.4296318, 48.0414476], [-120.4297552, 48.041643], [-120.4297873, 48.0416771], [-120.4298329, 48.0416735], [-120.4299617, 48.0416377], [-120.4300529, 48.0416359], [-120.4301092, 48.0416628], [-120.4301333, 48.041713], [-120.4301736, 48.0417345], [-120.4302353, 48.0417524], [-120.4303372, 48.0418313], [-120.4304016, 48.0418636], [-120.4305035, 48.0418887], [-120.4305759, 48.0419497], [-120.4305598, 48.0420071], [-120.430592, 48.0420232], [-120.4306671, 48.0420196], [-120.4307449, 48.0419891], [-120.4308817, 48.042016], [-120.4309648, 48.0419981], [-120.4310024, 48.041982], [-120.4311579, 48.0419874], [-120.4312465, 48.0419407], [-120.4313135, 48.0418923], [-120.4313886, 48.0418941], [-120.4314315, 48.0419336], [-120.431461, 48.0420107], [-120.431571, 48.0421505], [-120.431689, 48.0421756], [-120.431807, 48.042285], [-120.4318929, 48.0423191], [-120.4319599, 48.0423227], [-120.4321665, 48.0422366], [-120.4322496, 48.0422545], [-120.4324266, 48.0422205], [-120.4325151, 48.0421882], [-120.4326841, 48.0421595], [-120.4328343, 48.0421667], [-120.4329711, 48.0421326], [-120.4331455, 48.0421093], [-120.4333037, 48.0421201], [-120.4334137, 48.0421326], [-120.4335612, 48.0421326], [-120.4337704, 48.0421021], [-120.4340065, 48.042068], [-120.4340923, 48.0420967], [-120.4344168, 48.0420788], [-120.4344893, 48.0420824], [-120.4346582, 48.0421434], [-120.4347494, 48.0421541], [-120.4348943, 48.0421667], [-120.4349962, 48.0422061], [-120.4352456, 48.0422581], [-120.4352778, 48.0422832], [-120.4353422, 48.0422868], [-120.4355702, 48.042285], [-120.4357016, 48.0422617], [-120.4358116, 48.0422689], [-120.435935, 48.0423783], [-120.4360127, 48.0424016], [-120.4360423, 48.0424536], [-120.4360744, 48.0424715], [-120.4361281, 48.0424877], [-120.43623, 48.0425791], [-120.4362917, 48.0426813], [-120.4364312, 48.0427872], [-120.4364446, 48.0428912], [-120.4364902, 48.042936], [-120.4366618, 48.0430346], [-120.4368362, 48.0430902], [-120.4368979, 48.0431315], [-120.4369274, 48.0431924], [-120.4369327, 48.0432606], [-120.4370534, 48.0433592], [-120.43715, 48.0433951], [-120.4372358, 48.0434829], [-120.4372546, 48.0435385], [-120.4373083, 48.043569], [-120.4373539, 48.043578], [-120.4374504, 48.0436246], [-120.4374719, 48.0436694], [-120.4375148, 48.0436838], [-120.4375631, 48.0436856], [-120.4376408, 48.0437232], [-120.437775, 48.0437286], [-120.4378742, 48.0438093], [-120.4380137, 48.043881], [-120.4382069, 48.0439169], [-120.4383034, 48.043933], [-120.438365, 48.0440209], [-120.4383597, 48.0440765], [-120.4383945, 48.0441195], [-120.4385072, 48.0442612], [-120.4385769, 48.044324], [-120.4386789, 48.0443508], [-120.4387486, 48.0444029], [-120.4387566, 48.0444853], [-120.4387325, 48.0445535], [-120.438754, 48.0445786], [-120.4388237, 48.0445876], [-120.4389739, 48.0446969], [-120.4391456, 48.0448763], [-120.4391617, 48.0450305], [-120.4391912, 48.0451076], [-120.4392569, 48.0451676], [-120.4392837, 48.045243], [-120.439273, 48.0454277], [-120.4392211, 48.0455022], [-120.4391724, 48.0455397], [-120.4391348, 48.0455433], [-120.4390892, 48.0455344], [-120.439041, 48.0455379], [-120.4390141, 48.045581], [-120.4390276, 48.0456312], [-120.4390866, 48.0456742], [-120.439167, 48.0457047], [-120.4391992, 48.045737], [-120.4392019, 48.0458177], [-120.4392368, 48.0458392], [-120.4393441, 48.0458392], [-120.4394299, 48.0458733], [-120.4395103, 48.045884], [-120.439564, 48.0458733], [-120.4396713, 48.0458786], [-120.4397088, 48.0458553], [-120.4397625, 48.0458571], [-120.4398446, 48.0458947], [-120.4398832, 48.0459414], [-120.4400173, 48.0459934], [-120.440087, 48.0460328], [-120.4401648, 48.046049], [-120.4402077, 48.0461171], [-120.4404357, 48.0462462], [-120.4404491, 48.0463], [-120.4405135, 48.0463287], [-120.4405451, 48.0464485], [-120.4408953, 48.0467073], [-120.441273, 48.0468988], [-120.4415277, 48.0469049], [-120.4419734, 48.0466554], [-120.4425557, 48.0468379], [-120.4428562, 48.0468429], [-120.4429751, 48.0468022], [-120.4430746, 48.0468051], [-120.4431313, 48.0467958], [-120.443146, 48.0467614], [-120.4432217, 48.0467434], [-120.443251, 48.0467156], [-120.4434013, 48.0467254], [-120.4434658, 48.046701], [-120.4435805, 48.0466961], [-120.4436586, 48.0466962], [-120.4437147, 48.0467469], [-120.4437904, 48.0467486], [-120.4438318, 48.0467609], [-120.4438867, 48.046783], [-120.4439075, 48.046801], [-120.4439001, 48.0468354], [-120.4438579, 48.0468922], [-120.4438714, 48.0469345], [-120.4440244, 48.0470302], [-120.444095, 48.0471514], [-120.4441984, 48.047318], [-120.4442657, 48.0473527], [-120.4443877, 48.047397], [-120.4444828, 48.0474543], [-120.4446071, 48.0475657], [-120.4446998, 48.0476099], [-120.4448218, 48.0476558], [-120.4448936, 48.0477503], [-120.4451576, 48.0483532], [-120.4455124, 48.0484566], [-120.4458673, 48.0483532], [-120.4462039, 48.0483288], [-120.4463131, 48.0485479], [-120.4465951, 48.0486513], [-120.4468769, 48.0486439], [-120.4471955, 48.0484505], [-120.4475231, 48.048627], [-120.4480149, 48.0487311], [-120.4485511, 48.0486818], [-120.4490879, 48.0487913], [-120.4492607, 48.0490834], [-120.4495428, 48.0491747], [-120.4497049, 48.0495487], [-120.4499704, 48.0498562], [-120.4500704, 48.0503918], [-120.4505526, 48.0505804], [-120.4506982, 48.0507813], [-120.4511258, 48.0512985], [-120.451426, 48.0514141], [-120.4517899, 48.0517914], [-120.4524541, 48.0517732], [-120.4527725, 48.0521443], [-120.4530818, 48.0521809], [-120.4536823, 48.0520166], [-120.4542828, 48.0521505], [-120.4545375, 48.0522783], [-120.4553744, 48.0527773], [-120.4558566, 48.0532275], [-120.4569392, 48.0536413], [-120.4574214, 48.054542], [-120.4577854, 48.0547611], [-120.4576398, 48.0551932], [-120.4579946, 48.0553818], [-120.4584222, 48.0553453], [-120.4589863, 48.0552175], [-120.4592683, 48.0554609], [-120.4600052, 48.0557652], [-120.4603236, 48.0558626], [-120.4605784, 48.0558017], [-120.4609332, 48.0556252], [-120.4617065, 48.0555947], [-120.4630075, 48.0563007], [-120.4642447, 48.0568179], [-120.465018, 48.0571892], [-120.4655094, 48.0572926], [-120.465753, 48.0574377], [-120.4659058, 48.057488], [-120.4659765, 48.0575241], [-120.4660701, 48.0575521], [-120.4661425, 48.0575438], [-120.4661889, 48.057552], [-120.4662767, 48.0576495], [-120.4663791, 48.0577477], [-120.4665159, 48.0578073], [-120.4666281, 48.0578728], [-120.4668117, 48.0578946], [-120.466943, 48.0578582], [-120.4669846, 48.0578189], [-120.4670334, 48.0577666], [-120.4670791, 48.057757], [-120.4672385, 48.0578026], [-120.4674264, 48.0578665], [-120.4674678, 48.0579745], [-120.4674849, 48.0580629], [-120.4675312, 48.05813], [-120.4676068, 48.058186], [-120.4676825, 48.0581579], [-120.4678558, 48.0582185], [-120.4678924, 48.0583216], [-120.4679461, 48.058362], [-120.4680608, 48.0583937], [-120.4681975, 48.0584002], [-120.4683694, 48.0584739], [-120.4684635, 48.0584871], [-120.468483, 48.0585313], [-120.4685587, 48.0585771], [-120.4686261, 48.0586653], [-120.4687197, 48.0587375], [-120.468766, 48.058821], [-120.4687792, 48.0588554], [-120.4686806, 48.0588815], [-120.4686561, 48.0589077], [-120.468718, 48.0590281], [-120.4688301, 48.0591243], [-120.4691121, 48.0590938], [-120.4693031, 48.0593555], [-120.4696943, 48.059392], [-120.469749, 48.0596659], [-120.4699036, 48.0598606], [-120.4699582, 48.0602196], [-120.4706199, 48.060666], [-120.4712046, 48.0608647], [-120.4715957, 48.0609986], [-120.4719356, 48.0611302], [-120.4721508, 48.0611605], [-120.4722143, 48.0610918], [-120.4723705, 48.0611376], [-120.4724242, 48.0612195], [-120.4725609, 48.0612064], [-120.4726927, 48.0612719], [-120.4729028, 48.0614049], [-120.4730878, 48.0615949], [-120.473388, 48.0619236], [-120.4735791, 48.0623313], [-120.4737247, 48.0625625], [-120.4743251, 48.0628668], [-120.4746981, 48.0631406], [-120.4748491, 48.0635268], [-120.4750234, 48.0637805], [-120.4753532, 48.0641021], [-120.4755078, 48.0644855], [-120.4763357, 48.0652888], [-120.4766577, 48.0656454], [-120.4766995, 48.0656816], [-120.4767681, 48.06573], [-120.4768044, 48.0658044], [-120.4767824, 48.0658289], [-120.4767336, 48.0658567], [-120.4767653, 48.0659075], [-120.4768263, 48.0659828], [-120.4768385, 48.0660597], [-120.4768702, 48.0661137], [-120.4768894, 48.0661669], [-120.4768506, 48.0662217], [-120.476815, 48.066302], [-120.4768335, 48.0663805], [-120.4768683, 48.0664172], [-120.476958, 48.0664279], [-120.4770044, 48.0664116], [-120.477194, 48.0664017], [-120.4772534, 48.0664182], [-120.4772729, 48.0664673], [-120.4772826, 48.0665458], [-120.4773504, 48.0666201], [-120.4774096, 48.0666441], [-120.477517, 48.0666621], [-120.4775912, 48.0667066], [-120.477744, 48.0668209], [-120.4779042, 48.0669924], [-120.4779563, 48.0670386], [-120.4780437, 48.0670839], [-120.4781187, 48.0670975], [-120.4782053, 48.0670967], [-120.478223, 48.0670857], [-120.4782383, 48.0670681], [-120.4782859, 48.0670738], [-120.4783128, 48.0670885], [-120.4783961, 48.067092], [-120.4784446, 48.0670796], [-120.4784984, 48.067037], [-120.478513, 48.0669937], [-120.4785155, 48.0669536], [-120.4785204, 48.0669208], [-120.4785741, 48.0668816], [-120.4786645, 48.0668636], [-120.4787109, 48.0668464], [-120.4787499, 48.0668448], [-120.4788014, 48.0668479], [-120.4788879, 48.0668808], [-120.4789525, 48.0669299], [-120.4790156, 48.0669663], [-120.4790937, 48.0670048], [-120.4791088, 48.067038], [-120.4791185, 48.067083], [-120.479114, 48.0671415], [-120.4790468, 48.0671886], [-120.4789707, 48.0672957], [-120.4788538, 48.0674734], [-120.4788265, 48.0675444], [-120.4788179, 48.0676544], [-120.4788393, 48.0677607], [-120.4788994, 48.067968], [-120.4789535, 48.0680267], [-120.4789805, 48.068222], [-120.4790667, 48.0682762], [-120.4793198, 48.0685019], [-120.4793675, 48.0686387], [-120.4793759, 48.0688385], [-120.4794283, 48.0689187], [-120.4795685, 48.0689706], [-120.4795654, 48.0690373], [-120.4796294, 48.0690847], [-120.4796395, 48.0692586], [-120.4796006, 48.0692913], [-120.479506, 48.0693602], [-120.4793438, 48.069402], [-120.479261, 48.0693658], [-120.4791748, 48.0693613], [-120.4790971, 48.0694302], [-120.4790295, 48.0695183], [-120.4790515, 48.0696571], [-120.4791833, 48.0696824], [-120.4792813, 48.0697599], [-120.4792475, 48.0698784], [-120.4791715, 48.0699383], [-120.4791056, 48.0699902], [-120.4791123, 48.0700704], [-120.4792762, 48.0701901], [-120.479381, 48.0702138], [-120.4794486, 48.070277], [-120.4795753, 48.0703346], [-120.4798085, 48.0703481], [-120.4801244, 48.0703165], [-120.4805029, 48.0703064], [-120.480682, 48.0703402], [-120.4807057, 48.0703944], [-120.4807158, 48.0705457], [-120.4807733, 48.0706586], [-120.4808358, 48.0707388], [-120.4809152, 48.0707546], [-120.4811247, 48.0707501], [-120.4815708, 48.0708156], [-120.4820388, 48.0708472], [-120.4824722, 48.0709055], [-120.4828499, 48.0711249], [-120.483134, 48.0713254], [-120.4833196, 48.0714027], [-120.4835004, 48.0715551], [-120.483737, 48.0718419], [-120.4840259, 48.0720519], [-120.4841493, 48.0721106], [-120.4843691, 48.0723477], [-120.4846748, 48.0726853], [-120.4846781, 48.0728795], [-120.4847457, 48.0730025], [-120.4849046, 48.0731606], [-120.4850634, 48.0732882], [-120.4850989, 48.0734011], [-120.4850865, 48.0734386], [-120.4850445, 48.0734807], [-120.4849667, 48.0734958], [-120.4849481, 48.0735575], [-120.484957, 48.0736104], [-120.4849853, 48.0736698], [-120.485005, 48.0737382], [-120.4850634, 48.0738165], [-120.4851022, 48.0739374], [-120.4851327, 48.0740294], [-120.4852011, 48.0740948], [-120.4853021, 48.0741542], [-120.4855453, 48.0741914], [-120.4860068, 48.0743142], [-120.4865046, 48.0744482], [-120.4866832, 48.0745254], [-120.4868856, 48.0746461], [-120.4870128, 48.0747742], [-120.4870934, 48.0748806], [-120.4872123, 48.0750004], [-120.4877399, 48.0753874], [-120.4878218, 48.0756339], [-120.4886133, 48.0761177], [-120.4888931, 48.076428], [-120.4890295, 48.0767749], [-120.4900394, 48.0780484], [-120.4902577, 48.0781807], [-120.4904215, 48.0784454], [-120.4904078, 48.0788242], [-120.4904829, 48.0790388], [-120.4906125, 48.0792213], [-120.490633, 48.0793628], [-120.4905957, 48.079595], [-120.490483, 48.0796649], [-120.490475, 48.0797365], [-120.4904321, 48.0797652], [-120.4903999, 48.0798011], [-120.4903865, 48.0798692], [-120.4903597, 48.0798889], [-120.4902738, 48.079914], [-120.4901236, 48.0799193], [-120.4900244, 48.0799068], [-120.4899627, 48.0799408], [-120.4899225, 48.08], [-120.4899386, 48.0800573], [-120.4899922, 48.0801344], [-120.4899868, 48.0801863], [-120.4899278, 48.0802813], [-120.4898608, 48.0803422], [-120.48985, 48.0804049], [-120.489834, 48.0804354], [-120.489783, 48.0804551], [-120.4897589, 48.0805125], [-120.489783, 48.0805608], [-120.489791, 48.0806021], [-120.4897535, 48.0806289], [-120.4896516, 48.0806433], [-120.4895443, 48.0806612], [-120.4894719, 48.0806917], [-120.4894048, 48.0807347], [-120.489327, 48.0807382], [-120.4891768, 48.0807436], [-120.4891285, 48.0807777], [-120.4890937, 48.0808422], [-120.4890963, 48.0808959], [-120.48915, 48.080973], [-120.4891554, 48.0810536], [-120.4892197, 48.0811361], [-120.4892868, 48.0812095], [-120.4892895, 48.081292], [-120.489264, 48.0813878], [-120.4892278, 48.0814169], [-120.489146, 48.0814362], [-120.4890615, 48.0814326], [-120.4890126, 48.081438], [-120.488967, 48.0814415], [-120.4889479, 48.0814376], [-120.4889339, 48.081411], [-120.4889174, 48.0814044], [-120.4889003, 48.0813787], [-120.4888692, 48.0813451], [-120.4888254, 48.0813153], [-120.4888002, 48.0812813], [-120.4887697, 48.0812718], [-120.4887477, 48.0812755], [-120.4886806, 48.0812651], [-120.4885411, 48.081231], [-120.4884902, 48.0812507], [-120.4884633, 48.0812776], [-120.488466, 48.0813135], [-120.4884499, 48.0813493], [-120.4884204, 48.0813636], [-120.48834, 48.0813565], [-120.4883212, 48.0813708], [-120.4883534, 48.0814855], [-120.4884633, 48.0816969], [-120.4885465, 48.0818152], [-120.4886591, 48.0818887], [-120.4887664, 48.0819478], [-120.4888415, 48.0819603], [-120.4888979, 48.0819818], [-120.4889274, 48.0820213], [-120.488981, 48.0820768], [-120.4890239, 48.0821019], [-120.4891232, 48.0821126], [-120.489268, 48.0821198], [-120.4893672, 48.0821109], [-120.4894584, 48.0820965], [-120.489496, 48.0820983], [-120.4895389, 48.0821162], [-120.4895952, 48.0821521], [-120.4896918, 48.0822166], [-120.4897454, 48.0822381], [-120.48985, 48.0822614], [-120.4899171, 48.0822847], [-120.4900351, 48.0823707], [-120.4901853, 48.0825248], [-120.4903033, 48.0826735], [-120.4903919, 48.0827631], [-120.4905072, 48.0828384], [-120.4906413, 48.0828975], [-120.4908264, 48.0829799], [-120.4908988, 48.0830319], [-120.4909766, 48.0831215], [-120.4910153, 48.083177], [-120.4911831, 48.0832792], [-120.4912287, 48.0833634], [-120.491277, 48.0834153], [-120.4913601, 48.0834565], [-120.4913977, 48.0835049], [-120.491454, 48.0836608], [-120.4914621, 48.0837827], [-120.4914942, 48.0838292], [-120.4915532, 48.0838723], [-120.4915747, 48.0839063], [-120.4915479, 48.0839601], [-120.4915559, 48.0840066], [-120.4916069, 48.0840479], [-120.4916176, 48.0840944], [-120.4917222, 48.0841697], [-120.4918322, 48.0843148], [-120.4918966, 48.0845424], [-120.4919985, 48.0846535], [-120.4926256, 48.0851182], [-120.4925983, 48.0852461], [-120.492471, 48.0854408], [-120.4924982, 48.0855564], [-120.4929804, 48.0860128], [-120.4937173, 48.0868709], [-120.4945362, 48.087297], [-120.4948456, 48.0876621], [-120.4950821, 48.0877108], [-120.4953823, 48.0879602], [-120.4957463, 48.0880089], [-120.4962649, 48.0879724], [-120.4967289, 48.0880455], [-120.4970382, 48.0883132], [-120.4975294, 48.088794], [-120.4979935, 48.0892443], [-120.4994128, 48.0902849], [-120.5002498, 48.090577], [-120.5004863, 48.0907718], [-120.5006411, 48.0909787], [-120.5007775, 48.091137], [-120.5009503, 48.0911674], [-120.5009231, 48.091283], [-120.5009685, 48.0916542], [-120.5014052, 48.0919767], [-120.5014326, 48.0921776], [-120.5016964, 48.0924453], [-120.5017601, 48.0927374], [-120.5020292, 48.0932219], [-120.5021837, 48.0933669], [-120.5022405, 48.0933602], [-120.5023138, 48.0933332], [-120.5023224, 48.0933863], [-120.502351, 48.0934091], [-120.5024128, 48.093415], [-120.5024787, 48.0934428], [-120.5024347, 48.0934903], [-120.5024325, 48.0935194], [-120.5024909, 48.0935492], [-120.5025178, 48.0936097], [-120.502596, 48.0936866], [-120.502679, 48.0937477], [-120.5027132, 48.0937783], [-120.5026937, 48.0938503], [-120.5026915, 48.093905], [-120.5026717, 48.0939567], [-120.5027719, 48.0940843], [-120.5028134, 48.094117], [-120.5028256, 48.0941612], [-120.5028378, 48.0941874], [-120.502833, 48.0942365], [-120.5028247, 48.0942603], [-120.5029771, 48.0944001], [-120.5030113, 48.094464], [-120.5030553, 48.0944787], [-120.5030699, 48.0945458], [-120.5031041, 48.0945703], [-120.5031017, 48.0946276], [-120.5031457, 48.0946603], [-120.5031557, 48.0947582], [-120.5031799, 48.0948633], [-120.5031652, 48.0948805], [-120.5031054, 48.0948927], [-120.5030761, 48.0949377], [-120.5030559, 48.0949812], [-120.5031115, 48.0950155], [-120.5031139, 48.0950547], [-120.5030455, 48.0950908], [-120.502938, 48.0951811], [-120.5029234, 48.0952397], [-120.5029996, 48.095318], [-120.5031555, 48.0953673], [-120.5031604, 48.0954131], [-120.5032947, 48.0954704], [-120.5034685, 48.0955372], [-120.5034658, 48.0955997], [-120.5034868, 48.0956513], [-120.5035635, 48.0957126], [-120.5036661, 48.0957404], [-120.5038835, 48.0958108], [-120.5039593, 48.0958746], [-120.5041454, 48.0959662], [-120.5041694, 48.0959957], [-120.5041816, 48.0960595], [-120.5042231, 48.0961004], [-120.5043028, 48.0961526], [-120.5042891, 48.0962461], [-120.5042622, 48.0963639], [-120.5042891, 48.0964768], [-120.5042476, 48.0965243], [-120.5042622, 48.0965701], [-120.504316, 48.0966421], [-120.5043145, 48.0966804], [-120.5042305, 48.0967714], [-120.5041838, 48.0968515], [-120.5044951, 48.0973593], [-120.5047417, 48.0975664], [-120.505424, 48.0979005], [-120.5053785, 48.0981436], [-120.5057519, 48.0984902], [-120.5060889, 48.0986787], [-120.5066262, 48.098849], [-120.5065443, 48.0990861], [-120.5068722, 48.0993901], [-120.5070087, 48.099536], [-120.5070452, 48.0996819], [-120.5075643, 48.1000467], [-120.5077555, 48.1002109], [-120.5079377, 48.1002899], [-120.5080015, 48.1004115], [-120.5081654, 48.1006121], [-120.5082656, 48.1008189], [-120.5083931, 48.1009405], [-120.5084022, 48.1010864], [-120.5086298, 48.101287], [-120.5085843, 48.1015181], [-120.5087483, 48.1017491], [-120.508639, 48.1018768], [-120.5086462, 48.102085], [-120.5086483, 48.102164], [-120.508685, 48.102206], [-120.5086703, 48.1022682], [-120.5086092, 48.1023222], [-120.508597, 48.1023975], [-120.5086459, 48.1024499], [-120.5086532, 48.1025219], [-120.5086752, 48.102571], [-120.5087657, 48.1026184], [-120.5087789, 48.1026629], [-120.5089051, 48.1027019], [-120.509037, 48.1027228], [-120.5090955, 48.1026708], [-120.5091273, 48.1026282], [-120.5091651, 48.102602], [-120.5092555, 48.1026004], [-120.5093031, 48.1026184], [-120.5093117, 48.1026503], [-120.5093545, 48.1026691], [-120.509506, 48.1027231], [-120.5095891, 48.1027886], [-120.5096766, 48.1029272], [-120.5096746, 48.102998], [-120.5096013, 48.103088], [-120.5095266, 48.1032648], [-120.509529, 48.1033642], [-120.5096136, 48.1035283], [-120.5096234, 48.1035888], [-120.5095582, 48.103722], [-120.5096681, 48.1041142], [-120.5100688, 48.1043878], [-120.5102328, 48.1046371], [-120.5105242, 48.1049228], [-120.5106427, 48.1051113], [-120.5107884, 48.1052877], [-120.510843, 48.1055004], [-120.5110434, 48.1057984], [-120.5112437, 48.1061632], [-120.5116263, 48.1067104], [-120.5117993, 48.1067712], [-120.5117629, 48.1069049], [-120.5118631, 48.1070813], [-120.5118449, 48.1074339], [-120.5119906, 48.1074947], [-120.5120999, 48.1076467], [-120.5122182, 48.1077136], [-120.5122729, 48.1079386], [-120.5120907, 48.1081391], [-120.5121272, 48.1082486], [-120.5119086, 48.1083033], [-120.5117993, 48.1084919], [-120.5118995, 48.108656], [-120.5120907, 48.1086621], [-120.5122, 48.1088323], [-120.5122274, 48.10896], [-120.5123548, 48.1090998], [-120.5122638, 48.1092943], [-120.5123548, 48.1095376], [-120.5124412, 48.1096634], [-120.5126598, 48.1096269], [-120.5129239, 48.109791], [-120.5131334, 48.1100039], [-120.5135432, 48.1101315], [-120.5137527, 48.1102714], [-120.5140897, 48.1101619], [-120.5139896, 48.1105572], [-120.5142354, 48.1108916], [-120.5142627, 48.1111165], [-120.514536, 48.1114023], [-120.514618, 48.1117549], [-120.5147546, 48.1121623], [-120.5151098, 48.1126851], [-120.5152282, 48.1130865], [-120.5152293, 48.1134264], [-120.5153556, 48.1137188], [-120.5156562, 48.1138769], [-120.51572, 48.114114], [-120.515975, 48.1142599], [-120.5160296, 48.114418], [-120.5161025, 48.1147281], [-120.5159203, 48.1149105], [-120.5159489, 48.1152041], [-120.5160205, 48.1153725], [-120.5160296, 48.1155367], [-120.5162118, 48.1157009], [-120.5165761, 48.1158468], [-120.5164668, 48.1160292], [-120.5164942, 48.1162724], [-120.5164304, 48.1167649], [-120.5167856, 48.1168318], [-120.5169859, 48.1170689], [-120.5170042, 48.1171722], [-120.5169496, 48.1173486], [-120.517159, 48.1176283], [-120.517159, 48.1178654], [-120.5171499, 48.1181025], [-120.5170133, 48.1182849], [-120.5171499, 48.1184673], [-120.517159, 48.1186558], [-120.5168311, 48.119051], [-120.5165852, 48.1196894], [-120.5166581, 48.1198596], [-120.5164668, 48.1202062], [-120.5161116, 48.1204434], [-120.5161663, 48.1209419], [-120.5161754, 48.121173], [-120.5160752, 48.1215499], [-120.5159659, 48.1218661], [-120.5162027, 48.1226687], [-120.516164, 48.1229542], [-120.5162482, 48.1234165], [-120.5165943, 48.1248211], [-120.5167856, 48.1250338], [-120.5167856, 48.1253013], [-120.5167115, 48.1255691], [-120.516822, 48.1262741], [-120.5165124, 48.1267058], [-120.5164577, 48.1269429], [-120.5164486, 48.1271801], [-120.5165215, 48.1274902], [-120.5166945, 48.1277516], [-120.5167492, 48.1278646], [-120.5168858, 48.127934], [-120.5167788, 48.1282403], [-120.5168766, 48.1285238], [-120.5171499, 48.128767], [-120.5170406, 48.1293446], [-120.5169496, 48.1295513], [-120.5170632, 48.1300483], [-120.5171998, 48.1301456], [-120.5171635, 48.1306441], [-120.5174822, 48.1307232], [-120.5175369, 48.1308995], [-120.5178556, 48.1312461], [-120.5178738, 48.1317447], [-120.5180196, 48.1319392], [-120.5179376, 48.1324135], [-120.5181835, 48.1325047], [-120.5185751, 48.1331248], [-120.5186025, 48.1336781], [-120.5186116, 48.1342071], [-120.5186753, 48.1347482], [-120.5184658, 48.1350827], [-120.5182199, 48.1355509], [-120.5182655, 48.1356724], [-120.517974, 48.1361406], [-120.5176462, 48.1364447], [-120.5176462, 48.1366878], [-120.5171908, 48.136779], [-120.5169904, 48.1370587], [-120.5168292, 48.1371285], [-120.5166625, 48.1372898], [-120.5166078, 48.1375208], [-120.5163619, 48.1379769], [-120.5161889, 48.1379708], [-120.5160249, 48.1380316], [-120.5162435, 48.138445], [-120.5161524, 48.1385909], [-120.5160307, 48.1386942], [-120.5160331, 48.1387694], [-120.5160136, 48.1388447], [-120.5159521, 48.1389192], [-120.5159281, 48.1390181], [-120.515915, 48.1390804], [-120.5159391, 48.1392481], [-120.5159342, 48.1393037], [-120.515911, 48.1393644], [-120.5158402, 48.139433], [-120.5158035, 48.1394526], [-120.5157384, 48.1394464], [-120.5156861, 48.1394158], [-120.5156005, 48.1393848], [-120.5155602, 48.13937], [-120.5155322, 48.1393703], [-120.5155089, 48.1393954], [-120.5154905, 48.1394502], [-120.5154466, 48.1395566], [-120.5153797, 48.1396318], [-120.5152775, 48.1396471], [-120.515229, 48.1397236], [-120.5151846, 48.139731], [-120.5149867, 48.1397111], [-120.5147681, 48.1397401], [-120.5146569, 48.1397678], [-120.5145307, 48.1397359], [-120.5144051, 48.1397564], [-120.5142436, 48.1398004], [-120.5141679, 48.1399119], [-120.5141386, 48.1399413], [-120.5140841, 48.1399575], [-120.5138118, 48.1404333], [-120.5136022, 48.1405609], [-120.5132926, 48.1409136], [-120.5132835, 48.1416249], [-120.5136205, 48.142537], [-120.513921, 48.1426221], [-120.5138846, 48.1428957], [-120.5140941, 48.1430903], [-120.5141032, 48.1432788], [-120.5139757, 48.1434429], [-120.5140922, 48.1437451], [-120.5145567, 48.144037], [-120.5149734, 48.144119], [-120.5156429, 48.1445112], [-120.5157249, 48.1449307], [-120.5157249, 48.1455053], [-120.5159093, 48.1456148], [-120.5162508, 48.1458291], [-120.5161689, 48.146007], [-120.5167358, 48.1464539], [-120.5177468, 48.1470422], [-120.5187441, 48.1472155], [-120.51899, 48.1472292], [-120.5190447, 48.1473705], [-120.5192292, 48.1473842], [-120.5193248, 48.1476533], [-120.5195844, 48.1479861], [-120.5200488, 48.148237], [-120.5200967, 48.1484695], [-120.5203631, 48.1485835], [-120.5208208, 48.1484878], [-120.5209431, 48.1487859], [-120.5219753, 48.1491718], [-120.5223783, 48.1495868], [-120.5231434, 48.1501477], [-120.5236899, 48.1504122], [-120.5249194, 48.1509594], [-120.5257733, 48.1512695], [-120.5266067, 48.1513561], [-120.5271358, 48.1518956], [-120.5273932, 48.1519755], [-120.5275801, 48.152039], [-120.5277244, 48.1520504], [-120.5278394, 48.1521093], [-120.5279592, 48.1521305], [-120.528088, 48.1521185], [-120.5281696, 48.1521387], [-120.5282625, 48.1522008], [-120.5283726, 48.1522466], [-120.5285749, 48.1522899], [-120.5288951, 48.1522956], [-120.5291498, 48.1522511], [-120.5294926, 48.1521874], [-120.5296467, 48.1521579], [-120.5298601, 48.1521768], [-120.5300698, 48.1522429], [-120.5301456, 48.1522838], [-120.5302649, 48.1524026], [-120.5304124, 48.1525489], [-120.5306314, 48.1527209], [-120.5311561, 48.1531529], [-120.5311971, 48.1532578], [-120.5325975, 48.1538506], [-120.5328161, 48.1541379], [-120.534237, 48.1548949], [-120.5349952, 48.1552916], [-120.5354597, 48.1559347], [-120.5360609, 48.1561171], [-120.5364229, 48.1559985], [-120.5366278, 48.1559939], [-120.5368464, 48.1561444], [-120.5368532, 48.1562995], [-120.5367781, 48.1565138], [-120.5369694, 48.1570564], [-120.5376935, 48.157508], [-120.5378506, 48.1578454], [-120.5386225, 48.1583242], [-120.5391758, 48.1583561], [-120.5395652, 48.1585751], [-120.5407675, 48.1603216], [-120.5411978, 48.1605131], [-120.5418194, 48.1613887], [-120.5422406, 48.1615864], [-120.5422735, 48.1616321], [-120.5423003, 48.1617224], [-120.5423367, 48.1617902], [-120.5423983, 48.1618533], [-120.542413, 48.1619302], [-120.5424348, 48.1620183], [-120.5424742, 48.1620595], [-120.5425672, 48.1620807], [-120.5427531, 48.1621281], [-120.5429636, 48.1622262], [-120.5430517, 48.162254], [-120.5431434, 48.1622474], [-120.5431955, 48.1622719], [-120.5432719, 48.1623177], [-120.5432157, 48.1624241], [-120.5432476, 48.1625223], [-120.5433088, 48.1625841], [-120.5433039, 48.1626532], [-120.5432208, 48.162717], [-120.5431566, 48.1628169], [-120.543131, 48.1630304], [-120.5432676, 48.1633222], [-120.5433018, 48.1636734], [-120.5435272, 48.1638329], [-120.5435204, 48.1640063], [-120.5434043, 48.1642161], [-120.543254, 48.1644076], [-120.54335, 48.1646778], [-120.5437872, 48.1649606], [-120.5440059, 48.1652936], [-120.5443475, 48.1655808], [-120.5445182, 48.1657131], [-120.5445319, 48.165859], [-120.5446685, 48.1660597], [-120.5446958, 48.1662968], [-120.5447801, 48.166515], [-120.5449008, 48.1667757], [-120.5450033, 48.16699], [-120.5449554, 48.1671359], [-120.5450033, 48.1674005], [-120.5449554, 48.1676422], [-120.5450374, 48.1678793], [-120.5451809, 48.1679477], [-120.5451801, 48.1681478], [-120.545338, 48.1684448], [-120.5452833, 48.1685497], [-120.5452492, 48.1688598], [-120.545338, 48.1689236], [-120.5452629, 48.1690559], [-120.5451877, 48.1692885], [-120.5450033, 48.1694025], [-120.5451877, 48.1698585], [-120.545092, 48.1700091], [-120.545338, 48.1701915], [-120.545215, 48.1702963], [-120.5452287, 48.1707706], [-120.545297, 48.1708482], [-120.5450647, 48.1710078], [-120.544935, 48.1713954], [-120.5448556, 48.1715747], [-120.5450511, 48.1715915], [-120.5449532, 48.1718569], [-120.545379, 48.1725447], [-120.5456864, 48.1726769], [-120.5459597, 48.1727362], [-120.5461919, 48.1728319], [-120.5464173, 48.1731877], [-120.5464788, 48.1734203], [-120.5465335, 48.173776], [-120.5464242, 48.1738854], [-120.5464378, 48.1740542], [-120.5465403, 48.1742776], [-120.5465471, 48.1745284], [-120.5464105, 48.1749389], [-120.5465266, 48.175094], [-120.5465881, 48.1753311], [-120.5468273, 48.1755454], [-120.5474421, 48.1758419], [-120.54777, 48.1760745], [-120.5477494, 48.1766946], [-120.5475308, 48.1766673], [-120.5474899, 48.1767539], [-120.5475514, 48.1768999], [-120.5476948, 48.1768999], [-120.5477631, 48.1768314], [-120.5480773, 48.1769728], [-120.5481662, 48.1773058], [-120.5480022, 48.1776797], [-120.5481866, 48.1780719], [-120.5481368, 48.1782629], [-120.5481593, 48.1786237], [-120.5480227, 48.1786921], [-120.5479749, 48.1788837], [-120.547968, 48.1790387], [-120.5480706, 48.1790707], [-120.5484258, 48.1798231], [-120.548699, 48.1799599], [-120.5486102, 48.1801013], [-120.5485985, 48.180255], [-120.5487537, 48.1805026], [-120.5488808, 48.1805669], [-120.5490884, 48.1804753], [-120.5493275, 48.1805619], [-120.5492045, 48.1807306], [-120.5492728, 48.1809754], [-120.5500106, 48.1816473], [-120.5507894, 48.1820532], [-120.5511788, 48.1822675], [-120.5514725, 48.1823359], [-120.5517321, 48.1822767], [-120.5519917, 48.1823223], [-120.5521406, 48.182542], [-120.5523196, 48.1826597], [-120.5524768, 48.1830382], [-120.5528047, 48.1836722], [-120.5536996, 48.1842695], [-120.5540889, 48.1844565], [-120.5543007, 48.1848259], [-120.5552571, 48.1855282], [-120.5555987, 48.1856833], [-120.5557626, 48.1856787], [-120.5561042, 48.1860892], [-120.5564731, 48.1864404], [-120.5569376, 48.1868326], [-120.5571425, 48.1868279], [-120.5574363, 48.1866547], [-120.5574978, 48.1868827], [-120.5592267, 48.1879807], [-120.559431, 48.1879863], [-120.5597043, 48.1882417], [-120.5598956, 48.1883101], [-120.560285, 48.1883694], [-120.5605309, 48.1884925], [-120.5608452, 48.1887479], [-120.5611936, 48.1890717], [-120.5615352, 48.1893864], [-120.5621226, 48.1895962], [-120.56243, 48.1896554], [-120.5628194, 48.1897877], [-120.5634957, 48.1902483], [-120.5644316, 48.1908412], [-120.5651011, 48.1910965], [-120.5652719, 48.1913793], [-120.5657228, 48.1914842], [-120.566358, 48.1918399], [-120.56685, 48.1922595], [-120.5668431, 48.192451], [-120.5671846, 48.1927474], [-120.5674032, 48.1928113], [-120.567656, 48.1926607], [-120.5678337, 48.1928843], [-120.5678746, 48.1930803], [-120.5683392, 48.1935865], [-120.568749, 48.1938693], [-120.5695651, 48.1941126], [-120.5702451, 48.1940334], [-120.5720007, 48.194827], [-120.5730528, 48.1952557], [-120.5737564, 48.1954198], [-120.5739545, 48.1955384], [-120.5737291, 48.1956752], [-120.5737427, 48.1957755], [-120.5741936, 48.1958987], [-120.5747128, 48.1958759], [-120.5752388, 48.1957118], [-120.5754301, 48.1958166], [-120.5757922, 48.1959489], [-120.5763933, 48.1961267], [-120.577418, 48.1963183], [-120.5781012, 48.1967105], [-120.5786545, 48.1969612], [-120.5790644, 48.196788], [-120.5794196, 48.1968245], [-120.5796314, 48.1969978], [-120.5814622, 48.1977138], [-120.5820292, 48.1977502], [-120.5823707, 48.1978962], [-120.58317, 48.1979554], [-120.583375, 48.198147], [-120.5837438, 48.1983294], [-120.5841469, 48.1985073], [-120.5857796, 48.1986304], [-120.5859025, 48.1988767], [-120.5865925, 48.1989131], [-120.5870826, 48.1989991], [-120.5871977, 48.1991894], [-120.5871732, 48.1994467], [-120.5870503, 48.1996885], [-120.5871869, 48.1998161], [-120.587262, 48.2000123], [-120.587262, 48.2002676], [-120.5874191, 48.2004364], [-120.5876787, 48.2011614], [-120.5878563, 48.201353], [-120.5883072, 48.2014898], [-120.5885736, 48.2015902], [-120.5890435, 48.2017521], [-120.5891159, 48.201761], [-120.5891669, 48.2017664], [-120.5892178, 48.2017771], [-120.5892715, 48.2017825], [-120.5893225, 48.2017914], [-120.5893761, 48.2018004], [-120.5894431, 48.2018236], [-120.5894834, 48.201854], [-120.5894673, 48.2018826], [-120.5894405, 48.2018862], [-120.5891374, 48.2019773], [-120.5891991, 48.2020703], [-120.5896014, 48.2019541], [-120.589655, 48.2019469], [-120.5897114, 48.2019469], [-120.5897623, 48.2019559], [-120.5898079, 48.2019738], [-120.5898348, 48.2020059], [-120.5898535, 48.2020399], [-120.5898669, 48.2020757], [-120.5898777, 48.2021114], [-120.5898508, 48.2021472], [-120.589816, 48.2021776], [-120.589767, 48.2022343], [-120.5897436, 48.2022687], [-120.5897194, 48.2023009], [-120.5896926, 48.2023313], [-120.589671, 48.2023538], [-120.5896604, 48.202363], [-120.5896436, 48.2023751], [-120.5896282, 48.2023885], [-120.5896329, 48.2024095], [-120.5896497, 48.2024225], [-120.5896691, 48.2024332], [-120.5896953, 48.2024368], [-120.5899286, 48.2024475], [-120.5900896, 48.2025977], [-120.5901432, 48.2025709], [-120.5901754, 48.2025941], [-120.5902076, 48.2025744], [-120.5902532, 48.2025548], [-120.5902988, 48.2025369], [-120.5903497, 48.2025351], [-120.5904034, 48.2025422], [-120.5904517, 48.2025601], [-120.5904865, 48.2025887], [-120.5905187, 48.2026173], [-120.5905375, 48.2026495], [-120.590567, 48.2026799], [-120.5905938, 48.2027103], [-120.5906314, 48.2027353], [-120.5906796, 48.2027586], [-120.5907279, 48.2027764], [-120.5907708, 48.2027961], [-120.5908138, 48.2028176], [-120.5908647, 48.2028301], [-120.5909184, 48.202839], [-120.590972, 48.202839], [-120.5910739, 48.2028462], [-120.5911249, 48.2028497], [-120.5911785, 48.2028587], [-120.5912295, 48.2028676], [-120.5912751, 48.2028837], [-120.5913287, 48.2028944], [-120.591377, 48.2029051], [-120.5914307, 48.2029123], [-120.5914843, 48.2029177], [-120.591538, 48.2029212], [-120.5915862, 48.2029338], [-120.5916345, 48.2029481], [-120.5916882, 48.202957], [-120.5917418, 48.202957], [-120.5917928, 48.2029498], [-120.5918464, 48.2029391], [-120.5918974, 48.2029481], [-120.591943, 48.2029677], [-120.5919966, 48.2029784], [-120.5920476, 48.2029892], [-120.5921012, 48.2029927], [-120.5921522, 48.2029963], [-120.5922058, 48.2029963], [-120.5922595, 48.2029892], [-120.5923104, 48.202982], [-120.5923614, 48.2029749], [-120.5924177, 48.2029713], [-120.5924714, 48.2029695], [-120.592525, 48.2029767], [-120.5926216, 48.2030106], [-120.5926725, 48.2030213], [-120.5927181, 48.2030392], [-120.5927637, 48.2030571], [-120.5928174, 48.2030482], [-120.5928335, 48.2030124], [-120.5928388, 48.2029767], [-120.5928549, 48.2029409], [-120.5928683, 48.202932], [-120.5932438, 48.2028301], [-120.5933324, 48.2029927], [-120.5933565, 48.2030231], [-120.5933734, 48.2030353], [-120.5933914, 48.2030482], [-120.593437, 48.2030696], [-120.5934826, 48.2030875], [-120.5935121, 48.2031179], [-120.5935255, 48.2031536], [-120.5935402, 48.2031849], [-120.5935603, 48.2032064], [-120.5935912, 48.2032153], [-120.5935872, 48.2031885], [-120.5936084, 48.2031847], [-120.5936354, 48.2031752], [-120.5938774, 48.2030901], [-120.5939533, 48.2030634], [-120.594027, 48.203066], [-120.594078, 48.2030607], [-120.5941317, 48.2030571], [-120.5941826, 48.2030499], [-120.5942309, 48.2030356], [-120.5942872, 48.2030249], [-120.5943355, 48.2030124], [-120.5943865, 48.2029999], [-120.5944374, 48.2029856], [-120.594483, 48.2029641], [-120.5945233, 48.2029391], [-120.5945608, 48.2029123], [-120.5946064, 48.2028873], [-120.5946359, 48.2028569], [-120.59466, 48.2028229], [-120.5946815, 48.2027907], [-120.5947056, 48.2027586], [-120.5947244, 48.2027246], [-120.5947512, 48.2026906], [-120.5947754, 48.2026567], [-120.5947995, 48.2026245], [-120.5948156, 48.2025905], [-120.5948451, 48.202519], [-120.5948666, 48.2024833], [-120.594888, 48.2024493], [-120.5949659, 48.2023274], [-120.5954597, 48.2022697], [-120.595446, 48.2024977], [-120.5951522, 48.2025433], [-120.5951864, 48.2026117], [-120.5955348, 48.2026208], [-120.59589, 48.2024429], [-120.5963067, 48.2023791], [-120.5963686, 48.2022062], [-120.596382, 48.2019434], [-120.5963177, 48.2018826], [-120.5961326, 48.2017896], [-120.5961414, 48.2017458], [-120.5961675, 48.201702], [-120.5965805, 48.2015447], [-120.5966878, 48.2015554], [-120.5967575, 48.2016091], [-120.5968112, 48.2016734], [-120.5968809, 48.2017306], [-120.596956, 48.2017843], [-120.5970365, 48.2018272], [-120.5971277, 48.2018558], [-120.5971974, 48.2018736], [-120.5972081, 48.2018415], [-120.5972296, 48.20177], [-120.5972886, 48.2017092], [-120.5973744, 48.2016627], [-120.5974656, 48.2016198], [-120.59753, 48.201559], [-120.5975354, 48.2014839], [-120.5975407, 48.2014124], [-120.5975676, 48.2013409], [-120.5976266, 48.2012765], [-120.5977339, 48.2012658], [-120.5978143, 48.2013159], [-120.5979109, 48.2013516], [-120.5980182, 48.2013445], [-120.5980772, 48.201323], [-120.5981737, 48.2012301], [-120.598568, 48.2014455], [-120.598571, 48.2014433], [-120.5985921, 48.2014278], [-120.59861, 48.2014147], [-120.5986619, 48.2013767], [-120.5987263, 48.2014124], [-120.5987585, 48.2013767], [-120.5988121, 48.2013159], [-120.5988926, 48.2012658], [-120.5989784, 48.2012229], [-120.5990803, 48.2012015], [-120.5991876, 48.2011907], [-120.5992949, 48.2011943], [-120.5993968, 48.2012015], [-120.5994934, 48.2012265], [-120.5996811, 48.201298], [-120.599767, 48.2013338], [-120.5998474, 48.2013802], [-120.5999279, 48.2014267], [-120.5999976, 48.2014804], [-120.6000727, 48.201534], [-120.6001264, 48.2015983], [-120.6002498, 48.2017199], [-120.6003141, 48.2017807], [-120.6003946, 48.2018272], [-120.6004858, 48.2018629], [-120.6005824, 48.201888], [-120.6006843, 48.2018987], [-120.6010107, 48.201853], [-120.601414, 48.2020243], [-120.6017764, 48.2020261], [-120.6026242, 48.202099], [-120.603048, 48.2019213], [-120.6031574, 48.2022129], [-120.6035881, 48.2024681], [-120.6040394, 48.2027415], [-120.6043128, 48.2027415], [-120.60447, 48.2029101], [-120.6055434, 48.2033612], [-120.6060494, 48.2035798], [-120.6071363, 48.2038578], [-120.6075055, 48.2042405], [-120.6087156, 48.2049422], [-120.6089686, 48.2051518], [-120.6095086, 48.2053478], [-120.610541, 48.2060039], [-120.6114844, 48.2067283], [-120.6121339, 48.2069653], [-120.6121407, 48.2071247], [-120.6124621, 48.2072614], [-120.6126672, 48.2074573], [-120.6129475, 48.2078128], [-120.61372, 48.2082456], [-120.6143216, 48.2084552], [-120.6143783, 48.2085835], [-120.614643, 48.2087195], [-120.6148754, 48.2085554], [-120.6150259, 48.2086557], [-120.6152241, 48.2089381], [-120.6154429, 48.2093027], [-120.6158325, 48.2096126], [-120.6159692, 48.2098722], [-120.6161676, 48.2101137], [-120.616147, 48.2103051], [-120.6160924, 48.2104874], [-120.6164273, 48.2106833], [-120.6167145, 48.21118], [-120.6172204, 48.2115183], [-120.6174734, 48.2117495], [-120.6174802, 48.2120866], [-120.6175828, 48.212155], [-120.6175896, 48.2123646], [-120.6179246, 48.2127063], [-120.6182733, 48.2129068], [-120.6183416, 48.2130982], [-120.6187108, 48.2136221], [-120.6193398, 48.2137908], [-120.6193329, 48.213973], [-120.6196064, 48.2144241], [-120.619579, 48.2147066], [-120.6196816, 48.2147567], [-120.6194765, 48.2150711], [-120.6196201, 48.2154174], [-120.6195038, 48.215586], [-120.6197295, 48.2155769], [-120.6199072, 48.2158138], [-120.6199755, 48.2159824], [-120.6202285, 48.2160188], [-120.6204461, 48.2160786], [-120.6205539, 48.2162494], [-120.6206543, 48.216537], [-120.6209464, 48.2169716], [-120.6213184, 48.2173148], [-120.6214248, 48.2176521], [-120.6214012, 48.2180347], [-120.6213519, 48.2181199], [-120.6213177, 48.2183823], [-120.6212202, 48.2185344], [-120.6210184, 48.2186891], [-120.620624, 48.2192616], [-120.6205864, 48.2194826], [-120.6205819, 48.2197499], [-120.6205964, 48.2198261], [-120.6206754, 48.2199363], [-120.6206009, 48.219975], [-120.6206142, 48.2199858], [-120.6207325, 48.2199901], [-120.6207841, 48.2199768], [-120.6208674, 48.2200223], [-120.6209016, 48.2200717], [-120.6209279, 48.2201198], [-120.6210095, 48.2201387], [-120.6211247, 48.2201599], [-120.6211224, 48.2202237], [-120.6211448, 48.2202394], [-120.6212765, 48.220181], [-120.6213671, 48.2201563], [-120.6214398, 48.2201465], [-120.6214896, 48.2201726], [-120.621475, 48.2202446], [-120.6215094, 48.2202773], [-120.6215829, 48.2202968], [-120.6216907, 48.2203049], [-120.6217774, 48.2203312], [-120.6218672, 48.2204193], [-120.6219114, 48.2204781], [-120.6219516, 48.2205075], [-120.6219803, 48.2206155], [-120.6219805, 48.2206875], [-120.6220003, 48.2207574], [-120.6220151, 48.2208151], [-120.6219956, 48.2208806], [-120.6220129, 48.220928], [-120.6220106, 48.220987], [-120.6220342, 48.2210436], [-120.6219791, 48.2211572], [-120.6219304, 48.221262], [-120.6219492, 48.2213321], [-120.6219699, 48.2214223], [-120.6219702, 48.2215286], [-120.6219648, 48.2217262], [-120.622032, 48.2217773], [-120.6220812, 48.2218918], [-120.6220913, 48.2220031], [-120.6221087, 48.2221225], [-120.622122, 48.2222442], [-120.6221631, 48.2223434], [-120.6222024, 48.2223826], [-120.6222495, 48.2226264], [-120.6223206, 48.2226885], [-120.6223551, 48.2227932], [-120.6223676, 48.222875], [-120.6224045, 48.2229551], [-120.6224394, 48.2230898], [-120.6226454, 48.2233558], [-120.6227584, 48.2235095], [-120.6227979, 48.2236273], [-120.6227883, 48.2237222], [-120.6228692, 48.223966], [-120.623083, 48.2240819], [-120.6230833, 48.2241964], [-120.6231717, 48.224324], [-120.6232553, 48.2244483], [-120.6233222, 48.2245876], [-120.6233781, 48.2246183], [-120.6233905, 48.22466], [-120.6233857, 48.2247083], [-120.6233686, 48.224732], [-120.6233147, 48.2247378], [-120.6232634, 48.2247837], [-120.6232562, 48.2248443], [-120.6232245, 48.2248868], [-120.6231634, 48.2249425], [-120.6231366, 48.2250064], [-120.6231049, 48.2250539], [-120.6230903, 48.2251095], [-120.6230636, 48.2251797], [-120.6231249, 48.2252584], [-120.6231838, 48.2252927], [-120.6232621, 48.2252746], [-120.6232892, 48.225322], [-120.6233627, 48.2253563], [-120.6234952, 48.2254642], [-120.6236398, 48.2255394], [-120.6237109, 48.2255556], [-120.6237918, 48.2255644], [-120.6238578, 48.2255473], [-120.6239826, 48.2255046], [-120.6241442, 48.2254684], [-120.6243002, 48.2254641], [-120.6244258, 48.2254747], [-120.6245191, 48.2255662], [-120.6245242, 48.2256448], [-120.624593, 48.225751], [-120.6246324, 48.2258557], [-120.6246527, 48.2259516], [-120.6249686, 48.2261319], [-120.6251648, 48.2262463], [-120.6255566, 48.2264557], [-120.6259443, 48.2265629], [-120.6261456, 48.226759], [-120.6262127, 48.2268929], [-120.6263715, 48.2269813], [-120.6264543, 48.2270495], [-120.6265584, 48.2273051], [-120.6266028, 48.2274295], [-120.626632, 48.2275734], [-120.6267089, 48.2277528], [-120.6270332, 48.2284992], [-120.6269329, 48.2287302], [-120.6271061, 48.2291737], [-120.6273796, 48.2293255], [-120.627511, 48.2295773], [-120.6277716, 48.2298358], [-120.6278172, 48.2301639], [-120.6280177, 48.2303584], [-120.6280451, 48.2305041], [-120.6282, 48.2306257], [-120.6281695, 48.2308333], [-120.6282547, 48.230978], [-120.6281139, 48.2311716], [-120.6283592, 48.2316789], [-120.6285647, 48.2319318], [-120.6286284, 48.2322356], [-120.6285738, 48.2323814], [-120.6283732, 48.2324907], [-120.6281363, 48.2325941], [-120.6280086, 48.2327459], [-120.6280451, 48.2329525], [-120.6282092, 48.2331043], [-120.6279995, 48.2334689], [-120.6279721, 48.233718], [-120.6284537, 48.2340651], [-120.6289528, 48.2342246], [-120.6291921, 48.2344069], [-120.6297048, 48.234785], [-120.6298553, 48.2349901], [-120.6298006, 48.2352862], [-120.6299236, 48.2356781], [-120.6298981, 48.2360783], [-120.6300604, 48.2362158], [-120.6298757, 48.2370816], [-120.6296981, 48.23756], [-120.6295203, 48.2382799], [-120.6289186, 48.2383254], [-120.6289117, 48.2384941], [-120.6286451, 48.2385305], [-120.6282349, 48.2392459], [-120.6281939, 48.2394828], [-120.6284127, 48.2396833], [-120.6282145, 48.2400387], [-120.6280161, 48.2405171], [-120.6281119, 48.2410092], [-120.6280572, 48.2412143], [-120.6279888, 48.2413008], [-120.627941, 48.2415971], [-120.6277564, 48.2419433], [-120.6278506, 48.2422102], [-120.6279888, 48.2424491], [-120.6285699, 48.2426268], [-120.628987, 48.243488], [-120.6290485, 48.2437933], [-120.6290075, 48.2440576], [-120.6289882, 48.2442924], [-120.6291169, 48.2448048], [-120.6292673, 48.2449142], [-120.6293425, 48.2452651], [-120.629616, 48.2456796], [-120.629616, 48.245821], [-120.6294451, 48.245985], [-120.6298124, 48.2464167], [-120.6302226, 48.2467721], [-120.6303594, 48.2470911], [-120.6308547, 48.2476503], [-120.6311183, 48.2479478], [-120.6312961, 48.2483944], [-120.6315217, 48.248563], [-120.6313781, 48.2486723], [-120.6315866, 48.2489844], [-120.6318431, 48.2492419], [-120.6321576, 48.2498389], [-120.6319866, 48.2499983], [-120.6319202, 48.250224], [-120.6319524, 48.2503583], [-120.6318225, 48.2504996], [-120.6318909, 48.2508049], [-120.6321439, 48.2508642], [-120.6321849, 48.2510191], [-120.6319388, 48.2510965], [-120.632137, 48.2514474], [-120.6318062, 48.251807], [-120.6318225, 48.2519396], [-120.6321439, 48.252049], [-120.6321582, 48.252271], [-120.6323285, 48.2524955], [-120.6323421, 48.2526276], [-120.6320755, 48.2526869], [-120.6318868, 48.2529276], [-120.6319046, 48.2531745], [-120.6318089, 48.2535162], [-120.6321985, 48.253735], [-120.632472, 48.2537486], [-120.6325746, 48.2541951], [-120.6327661, 48.2543455], [-120.6327182, 48.2545688], [-120.6324634, 48.2547919], [-120.6324596, 48.2552524], [-120.6324584, 48.2554119], [-120.6322054, 48.2555896], [-120.6322796, 48.2561534], [-120.6322533, 48.2564826], [-120.6323353, 48.2566831], [-120.6325541, 48.2567059], [-120.6327455, 48.2568153], [-120.6326771, 48.2568837], [-120.6326908, 48.2571753], [-120.6325404, 48.2572756], [-120.6326908, 48.2578907], [-120.6330258, 48.2584239], [-120.6333609, 48.2587383], [-120.6334635, 48.2591165], [-120.6334525, 48.2592393], [-120.6333745, 48.2594259], [-120.6333404, 48.2594914], [-120.6332793, 48.2595717], [-120.6333236, 48.2596207], [-120.6333138, 48.2596493], [-120.6332857, 48.2596674], [-120.6332723, 48.2596993], [-120.6331476, 48.2598107], [-120.6330976, 48.2599245], [-120.633106, 48.2600411], [-120.6331287, 48.2600758], [-120.6332219, 48.2601248], [-120.633222, 48.260151], [-120.6332687, 48.2602], [-120.6332836, 48.2602704], [-120.6332668, 48.2603034], [-120.6331245, 48.2603556], [-120.6330866, 48.2603835], [-120.6331284, 48.260444], [-120.6332463, 48.2605731], [-120.6332709, 48.2605895], [-120.6333481, 48.2606057], [-120.6334458, 48.2606261], [-120.6334781, 48.2606531], [-120.6334739, 48.2606743], [-120.6334145, 48.2606846], [-120.6334088, 48.2606881], [-120.633409, 48.2606945], [-120.6334151, 48.2606985], [-120.6334868, 48.2606997], [-120.6335053, 48.2607267], [-120.6334982, 48.2608298], [-120.6336135, 48.26094], [-120.6337338, 48.2609735], [-120.6337682, 48.2610242], [-120.6339281, 48.2610718], [-120.6340232, 48.2610713], [-120.6341016, 48.2610745], [-120.6342242, 48.2611022], [-120.6346262, 48.2611296], [-120.6350086, 48.2611537], [-120.6351725, 48.2611484], [-120.6353787, 48.2611958], [-120.6356928, 48.2613492], [-120.6358965, 48.2614816], [-120.6360805, 48.2616282], [-120.6361299, 48.261676], [-120.6361693, 48.2617512], [-120.6361351, 48.2618118], [-120.6360202, 48.261902], [-120.6359255, 48.2622055], [-120.6369647, 48.2628191], [-120.6370741, 48.2630987], [-120.6378855, 48.2635664], [-120.6378582, 48.2639554], [-120.6379585, 48.2647452], [-120.6386604, 48.2658389], [-120.6389339, 48.2660941], [-120.6387425, 48.2663249], [-120.6391984, 48.2669204], [-120.6394263, 48.267048], [-120.6404564, 48.2673335], [-120.6404929, 48.2676981], [-120.6403197, 48.2678317], [-120.6404302, 48.2682013], [-120.6407117, 48.2684941], [-120.6408166, 48.2692139], [-120.641005, 48.2692891], [-120.6412577, 48.2693811], [-120.6414783, 48.2693965], [-120.6416289, 48.2693928], [-120.6416904, 48.269533], [-120.6417509, 48.2695827], [-120.6418491, 48.2696448], [-120.6418958, 48.2697102], [-120.641951, 48.2697167], [-120.6420062, 48.2697428], [-120.6420407, 48.2697967], [-120.6420734, 48.2698293], [-120.6424318, 48.2699512], [-120.6425241, 48.2700559], [-120.6426789, 48.2701723], [-120.642711, 48.2702394], [-120.6428532, 48.2702637], [-120.6429348, 48.2702846], [-120.6429246, 48.2703782], [-120.6430131, 48.2704926], [-120.6431002, 48.270572], [-120.6433008, 48.2707239], [-120.6433255, 48.2708981], [-120.6432859, 48.2711605], [-120.6433287, 48.2713293], [-120.6433464, 48.2713439], [-120.6433697, 48.2713627], [-120.6434004, 48.2713954], [-120.6434619, 48.2714706], [-120.6434819, 48.2714979], [-120.6435908, 48.2715678], [-120.6436314, 48.271589], [-120.6436425, 48.271616], [-120.6436879, 48.2716528], [-120.6437235, 48.2716707], [-120.6437983, 48.2716788], [-120.6438351, 48.2716943], [-120.6439247, 48.271745], [-120.6439481, 48.271776], [-120.6439392, 48.2718048], [-120.6439114, 48.2718251], [-120.6438857, 48.2718473], [-120.6438135, 48.2718752], [-120.6437009, 48.271935], [-120.6436441, 48.2719827], [-120.6436203, 48.2720489], [-120.643601, 48.2721528], [-120.6435987, 48.2721921], [-120.6435917, 48.2722219], [-120.6435352, 48.272296], [-120.6435267, 48.2723263], [-120.6435035, 48.2723583], [-120.643466, 48.2724031], [-120.6434388, 48.2724377], [-120.6434426, 48.2724704], [-120.643466, 48.2725269], [-120.6434428, 48.2725441], [-120.6434304, 48.2726805], [-120.6434039, 48.2726906], [-120.6433954, 48.2727061], [-120.6434016, 48.2727257], [-120.6434385, 48.2727601], [-120.6434705, 48.2728165], [-120.6434632, 48.2728386], [-120.6434351, 48.2728967], [-120.6434377, 48.2729229], [-120.6434596, 48.2729506], [-120.6435212, 48.2729923], [-120.6435605, 48.2730095], [-120.6435594, 48.2730553], [-120.6435692, 48.273079], [-120.6436546, 48.2731391], [-120.6436578, 48.2732082], [-120.6436702, 48.2732523], [-120.643696, 48.2732727], [-120.6437537, 48.2732913], [-120.6439316, 48.273335], [-120.6440491, 48.2733198], [-120.6441177, 48.2733123], [-120.6441913, 48.2733204], [-120.6442673, 48.2733465], [-120.6444133, 48.2733864], [-120.6444783, 48.2733937], [-120.644531, 48.2734165], [-120.6445838, 48.273441], [-120.6446598, 48.2734663], [-120.6446783, 48.2734884], [-120.6447127, 48.2735145], [-120.6447422, 48.2735545], [-120.6449411, 48.2736926], [-120.6450761, 48.2737333], [-120.6451889, 48.2737667], [-120.6452552, 48.2738239], [-120.6453778, 48.2738238], [-120.6454355, 48.2738638], [-120.6454674, 48.2738744], [-120.6455061, 48.2738666], [-120.6455568, 48.2738587], [-120.6456304, 48.2738586], [-120.6456977, 48.2738422], [-120.6459282, 48.2738517], [-120.6460434, 48.2738393], [-120.6461568, 48.2738256], [-120.6462736, 48.2737891], [-120.6463422, 48.2737792], [-120.6464341, 48.2737725], [-120.6465028, 48.2737708], [-120.6465371, 48.2737871], [-120.6465718, 48.2738179], [-120.6472034, 48.2741845], [-120.6477497, 48.2741811], [-120.6478965, 48.2743719], [-120.6482693, 48.2744727], [-120.648397, 48.2746186], [-120.6485082, 48.2747766], [-120.6488711, 48.274892], [-120.6490898, 48.2750743], [-120.6492358, 48.2754631], [-120.6500471, 48.2759067], [-120.6503571, 48.2763988], [-120.6508129, 48.2767208], [-120.6514146, 48.2773649], [-120.6518796, 48.2774986], [-120.6517884, 48.2777477], [-120.6521257, 48.2779907], [-120.6523536, 48.2786105], [-120.652381, 48.2791269], [-120.652536, 48.2794064], [-120.6524515, 48.2795733], [-120.652536, 48.2799837], [-120.6523627, 48.2802753], [-120.6525815, 48.2805183], [-120.652773, 48.280573], [-120.6529006, 48.2813325], [-120.6530191, 48.2814905], [-120.6532288, 48.2814965], [-120.6532744, 48.2821284], [-120.6533382, 48.2822803], [-120.6536208, 48.2822864], [-120.6538487, 48.2825841], [-120.6539308, 48.2829912], [-120.6540317, 48.2831485], [-120.6544778, 48.283453], [-120.6545143, 48.2836292], [-120.654806, 48.28369], [-120.6549701, 48.2837689], [-120.6550521, 48.2839391], [-120.6552527, 48.2850509], [-120.6555535, 48.2852393], [-120.6556083, 48.2854519], [-120.6556356, 48.2856646], [-120.6558088, 48.2856829], [-120.6558088, 48.28609], [-120.655745, 48.2862357], [-120.6554533, 48.2865334], [-120.6555809, 48.2871472], [-120.6555079, 48.2872322], [-120.6555353, 48.2873477], [-120.6557085, 48.287615], [-120.6559245, 48.2878091], [-120.6562254, 48.287888], [-120.6564259, 48.2881008], [-120.6568088, 48.288283], [-120.6572282, 48.2883134], [-120.6582949, 48.2882101], [-120.6589969, 48.2883742], [-120.660182, 48.2883013], [-120.6615094, 48.2890737], [-120.6617864, 48.2892397], [-120.6618709, 48.2894152], [-120.6618563, 48.289466], [-120.6616964, 48.2895845], [-120.6616338, 48.2896577], [-120.6616586, 48.2897542], [-120.6616199, 48.2899179], [-120.6615568, 48.2901209], [-120.6615008, 48.2902453], [-120.6615381, 48.2903177], [-120.6615708, 48.2903993], [-120.6613881, 48.2904758], [-120.6615284, 48.290562], [-120.6616625, 48.2908456], [-120.661829, 48.290942], [-120.6621142, 48.2911916], [-120.6622326, 48.2914192], [-120.6622676, 48.2915338], [-120.6629353, 48.2919408], [-120.6630721, 48.2921049], [-120.6635827, 48.2921171], [-120.6637103, 48.2922628], [-120.6642299, 48.2923175], [-120.6647131, 48.2925241], [-120.6648316, 48.2926882], [-120.6649502, 48.2930467], [-120.6649137, 48.2934294], [-120.6655609, 48.2939156], [-120.6660989, 48.2939824], [-120.6663815, 48.2941221], [-120.6664089, 48.2943226], [-120.6666368, 48.2947418], [-120.6668647, 48.2948269], [-120.6667461, 48.2950031], [-120.6667553, 48.2952705], [-120.6673479, 48.2955439], [-120.6674299, 48.295787], [-120.6676305, 48.2959267], [-120.6676403, 48.2961721], [-120.6678949, 48.2963338], [-120.6680135, 48.2965523], [-120.6681775, 48.2966497], [-120.6683416, 48.2968867], [-120.6681775, 48.2971298], [-120.6681228, 48.2972999], [-120.6679587, 48.2973728], [-120.6678766, 48.2975976], [-120.6683234, 48.297944], [-120.6687063, 48.2981931], [-120.6689068, 48.2982599], [-120.6689707, 48.2983875], [-120.6690801, 48.2985576], [-120.6693445, 48.2985698], [-120.6694721, 48.2987035], [-120.6694082, 48.298989], [-120.6700373, 48.2994143], [-120.6702287, 48.2995419], [-120.6702743, 48.2996756], [-120.6704293, 48.2999673], [-120.6704932, 48.3002529], [-120.6706349, 48.3004621], [-120.6708488, 48.3005627], [-120.670842, 48.3007676], [-120.6710037, 48.3010063], [-120.6710311, 48.3012797], [-120.6710675, 48.3014681], [-120.6712134, 48.3017718], [-120.6713775, 48.3019966], [-120.6714778, 48.3023855], [-120.6715689, 48.3025374], [-120.6715143, 48.302659], [-120.6715963, 48.3027562], [-120.6715325, 48.3029506], [-120.6718424, 48.3030478], [-120.6717878, 48.3032118], [-120.6715599, 48.3032483], [-120.6714687, 48.3036129], [-120.6712043, 48.3036737], [-120.6711544, 48.3038486], [-120.6712954, 48.3043602], [-120.6711952, 48.3051259], [-120.6710311, 48.3053142], [-120.6710219, 48.3057213], [-120.6708396, 48.3057456], [-120.6707028, 48.3063168], [-120.6710702, 48.3067515], [-120.6715366, 48.3073034], [-120.6717646, 48.3074067], [-120.6717919, 48.3076922], [-120.6719469, 48.3077956], [-120.6722751, 48.3077773], [-120.6724483, 48.3078988], [-120.6725943, 48.3079181], [-120.6727874, 48.3079681], [-120.6729484, 48.308068], [-120.6730771, 48.3081822], [-120.6731737, 48.3083106], [-120.6732595, 48.3084391], [-120.6733239, 48.3085746], [-120.6733561, 48.3087174], [-120.673399, 48.3088529], [-120.6734204, 48.3089957], [-120.6734634, 48.3091384], [-120.6735385, 48.309274], [-120.6736457, 48.3093953], [-120.6737959, 48.3095023], [-120.6739462, 48.3096093], [-120.6741285, 48.3097021], [-120.6743109, 48.3097663], [-120.6745148, 48.3098163], [-120.6747079, 48.3098662], [-120.6748796, 48.3099519], [-120.6750405, 48.3100518], [-120.6751692, 48.3101731], [-120.6752765, 48.3102872], [-120.6753624, 48.3104086], [-120.6754375, 48.3105441], [-120.6755233, 48.3106726], [-120.6756306, 48.3107867], [-120.6757808, 48.3108938], [-120.6759846, 48.3109437], [-120.6761885, 48.3109651], [-120.6763923, 48.3109937], [-120.6765533, 48.3110936], [-120.6766391, 48.3112149], [-120.6767035, 48.3113505], [-120.6767249, 48.3114932], [-120.6767893, 48.3116287], [-120.6768429, 48.3117714], [-120.6768322, 48.3119142], [-120.6768322, 48.3121996], [-120.6768, 48.3123423], [-120.6767142, 48.312485], [-120.6765962, 48.3126063], [-120.6765211, 48.3127419], [-120.6764674, 48.3128846], [-120.6764031, 48.3130273], [-120.6763494, 48.31317], [-120.676285, 48.3133127], [-120.6762207, 48.3134483], [-120.6760812, 48.3135696], [-120.6758988, 48.3136552], [-120.6757271, 48.3137622], [-120.6755877, 48.3138835], [-120.6754482, 48.3139977], [-120.6753194, 48.314119], [-120.6751907, 48.3142331], [-120.675062, 48.3143473], [-120.674901, 48.3144543], [-120.6747294, 48.3145614], [-120.6746006, 48.3146827], [-120.6744826, 48.3148111], [-120.6743968, 48.3149466], [-120.6743431, 48.3150822], [-120.6742466, 48.3152178], [-120.6742144, 48.3153533], [-120.6742787, 48.3154889], [-120.674386, 48.3156173], [-120.6744933, 48.3157386], [-120.6746328, 48.3158528], [-120.6747615, 48.3159741], [-120.6748796, 48.3160954], [-120.6749332, 48.3162381], [-120.6749332, 48.3163808], [-120.6750083, 48.3165235], [-120.6750941, 48.3165948], [-120.6751853, 48.3166662], [-120.6753087, 48.3167875], [-120.675416, 48.3169088], [-120.6755662, 48.3170086], [-120.6757379, 48.3171014], [-120.6759095, 48.3171727], [-120.6760919, 48.3172512], [-120.6762529, 48.3173368], [-120.6764245, 48.3174153], [-120.6766069, 48.3174938], [-120.6767678, 48.3175937], [-120.6769288, 48.3177007], [-120.6770575, 48.3178077], [-120.6771541, 48.317929], [-120.6772614, 48.3180574], [-120.6773901, 48.3181859], [-120.6775189, 48.3183], [-120.6776476, 48.3184142], [-120.6777549, 48.3185355], [-120.6778729, 48.3186567], [-120.677926, 48.3187123], [-120.6779909, 48.318778], [-120.6781573, 48.3189357], [-120.6782162, 48.3190349], [-120.6783235, 48.3191633], [-120.6784523, 48.3192846], [-120.6785488, 48.3194059], [-120.6786668, 48.3195271], [-120.6787849, 48.3196413], [-120.6789458, 48.3197412], [-120.6791175, 48.3198125], [-120.6793106, 48.3198839], [-120.6791569, 48.3201678], [-120.6790155, 48.3204082], [-120.6787956, 48.3204118], [-120.6785864, 48.3204368], [-120.6783772, 48.320476], [-120.6781626, 48.320526], [-120.6780767, 48.3205581], [-120.6779963, 48.3206116], [-120.6779695, 48.3206829], [-120.6779426, 48.3207543], [-120.6779212, 48.3208256], [-120.6779158, 48.3208969], [-120.6779748, 48.3209576], [-120.6780767, 48.3209897], [-120.6781787, 48.3210218], [-120.6782913, 48.3210432], [-120.678404, 48.3210361], [-120.6785113, 48.3210289], [-120.6786186, 48.3210075], [-120.6787312, 48.3210147], [-120.6787849, 48.3210789], [-120.6787902, 48.3211573], [-120.6787527, 48.3212251], [-120.6786722, 48.321275], [-120.6785756, 48.3213107], [-120.6784684, 48.3213143], [-120.6783664, 48.3213179], [-120.6782645, 48.3213143], [-120.6781679, 48.3212786], [-120.6780928, 48.3212287], [-120.6780016, 48.3212608], [-120.6780177, 48.3213321], [-120.6780767, 48.3213963], [-120.6781465, 48.3214534], [-120.6782377, 48.3214998], [-120.6783235, 48.3215461], [-120.678404, 48.3216032], [-120.6784844, 48.3216532], [-120.6785595, 48.3217067], [-120.6786454, 48.321753], [-120.6787258, 48.3218101], [-120.6788063, 48.32186], [-120.6788975, 48.3219064], [-120.6789994, 48.3219385], [-120.6790906, 48.3219778], [-120.6791925, 48.3220134], [-120.6792784, 48.3220634], [-120.6793749, 48.3221097], [-120.6794769, 48.3221383], [-120.6795842, 48.3221418], [-120.6796968, 48.3221418], [-120.6798041, 48.322149], [-120.6799114, 48.3221775], [-120.6800187, 48.3221989], [-120.6801099, 48.3222453], [-120.6801689, 48.3223059], [-120.6800723, 48.3223416], [-120.679965, 48.3223487], [-120.6798524, 48.3223487], [-120.6797504, 48.3223345], [-120.6796432, 48.3223131], [-120.6795359, 48.3223024], [-120.6794339, 48.3222952], [-120.6793267, 48.3222738], [-120.6792355, 48.3222453], [-120.679155, 48.3221989], [-120.6790638, 48.3221525], [-120.678978, 48.3221062], [-120.6788921, 48.3220598], [-120.678817, 48.3220063], [-120.6787312, 48.3219635], [-120.6786454, 48.3219207], [-120.6785703, 48.3218743], [-120.6784791, 48.3218351], [-120.6783986, 48.3217816], [-120.6783289, 48.3217281], [-120.6781572, 48.321646], [-120.6780767, 48.3215997], [-120.6779909, 48.3215533], [-120.6779158, 48.3215033], [-120.67783, 48.321457], [-120.6777656, 48.3213999], [-120.6777012, 48.3213393], [-120.6776637, 48.3212715], [-120.6776476, 48.3212001], [-120.6776744, 48.3211288], [-120.6777442, 48.3210753], [-120.677771, 48.3210039], [-120.677771, 48.3209362], [-120.6777871, 48.3208684], [-120.6778193, 48.3207971], [-120.67783, 48.3207257], [-120.67783, 48.3206544], [-120.6777924, 48.3205902], [-120.677771, 48.3205188], [-120.6777978, 48.3204475], [-120.6777817, 48.3203797], [-120.6776798, 48.3202549], [-120.67761, 48.3201978], [-120.6775349, 48.3201478], [-120.6774598, 48.3200979], [-120.6773847, 48.3200515], [-120.6773096, 48.3200016], [-120.6772345, 48.3199516], [-120.6771541, 48.3198981], [-120.6770736, 48.3198482], [-120.6769931, 48.3198018], [-120.6768908, 48.3197465], [-120.6767356, 48.319677], [-120.6766284, 48.3196698], [-120.6765211, 48.3196627], [-120.6764138, 48.3196627], [-120.6763119, 48.3196556], [-120.6762099, 48.3196449], [-120.6761026, 48.3196449], [-120.6760007, 48.3196484], [-120.6758988, 48.319652], [-120.6757915, 48.3196449], [-120.6756842, 48.3196449], [-120.6757861, 48.3196734], [-120.6758827, 48.3197055], [-120.6759203, 48.3197804], [-120.6759297, 48.3197982], [-120.6759578, 48.3198482], [-120.6760061, 48.319916], [-120.6760597, 48.3199802], [-120.6761348, 48.3200444], [-120.676226, 48.3200908], [-120.6763172, 48.3201407], [-120.6763552, 48.3201342], [-120.6764282, 48.3200829], [-120.6765336, 48.3201116], [-120.6764611, 48.3201649], [-120.6765082, 48.3202252], [-120.6766009, 48.3202834], [-120.676695, 48.3203487], [-120.6767035, 48.3204082], [-120.6767517, 48.3204724], [-120.6768429, 48.3205153], [-120.6769502, 48.3205438], [-120.6769964, 48.3205685], [-120.67702, 48.3206044], [-120.6769913, 48.3206387], [-120.6769288, 48.3206936], [-120.6768991, 48.3207528], [-120.6769717, 48.3208185], [-120.6770629, 48.320872], [-120.6771152, 48.3209336], [-120.6771006, 48.3210478], [-120.6770751, 48.3211476], [-120.6770575, 48.321193], [-120.6769556, 48.321218], [-120.6768835, 48.3212456], [-120.6768802, 48.3214067], [-120.6769094, 48.3214215], [-120.67694, 48.3215175], [-120.6770511, 48.3216301], [-120.6772759, 48.3219358], [-120.6772609, 48.3219521], [-120.6772764, 48.3219846], [-120.6773085, 48.3219993], [-120.6773022, 48.3226052], [-120.6773411, 48.3226192], [-120.6773325, 48.3228075], [-120.6772694, 48.3228772], [-120.6771698, 48.32287], [-120.6770706, 48.3228218], [-120.676932, 48.3225976], [-120.6769609, 48.3225856], [-120.676957, 48.3225661], [-120.676926, 48.3225213], [-120.6769273, 48.3225019], [-120.6770524, 48.3224755], [-120.6771324, 48.3223816], [-120.6771081, 48.3221964], [-120.677025, 48.3219468], [-120.6769879, 48.3218298], [-120.6769061, 48.3217588], [-120.6768591, 48.3216566], [-120.6766968, 48.3216309], [-120.6766498, 48.321275], [-120.6765801, 48.3212715], [-120.6765451, 48.3212013], [-120.6765167, 48.3211354], [-120.6764704, 48.321042], [-120.6764138, 48.3210289], [-120.6763065, 48.3210218], [-120.6762153, 48.3209897], [-120.676167, 48.3209255], [-120.6761617, 48.3208541], [-120.6761617, 48.3207828], [-120.6760758, 48.3207471], [-120.6759739, 48.3207507], [-120.6758333, 48.3207701], [-120.675821, 48.3208371], [-120.6758354, 48.3209271], [-120.675781, 48.3209399], [-120.675797, 48.3210345], [-120.6758183, 48.3211145], [-120.675711, 48.3211324], [-120.6756145, 48.3211074], [-120.6755126, 48.3210824], [-120.6754053, 48.3210824], [-120.675298, 48.3210967], [-120.675134, 48.3211326], [-120.675015, 48.3211777], [-120.6748947, 48.3212471], [-120.6747849, 48.3212895], [-120.6746292, 48.3213801], [-120.6744452, 48.3214684], [-120.6741673, 48.3215801], [-120.6741744, 48.3216037], [-120.6741656, 48.3216237], [-120.6741443, 48.3216649], [-120.6740612, 48.3216802], [-120.6739922, 48.3216802], [-120.6739585, 48.3217013], [-120.6740099, 48.3217402], [-120.6740435, 48.3217566], [-120.6742399, 48.3217202], [-120.6744523, 48.321699], [-120.6744629, 48.3217343], [-120.6743602, 48.3217613], [-120.6742629, 48.3217708], [-120.6742629, 48.3217861], [-120.6741992, 48.3218072], [-120.6741443, 48.3218178], [-120.6741974, 48.3218814], [-120.6741727, 48.3219237], [-120.674185, 48.3220061], [-120.6741496, 48.3220296], [-120.674162, 48.3220673], [-120.674208, 48.322052], [-120.6742877, 48.322052], [-120.6743142, 48.322019], [-120.6743125, 48.321979], [-120.6742967, 48.3219165], [-120.6743553, 48.3219022], [-120.6744015, 48.3219227], [-120.6744477, 48.3218981], [-120.6744477, 48.3218694], [-120.6745124, 48.3218837], [-120.6745062, 48.3219329], [-120.6744908, 48.3219677], [-120.6745586, 48.3220005], [-120.6746695, 48.3220353], [-120.6748236, 48.3220538], [-120.6748821, 48.3220435], [-120.6749561, 48.3220661], [-120.67503, 48.3220456], [-120.675104, 48.3220579], [-120.675144, 48.3220353], [-120.6751748, 48.3219923], [-120.6752703, 48.3216912], [-120.6752765, 48.3216297], [-120.6752395, 48.3215662], [-120.6751871, 48.3215211], [-120.6751471, 48.3214924], [-120.6751594, 48.3214658], [-120.6752056, 48.3214678], [-120.675258, 48.3214945], [-120.6752919, 48.3214863], [-120.6753381, 48.3214576], [-120.6753535, 48.3215068], [-120.6753566, 48.3216256], [-120.675372, 48.3218284], [-120.6754829, 48.3218899], [-120.6757972, 48.322023], [-120.6759697, 48.3220292], [-120.67617, 48.3220169], [-120.6762501, 48.3220189], [-120.6762994, 48.3220476], [-120.6762963, 48.3220763], [-120.6762039, 48.3221009], [-120.6760591, 48.3221275], [-120.6758927, 48.3221337], [-120.6758095, 48.3221357], [-120.675791, 48.3221665], [-120.6758095, 48.3222464], [-120.6759636, 48.3224348], [-120.6760252, 48.3225168], [-120.6759882, 48.3225455], [-120.6754952, 48.3222197], [-120.6754398, 48.3221603], [-120.675335, 48.3221173], [-120.6751194, 48.3221193], [-120.6750423, 48.3221398], [-120.6749622, 48.3221255], [-120.6748174, 48.3221255], [-120.6746973, 48.3221255], [-120.6745833, 48.3221357], [-120.6744816, 48.3221255], [-120.6744169, 48.3221583], [-120.6743676, 48.3221869], [-120.6743337, 48.3222197], [-120.6743522, 48.3222464], [-120.67442, 48.3222382], [-120.6745247, 48.3222443], [-120.674648, 48.3223508], [-120.6746942, 48.3223754], [-120.6747457, 48.3224214], [-120.6752415, 48.3222365], [-120.6752676, 48.3223093], [-120.6753324, 48.3223393], [-120.6752576, 48.3223718], [-120.6751757, 48.3223541], [-120.6750978, 48.3223525], [-120.6749886, 48.3224255], [-120.6749353, 48.3224566], [-120.6748835, 48.3224725], [-120.6748819, 48.3225475], [-120.6749469, 48.3225866], [-120.6750087, 48.3226056], [-120.6750311, 48.3226272], [-120.6750657, 48.3226245], [-120.6750982, 48.3226366], [-120.6751226, 48.3226785], [-120.6751693, 48.3227313], [-120.6751896, 48.3227421], [-120.6752303, 48.3227623], [-120.6752628, 48.3227867], [-120.6752872, 48.3228232], [-120.6752893, 48.3228461], [-120.6753685, 48.3228678], [-120.6753279, 48.3228934], [-120.6752771, 48.3229232], [-120.6752445, 48.3229435], [-120.6752588, 48.3229759], [-120.6753401, 48.3230435], [-120.6753421, 48.3230651], [-120.675273, 48.3230638], [-120.6752262, 48.3230354], [-120.6751896, 48.3229962], [-120.6751714, 48.3229462], [-120.6751775, 48.3229137], [-120.6752384, 48.3228556], [-120.675212, 48.3228259], [-120.6751815, 48.3227975], [-120.6751409, 48.3227813], [-120.6751388, 48.3228002], [-120.675147, 48.3228191], [-120.6751693, 48.3228475], [-120.675151, 48.3228691], [-120.6751449, 48.3228894], [-120.6751124, 48.322907], [-120.67509, 48.3229151], [-120.6750799, 48.3229462], [-120.6750433, 48.3229448], [-120.675023, 48.3229151], [-120.6750169, 48.3228894], [-120.6749965, 48.3228745], [-120.6749335, 48.3228353], [-120.6749051, 48.3228272], [-120.6748908, 48.3228434], [-120.6749356, 48.3228678], [-120.6749762, 48.3228975], [-120.6749843, 48.3229205], [-120.674964, 48.3229381], [-120.6749457, 48.3229543], [-120.6749417, 48.3229881], [-120.6749173, 48.3230151], [-120.6748708, 48.323052], [-120.6746728, 48.3231013], [-120.6745684, 48.3231067], [-120.6744936, 48.3231094], [-120.6741768, 48.3231228], [-120.6741673, 48.323036], [-120.6742773, 48.3229335], [-120.6742576, 48.3228509], [-120.6742335, 48.3228096], [-120.6740849, 48.3228279], [-120.6739802, 48.3228408], [-120.673991, 48.3229042], [-120.6739994, 48.3229537], [-120.6740272, 48.3230046], [-120.6740482, 48.3231837], [-120.6739216, 48.3231878], [-120.6737954, 48.3231556], [-120.6736808, 48.3231674], [-120.6734524, 48.3230811], [-120.6734934, 48.3230136], [-120.673437, 48.3229558], [-120.673445, 48.322943], [-120.6733765, 48.3229036], [-120.6733358, 48.3229247], [-120.6732692, 48.3228919], [-120.6731398, 48.3228197], [-120.6725486, 48.3225362], [-120.6718375, 48.322439], [-120.6716642, 48.3222567], [-120.6717554, 48.322038], [-120.6716369, 48.3219347], [-120.6710078, 48.3219225], [-120.6711537, 48.3216917], [-120.6706431, 48.3213089], [-120.6702238, 48.3213271], [-120.6698773, 48.3210536], [-120.6697223, 48.320841], [-120.6696312, 48.3205736], [-120.6691388, 48.3203428], [-120.6686648, 48.3198871], [-120.6676164, 48.3190667], [-120.6672881, 48.3187508], [-120.6671309, 48.318634], [-120.6667776, 48.3186657], [-120.6666772, 48.3181432], [-120.6664493, 48.3178333], [-120.6659297, 48.3177178], [-120.6655924, 48.3177907], [-120.6651183, 48.3176814], [-120.6649906, 48.3175538], [-120.6641793, 48.3172925], [-120.663851, 48.317013], [-120.6633678, 48.3167092], [-120.6624015, 48.3161988], [-120.6620368, 48.3159133], [-120.6611251, 48.3155851], [-120.6609245, 48.3154089], [-120.660496, 48.3152266], [-120.6598214, 48.3146737], [-120.6594202, 48.3142362], [-120.658274, 48.3136498], [-120.6582391, 48.3136231], [-120.6582016, 48.3135981], [-120.6581748, 48.3135678], [-120.6581613, 48.3135321], [-120.6581587, 48.3134964], [-120.6581613, 48.313459], [-120.658164, 48.3134233], [-120.6581962, 48.3133519], [-120.658215, 48.3133163], [-120.6582418, 48.313285], [-120.658274, 48.3132556], [-120.6583062, 48.3132271], [-120.6583545, 48.3131646], [-120.6583947, 48.3131397], [-120.6584644, 48.313079], [-120.6584725, 48.3130433], [-120.6584591, 48.3130077], [-120.6584376, 48.3129755], [-120.6584027, 48.3129488], [-120.6583625, 48.3129185], [-120.658325, 48.3128917], [-120.6582847, 48.3128649], [-120.6582311, 48.3128007], [-120.6582069, 48.3127686], [-120.6581855, 48.3127347], [-120.6581721, 48.3126991], [-120.6581801, 48.3126634], [-120.6582016, 48.3126295], [-120.6582284, 48.3125974], [-120.6582552, 48.312567], [-120.6582418, 48.3123227], [-120.6578475, 48.3123298], [-120.6578448, 48.3122959], [-120.6578422, 48.3122602], [-120.6578395, 48.3122245], [-120.6578314, 48.3121907], [-120.6578368, 48.312155], [-120.6579119, 48.3121532], [-120.6579109, 48.3121332], [-120.6579065, 48.3120479], [-120.6578153, 48.3120462], [-120.6578046, 48.3120105], [-120.6577912, 48.3119748], [-120.6577912, 48.3119391], [-120.6577966, 48.3119035], [-120.6577992, 48.3118678], [-120.6577912, 48.3118321], [-120.6577724, 48.3117982], [-120.6577456, 48.3117679], [-120.6577107, 48.3117429], [-120.6576732, 48.3117197], [-120.6576437, 48.3116894], [-120.6576437, 48.3116537], [-120.6576517, 48.3116198], [-120.6576732, 48.3115859], [-120.6576759, 48.3115502], [-120.6576383, 48.3114807], [-120.6576222, 48.3114468], [-120.6576115, 48.3114111], [-120.6575713, 48.3113433], [-120.657523, 48.3113273], [-120.6573406, 48.3113612], [-120.6573245, 48.311329], [-120.6573004, 48.3112987], [-120.6572816, 48.3112666], [-120.6572682, 48.3112327], [-120.6572574, 48.311197], [-120.6572548, 48.3111614], [-120.6572709, 48.3111257], [-120.6573057, 48.3110989], [-120.657354, 48.3110793], [-120.6573916, 48.3110525], [-120.6574211, 48.3110222], [-120.6574371, 48.3109865], [-120.6574854, 48.3109705], [-120.6575739, 48.3109723], [-120.6576034, 48.3107832], [-120.6575552, 48.3107742], [-120.6575015, 48.3107707], [-120.6574506, 48.3107582], [-120.6574023, 48.3107386], [-120.6573594, 48.3107189], [-120.6573365, 48.3107018], [-120.6573286, 48.3106837], [-120.6573406, 48.3106672], [-120.6573835, 48.3106422], [-120.6574371, 48.3106351], [-120.6574908, 48.3106422], [-120.6575471, 48.3106529], [-120.6576571, 48.3106743], [-120.6577134, 48.3106761], [-120.657751, 48.3106512], [-120.6577617, 48.3105816], [-120.6577429, 48.3105495], [-120.657692, 48.3105423], [-120.6576437, 48.3105299], [-120.6575954, 48.3105156], [-120.6575578, 48.3104906], [-120.657531, 48.3104603], [-120.6575069, 48.31043], [-120.6574854, 48.3103961], [-120.6574774, 48.3103622], [-120.6574613, 48.3103283], [-120.6574613, 48.3102944], [-120.6574586, 48.3102587], [-120.6574693, 48.310223], [-120.6575069, 48.310157], [-120.6575283, 48.3101249], [-120.6575391, 48.3101035], [-120.6576625, 48.3101303], [-120.6577241, 48.3099911], [-120.6576249, 48.3099269], [-120.6576169, 48.3098912], [-120.6576276, 48.3098573], [-120.657649, 48.3098234], [-120.6576625, 48.3097877], [-120.6576759, 48.3097521], [-120.6576866, 48.3097182], [-120.6577215, 48.3096129], [-120.6577536, 48.3095416], [-120.6577617, 48.3095059], [-120.6577617, 48.3094684], [-120.6577483, 48.3094327], [-120.6577402, 48.3093971], [-120.6577215, 48.3093632], [-120.6576973, 48.309331], [-120.6576779, 48.3092501], [-120.6575847, 48.3088619], [-120.6575686, 48.3088262], [-120.657531, 48.308803], [-120.6574815, 48.3087794], [-120.6574452, 48.308762], [-120.6574076, 48.3087388], [-120.6573755, 48.308712], [-120.6573674, 48.3086763], [-120.6573486, 48.3086424], [-120.657346, 48.3086068], [-120.6573433, 48.3085711], [-120.657346, 48.3085354], [-120.6573513, 48.3084979], [-120.6573433, 48.308464], [-120.6573218, 48.3084301], [-120.6573004, 48.308398], [-120.6572789, 48.3083641], [-120.6572601, 48.3083302], [-120.6572333, 48.3082981], [-120.6572038, 48.3082678], [-120.657177, 48.3082375], [-120.6571636, 48.3082018], [-120.6571421, 48.3081697], [-120.6571206, 48.308134], [-120.6571019, 48.3081001], [-120.6570831, 48.3080662], [-120.6570751, 48.3080305], [-120.657067, 48.3079966], [-120.657067, 48.3079592], [-120.657059, 48.3079235], [-120.6570455, 48.3078878], [-120.6570195, 48.307817], [-120.6569452, 48.3077377], [-120.6568719, 48.3076912], [-120.6566617, 48.3075957], [-120.6565675, 48.3075951], [-120.6564876, 48.3075638], [-120.6562303, 48.3075381], [-120.6554869, 48.3072708], [-120.6553774, 48.3071903], [-120.6550816, 48.3072189], [-120.6546391, 48.3071856], [-120.6544294, 48.3068514], [-120.6542471, 48.3067725], [-120.6542611, 48.3066112], [-120.6541285, 48.3064686], [-120.6538732, 48.3064626], [-120.6539826, 48.3062135], [-120.6538276, 48.3060737], [-120.6536726, 48.3060129], [-120.6535451, 48.3057516], [-120.6533262, 48.305697], [-120.652984, 48.3052272], [-120.6518585, 48.3050469], [-120.6517764, 48.3048342], [-120.651439, 48.3046094], [-120.65096, 48.3040304], [-120.6507653, 48.3038378], [-120.6507612, 48.303709], [-120.6508016, 48.3035397], [-120.6508258, 48.3033957], [-120.6507715, 48.3032779], [-120.6506732, 48.3032191], [-120.650653, 48.3030479], [-120.6505008, 48.3029641], [-120.6503086, 48.3028777], [-120.6501461, 48.3024442], [-120.65018, 48.3022838], [-120.650263, 48.3020757], [-120.6500578, 48.3018698], [-120.6498449, 48.3018451], [-120.649916, 48.3017409], [-120.6499497, 48.3016603], [-120.6499204, 48.3015658], [-120.6498711, 48.3014759], [-120.6497217, 48.3013642], [-120.6494383, 48.3012346], [-120.6492769, 48.3012328], [-120.6491348, 48.3012001], [-120.6487787, 48.301078], [-120.6483765, 48.3010818], [-120.6481479, 48.3010488], [-120.6479542, 48.3009219], [-120.647737, 48.30056], [-120.647627, 48.3004247], [-120.6473932, 48.3002878], [-120.6473046, 48.3001537], [-120.6473039, 48.2999213], [-120.6471838, 48.2996677], [-120.6467529, 48.299333], [-120.6462958, 48.298967], [-120.6457372, 48.2985132], [-120.6454945, 48.2983135], [-120.6454302, 48.2981205], [-120.6452648, 48.297933], [-120.6451942, 48.2979048], [-120.6450887, 48.297882], [-120.6449365, 48.2978527], [-120.6448256, 48.2978078], [-120.6448674, 48.2976941], [-120.6449356, 48.2974911], [-120.6450026, 48.2971844], [-120.6451484, 48.2970447], [-120.645112, 48.2968624], [-120.6449661, 48.2967045], [-120.6446835, 48.2966619], [-120.6445437, 48.2962454], [-120.6434892, 48.2951003], [-120.6429604, 48.294912], [-120.6425661, 48.2946532], [-120.6421695, 48.2944853], [-120.6420456, 48.2943316], [-120.6420404, 48.2942269], [-120.6419612, 48.2941041], [-120.6418388, 48.2940439], [-120.64176, 48.2939098], [-120.6417721, 48.2938074], [-120.6416419, 48.2937627], [-120.6416907, 48.2936775], [-120.6415033, 48.2934975], [-120.6413492, 48.2934341], [-120.6410695, 48.2933739], [-120.6409003, 48.2933676], [-120.6406995, 48.2932775], [-120.6405542, 48.2931584], [-120.6403551, 48.2930704], [-120.6402051, 48.2929201], [-120.6401633, 48.2928596], [-120.6401238, 48.2927516], [-120.6400268, 48.2926449], [-120.6398262, 48.2924214], [-120.6397229, 48.292325], [-120.6396319, 48.292191], [-120.6396612, 48.2921549], [-120.6396242, 48.2920846], [-120.6395309, 48.2920422], [-120.6394793, 48.2919817], [-120.6393454, 48.2919354], [-120.6391995, 48.2919002], [-120.6390669, 48.2918333], [-120.6389711, 48.2917663], [-120.6388999, 48.2917206], [-120.638843, 48.2916542], [-120.6387106, 48.2915277], [-120.6386345, 48.2914967], [-120.6385042, 48.2913676], [-120.6384869, 48.2913005], [-120.6384264, 48.2911797], [-120.6383736, 48.2911419], [-120.6382093, 48.291129], [-120.638045, 48.2911145], [-120.6379118, 48.2911011], [-120.6377807, 48.2910416], [-120.6371984, 48.2908073], [-120.6370533, 48.2906918], [-120.6369254, 48.2905316], [-120.6368761, 48.2904335], [-120.6367159, 48.2903235], [-120.6367038, 48.2901719], [-120.6366447, 48.2900803], [-120.6365133, 48.2900057], [-120.6363502, 48.2899923], [-120.6362679, 48.2898684], [-120.6361305, 48.2896924], [-120.6361138, 48.2895868], [-120.6360397, 48.2893742], [-120.6358905, 48.289106], [-120.6358031, 48.2888999], [-120.6356933, 48.2886055], [-120.6356537, 48.2882387], [-120.6355541, 48.2880567], [-120.6355162, 48.2879708], [-120.6355697, 48.2877908], [-120.6356916, 48.2874993], [-120.6356487, 48.2873918], [-120.6356076, 48.2872671], [-120.635617, 48.2870936], [-120.6355491, 48.2868948], [-120.6354493, 48.2867371], [-120.6353754, 48.286603], [-120.6353897, 48.2864328], [-120.6352618, 48.286289], [-120.6350402, 48.2858965], [-120.6349268, 48.2856676], [-120.6348763, 48.285437], [-120.6350383, 48.2851765], [-120.6351505, 48.284931], [-120.6352289, 48.2846733], [-120.6353455, 48.2844889], [-120.6356155, 48.2842428], [-120.6359619, 48.2836414], [-120.6358616, 48.2830884], [-120.6359801, 48.2830155], [-120.6359255, 48.2828758], [-120.6356793, 48.2829062], [-120.6356702, 48.2825659], [-120.6353329, 48.2820373], [-120.6350047, 48.2818428], [-120.6347767, 48.2817821], [-120.6346492, 48.2815451], [-120.6342936, 48.2813568], [-120.6334913, 48.2813082], [-120.6330499, 48.2813336], [-120.6322241, 48.2814176], [-120.6315677, 48.2813871], [-120.6312122, 48.2811441], [-120.630501, 48.2801841], [-120.6300088, 48.2799715], [-120.629954, 48.2798014], [-120.6296897, 48.2797589], [-120.6296259, 48.2796434], [-120.6297991, 48.2796009], [-120.6297991, 48.2794672], [-120.6295256, 48.2793153], [-120.6296305, 48.2790768], [-120.6296219, 48.2789941], [-120.6295727, 48.2789368], [-120.6294957, 48.2788159], [-120.6293706, 48.278738], [-120.6292886, 48.2784161], [-120.6295986, 48.278252], [-120.6297749, 48.2780999], [-120.6298767, 48.2779547], [-120.6298937, 48.2778598], [-120.6297119, 48.2776931], [-120.6295694, 48.2775869], [-120.6295471, 48.277474], [-120.6294555, 48.2773472], [-120.6293062, 48.2772206], [-120.629159, 48.2771439], [-120.6290656, 48.2770802], [-120.6290271, 48.2770007], [-120.6287956, 48.2769234], [-120.6286139, 48.2768424], [-120.6287325, 48.2764231], [-120.6285775, 48.2761072], [-120.6293341, 48.2759614], [-120.6302296, 48.2753188], [-120.6300044, 48.2750428], [-120.6297582, 48.2749699], [-120.6292386, 48.274897], [-120.6291827, 48.2744855], [-120.6289742, 48.2743441], [-120.6285458, 48.2743319], [-120.6284457, 48.274178], [-120.628242, 48.2740522], [-120.6280062, 48.2738758], [-120.6279285, 48.2737028], [-120.6277925, 48.2736976], [-120.6276479, 48.2736749], [-120.6276011, 48.2736111], [-120.6274001, 48.2735835], [-120.6272429, 48.2734855], [-120.6269686, 48.2734228], [-120.6266519, 48.2733471], [-120.6262757, 48.2732079], [-120.6259567, 48.2728737], [-120.6258078, 48.2724717], [-120.62551, 48.2722965], [-120.6252912, 48.2719563], [-120.6251624, 48.271655], [-120.6250896, 48.2714293], [-120.6250509, 48.2713689], [-120.625006, 48.2713378], [-120.6248913, 48.2713023], [-120.6247645, 48.2712906], [-120.6247179, 48.2712972], [-120.6246715, 48.2713348], [-120.6246163, 48.2713308], [-120.624566, 48.2713055], [-120.6244886, 48.2712426], [-120.6244407, 48.2711837], [-120.6244226, 48.2711206], [-120.6243694, 48.2710873], [-120.6242835, 48.2710421], [-120.6241768, 48.2709966], [-120.6240884, 48.2709386], [-120.6239583, 48.2708398], [-120.6237104, 48.2707108], [-120.6236269, 48.2706667], [-120.6235906, 48.2706158], [-120.6235335, 48.2705342], [-120.623434, 48.2704337], [-120.6234339, 48.2703903], [-120.6233652, 48.2703495], [-120.6233234, 48.2702923], [-120.6233233, 48.2702497], [-120.6232619, 48.2701893], [-120.6232224, 48.270096], [-120.6231488, 48.2700606], [-120.6231183, 48.2699395], [-120.6231116, 48.2698785], [-120.6231336, 48.2698499], [-120.6231789, 48.2698261], [-120.6232119, 48.269777], [-120.6232184, 48.2697174], [-120.623355, 48.2696444], [-120.6233772, 48.2695964], [-120.6233181, 48.2695347], [-120.6231368, 48.2694595], [-120.623003, 48.2694316], [-120.6229138, 48.2694129], [-120.6227458, 48.2693405], [-120.6226838, 48.2693046], [-120.6226665, 48.269249], [-120.6226407, 48.2692031], [-120.6225192, 48.2691518], [-120.622334, 48.2690988], [-120.6222602, 48.2690723], [-120.6221806, 48.268977], [-120.6219991, 48.2687367], [-120.6218291, 48.2685691], [-120.6217861, 48.2685095], [-120.6217296, 48.2684457], [-120.6215514, 48.268243], [-120.6215268, 48.2681792], [-120.6213721, 48.268082], [-120.6212435, 48.2679887], [-120.6212615, 48.2679365], [-120.621232, 48.267871], [-120.6211076, 48.2677674], [-120.6210239, 48.2676412], [-120.6210069, 48.2675285], [-120.6210017, 48.2674033], [-120.6209596, 48.2673046], [-120.6209654, 48.267081], [-120.62098, 48.267027], [-120.6210977, 48.2668699], [-120.6211584, 48.2667911], [-120.6211704, 48.2666979], [-120.6212169, 48.2666324], [-120.6211752, 48.2665698], [-120.6211896, 48.2664966], [-120.6212876, 48.2663819], [-120.6212774, 48.2663263], [-120.6213263, 48.266287], [-120.6213727, 48.2662166], [-120.6214412, 48.2661592], [-120.6214985, 48.2660947], [-120.6215316, 48.2660086], [-120.6215142, 48.2659104], [-120.6215288, 48.2658613], [-120.6215529, 48.265812], [-120.621531, 48.2657599], [-120.6214842, 48.2656388], [-120.6213392, 48.265477], [-120.6210975, 48.2650663], [-120.6210172, 48.2649807], [-120.620932, 48.2648744], [-120.6208474, 48.2647673], [-120.6208301, 48.2647215], [-120.6208462, 48.2645877], [-120.6209486, 48.2645256], [-120.6209643, 48.2644694], [-120.6209303, 48.2643639], [-120.6208962, 48.2642919], [-120.6208143, 48.2642486], [-120.6207876, 48.2642035], [-120.6203501, 48.2638146], [-120.6200857, 48.2636749], [-120.6197028, 48.2631888], [-120.6197483, 48.2627817], [-120.6196207, 48.2624355], [-120.6195022, 48.2619251], [-120.619876, 48.261524], [-120.6200492, 48.2612446], [-120.6201403, 48.2606491], [-120.6205649, 48.2604226], [-120.6205821, 48.2601919], [-120.620506, 48.2600133], [-120.6201582, 48.2598912], [-120.6197411, 48.2595676], [-120.6197958, 48.2593125], [-120.619912, 48.2591348], [-120.6199052, 48.258834], [-120.6197359, 48.2586357], [-120.6196557, 48.2585668], [-120.6196212, 48.2584922], [-120.6195463, 48.2584336], [-120.6195456, 48.2583799], [-120.6194799, 48.258322], [-120.6194696, 48.2582224], [-120.6195476, 48.2581284], [-120.6195779, 48.2580668], [-120.6195381, 48.2580237], [-120.6195551, 48.2579631], [-120.6195782, 48.2579324], [-120.6195598, 48.2579017], [-120.6195145, 48.2578862], [-120.6194901, 48.2578519], [-120.6193446, 48.2575399], [-120.6192742, 48.2571879], [-120.6192748, 48.2568227], [-120.6191903, 48.2564946], [-120.6192487, 48.2562095], [-120.6191993, 48.2559876], [-120.6190619, 48.2556738], [-120.6188392, 48.2555742], [-120.6186263, 48.2550702], [-120.6183847, 48.2549566], [-120.6183258, 48.2547739], [-120.6181959, 48.2546189], [-120.6179155, 48.2545233], [-120.6179555, 48.2543828], [-120.6175567, 48.2540397], [-120.6174384, 48.2537382], [-120.6174401, 48.2535829], [-120.6175882, 48.2533801], [-120.6175415, 48.2532207], [-120.6172948, 48.2532083], [-120.6172576, 48.2531475], [-120.6174165, 48.2530742], [-120.6175432, 48.2530013], [-120.6174756, 48.2526311], [-120.6171715, 48.2522914], [-120.61682, 48.252045], [-120.6165801, 48.251892], [-120.6162573, 48.2516243], [-120.6162084, 48.251524], [-120.6162236, 48.2513587], [-120.6161661, 48.2508649], [-120.6165034, 48.2500204], [-120.6165074, 48.2488099], [-120.616168, 48.2484865], [-120.6159833, 48.2484409], [-120.6158876, 48.2483224], [-120.6159765, 48.2482359], [-120.6156552, 48.2476344], [-120.6152518, 48.2475752], [-120.6154296, 48.247443], [-120.6153589, 48.2473441], [-120.6151629, 48.2472836], [-120.6147596, 48.2467687], [-120.6145271, 48.246714], [-120.6143767, 48.2465864], [-120.6145203, 48.2461717], [-120.613652, 48.2459394], [-120.613488, 48.2456614], [-120.6130025, 48.2455885], [-120.6124556, 48.2449324], [-120.6121069, 48.2447957], [-120.6121479, 48.2445451], [-120.6120317, 48.2444586], [-120.6116693, 48.2444494], [-120.6116762, 48.2443127], [-120.6114232, 48.2442307], [-120.6109104, 48.2435062], [-120.6108928, 48.2432918], [-120.6107601, 48.2430551], [-120.6104934, 48.2429458], [-120.6105276, 48.2425766], [-120.6105139, 48.2424491], [-120.6103293, 48.2422759], [-120.6104073, 48.2419741], [-120.6105213, 48.2417105], [-120.6107811, 48.2411069], [-120.6112705, 48.2409737], [-120.6112577, 48.2406608], [-120.6115226, 48.2405713], [-120.6115654, 48.2403778], [-120.6122343, 48.2399923], [-120.612313, 48.2397792], [-120.6130914, 48.2391821], [-120.6130982, 48.238895], [-120.613399, 48.238617], [-120.613514, 48.2385816], [-120.6138434, 48.2384804], [-120.6141911, 48.2382601], [-120.6145681, 48.2378197], [-120.6148895, 48.237765], [-120.615286, 48.2375554], [-120.6154569, 48.2373048], [-120.6158742, 48.2369931], [-120.6161548, 48.2369426], [-120.6164176, 48.2367373], [-120.6165533, 48.2364799], [-120.6167564, 48.2363709], [-120.6166926, 48.2358445], [-120.6168403, 48.2356106], [-120.6168693, 48.2353261], [-120.616833, 48.235087], [-120.616646, 48.2348754], [-120.6166297, 48.2347888], [-120.6165722, 48.2347421], [-120.6164317, 48.2346536], [-120.6163064, 48.2345932], [-120.6162226, 48.2345868], [-120.6161531, 48.234554], [-120.6161275, 48.2345108], [-120.6161885, 48.2343548], [-120.6160914, 48.2342699], [-120.6158282, 48.2342062], [-120.6155554, 48.23414], [-120.6151892, 48.2341979], [-120.6147782, 48.2340408], [-120.6140343, 48.2338881], [-120.6137791, 48.233718], [-120.6131228, 48.2336633], [-120.6126305, 48.2333473], [-120.6120562, 48.2330983], [-120.6114455, 48.2331225], [-120.6111811, 48.2329221], [-120.6110899, 48.2327034], [-120.6104974, 48.2319015], [-120.6092212, 48.231458], [-120.6090207, 48.2308322], [-120.6087472, 48.2305892], [-120.6086834, 48.230249], [-120.6080727, 48.2298784], [-120.607708, 48.2293559], [-120.6074437, 48.2293437], [-120.6069423, 48.2289913], [-120.6071064, 48.2284628], [-120.6070517, 48.2281408], [-120.606915, 48.2278371], [-120.6063224, 48.227673], [-120.6060581, 48.2272964], [-120.6062768, 48.2271141], [-120.6060945, 48.2266645], [-120.605821, 48.2265248], [-120.6054564, 48.2265856], [-120.6050918, 48.2262271], [-120.6051283, 48.2261238], [-120.6048184, 48.2259962], [-120.6050007, 48.2256135], [-120.6044537, 48.2255831], [-120.6040799, 48.2248541], [-120.6037245, 48.2242891], [-120.6035129, 48.2242021], [-120.6032463, 48.2239151], [-120.6031096, 48.2238558], [-120.6028056, 48.2234015], [-120.6024533, 48.2230539], [-120.6018243, 48.2226028], [-120.6016397, 48.2220424], [-120.6015562, 48.2219359], [-120.6013526, 48.2216733], [-120.6014017, 48.221593], [-120.6008876, 48.2212496], [-120.6005869, 48.2209944], [-120.6007441, 48.2208395], [-120.6002313, 48.2201879], [-120.6001219, 48.220033], [-120.5998028, 48.2198024], [-120.599616, 48.2197915], [-120.5994725, 48.2195637], [-120.5991033, 48.2194452], [-120.5985769, 48.2191719], [-120.598736, 48.2189606], [-120.5984196, 48.2187344], [-120.5977496, 48.2186205], [-120.5976061, 48.2185157], [-120.5969771, 48.2183745], [-120.5967515, 48.2182423], [-120.5961909, 48.2180464], [-120.5963891, 48.2176591], [-120.5959585, 48.2172399], [-120.5954799, 48.2170076], [-120.5944885, 48.2171351], [-120.5939347, 48.2169893], [-120.5938388, 48.2168521], [-120.5935519, 48.2168071], [-120.5933674, 48.2164927], [-120.5934699, 48.2163241], [-120.5932023, 48.2160328], [-120.5924376, 48.2156953], [-120.5919385, 48.2157318], [-120.5914394, 48.2153399], [-120.5905917, 48.2148478], [-120.5902498, 48.2148569], [-120.5901462, 48.2147302], [-120.5899149, 48.2146018], [-120.5898738, 48.2143968], [-120.5894773, 48.2142555], [-120.5890808, 48.2141643], [-120.5889987, 48.2140778], [-120.5887242, 48.2139208], [-120.5877476, 48.2139457], [-120.5877202, 48.2138546], [-120.5874331, 48.2136769], [-120.5865922, 48.2134627], [-120.5865649, 48.2133397], [-120.586166, 48.2131406], [-120.5852642, 48.2131041], [-120.5839617, 48.2133291], [-120.5837249, 48.2131528], [-120.5834243, 48.2131041], [-120.5824953, 48.2132379], [-120.5823313, 48.2133109], [-120.5822312, 48.2130434], [-120.5818213, 48.2128731], [-120.581721, 48.2130434], [-120.5811113, 48.2128715], [-120.580619, 48.2128184], [-120.5801908, 48.2125751], [-120.5796808, 48.2124961], [-120.5794531, 48.2122772], [-120.5788064, 48.2122224], [-120.5786516, 48.212338], [-120.5777316, 48.2124535], [-120.5774128, 48.2122224], [-120.5771851, 48.2122042], [-120.5768937, 48.2120279], [-120.5764291, 48.21204], [-120.5761286, 48.2116996], [-120.5758007, 48.2115718], [-120.5756458, 48.2111766], [-120.5754014, 48.2108913], [-120.5751845, 48.2106487], [-120.5749354, 48.2105868], [-120.5748898, 48.2103192], [-120.5745892, 48.2103861], [-120.573897, 48.2103071], [-120.5733961, 48.2102523], [-120.572977, 48.2103071], [-120.5722211, 48.2105321], [-120.5719114, 48.2104834], [-120.5719296, 48.2102706], [-120.5717474, 48.21007], [-120.5710104, 48.209677], [-120.5706544, 48.2096017], [-120.5701352, 48.2095957], [-120.5700351, 48.2096565], [-120.5694339, 48.2096079], [-120.5691006, 48.2094879], [-120.5685413, 48.2094619], [-120.568177, 48.209322], [-120.5680312, 48.2091032], [-120.567214, 48.2089097], [-120.5669018, 48.2089633], [-120.5663827, 48.2088538], [-120.5660274, 48.2086288], [-120.5652532, 48.2085195], [-120.5648798, 48.2084039], [-120.5645974, 48.2082519], [-120.5643242, 48.2080087], [-120.5643333, 48.2077654], [-120.5643428, 48.2076891], [-120.5643788, 48.2074006], [-120.5643606, 48.2069993], [-120.5638961, 48.2065007], [-120.5635135, 48.2063122], [-120.5626665, 48.2060812], [-120.561537, 48.2058015], [-120.5608084, 48.2059413], [-120.5603987, 48.2061209], [-120.5601233, 48.2062153], [-120.5597517, 48.2061115], [-120.5587954, 48.205692], [-120.5575476, 48.2052359], [-120.5566276, 48.2049988], [-120.5562451, 48.2047617], [-120.5556257, 48.2042206], [-120.5554435, 48.2042206], [-120.5546329, 48.2038071], [-120.5542412, 48.2037219], [-120.5537312, 48.2031625], [-120.5533942, 48.2027369], [-120.5531664, 48.2026821], [-120.5528112, 48.2022808], [-120.5525653, 48.2021532], [-120.5526017, 48.2019829], [-120.5522465, 48.2018066], [-120.5522465, 48.2016485], [-120.5517911, 48.2012776], [-120.5516439, 48.2009832], [-120.5514861, 48.2007555], [-120.5512682, 48.2006344], [-120.5509874, 48.2005141], [-120.5507334, 48.2004332], [-120.550663, 48.2003644], [-120.5506384, 48.2002708], [-120.5505326, 48.2002663], [-120.5505206, 48.2002355], [-120.5504506, 48.2001922], [-120.5502029, 48.2000976], [-120.5500598, 48.1999928], [-120.5499164, 48.1998777], [-120.5498209, 48.1998126], [-120.5497713, 48.1997888], [-120.5496586, 48.1997261], [-120.5496176, 48.1996839], [-120.5494657, 48.1996075], [-120.5492744, 48.1994747], [-120.549172, 48.1993237], [-120.5491737, 48.1992267], [-120.5492146, 48.199178], [-120.5491889, 48.199148], [-120.5491122, 48.1991481], [-120.5490268, 48.1990649], [-120.5489977, 48.1989907], [-120.5489471, 48.1989176], [-120.5489413, 48.1988049], [-120.5489513, 48.1987162], [-120.5490673, 48.1986109], [-120.549069, 48.1985653], [-120.5490229, 48.1985117], [-120.5490109, 48.1984501], [-120.5489512, 48.1984342], [-120.5488629, 48.1983917], [-120.5488521, 48.198319], [-120.5487992, 48.1982871], [-120.5487369, 48.1982358], [-120.5486891, 48.1982102], [-120.5486463, 48.198197], [-120.5485842, 48.198188], [-120.5485253, 48.1982006], [-120.5484577, 48.1981921], [-120.5483709, 48.198167], [-120.54826, 48.1981967], [-120.5482396, 48.1982292], [-120.5482086, 48.198248], [-120.5481936, 48.1982771], [-120.5480946, 48.1982806], [-120.5480078, 48.1982858], [-120.5479547, 48.1982715], [-120.547936, 48.1982527], [-120.5479087, 48.1982407], [-120.5478865, 48.1982425], [-120.5478106, 48.1982214], [-120.5477696, 48.1982094], [-120.5477329, 48.1981712], [-120.5477687, 48.1981518], [-120.5476936, 48.1980983], [-120.5476305, 48.1981143], [-120.5475315, 48.1981006], [-120.547482, 48.1980584], [-120.5474871, 48.1980299], [-120.5473694, 48.1979707], [-120.5472533, 48.1979171], [-120.5471424, 48.1979069], [-120.5469642, 48.1978409], [-120.5468677, 48.197842], [-120.5467773, 48.1978204], [-120.5466524, 48.1977847], [-120.5466186, 48.1977554], [-120.5463814, 48.1976694], [-120.5463208, 48.1976763], [-120.546256, 48.1976512], [-120.5462176, 48.1976153], [-120.5461574, 48.1975747], [-120.5461561, 48.1975292], [-120.5461603, 48.1974482], [-120.5461311, 48.1973728], [-120.5460437, 48.1970516], [-120.5455792, 48.1969057], [-120.5454699, 48.1967476], [-120.5452058, 48.1965287], [-120.5446683, 48.1963584], [-120.5445227, 48.1963767], [-120.5439944, 48.1961517], [-120.5429833, 48.1957747], [-120.5426646, 48.1953551], [-120.5429013, 48.1951423], [-120.5427465, 48.194741], [-120.542282, 48.1946194], [-120.5423367, 48.1944917], [-120.5421328, 48.1941608], [-120.5418175, 48.1941148], [-120.5418885, 48.1937641], [-120.5415716, 48.193604], [-120.5413803, 48.1933668], [-120.541444, 48.193154], [-120.5411161, 48.1929715], [-120.5410068, 48.192771], [-120.5411344, 48.1925399], [-120.5408611, 48.192248], [-120.5408338, 48.191944], [-120.5404148, 48.1919257], [-120.5400414, 48.1919075], [-120.5398774, 48.1916886], [-120.5396497, 48.1916339], [-120.5395935, 48.1913919], [-120.5394129, 48.1911839], [-120.5389392, 48.1909954], [-120.5385658, 48.1910197], [-120.5382652, 48.1907705], [-120.5382834, 48.1905637], [-120.5379191, 48.1905394], [-120.5377187, 48.1900894], [-120.5375456, 48.1896699], [-120.5372269, 48.1895908], [-120.5372307, 48.1893378], [-120.5371996, 48.189305], [-120.536899, 48.1892139], [-120.5368079, 48.1889645], [-120.5361156, 48.188624], [-120.5363707, 48.1880099], [-120.5359061, 48.1871221], [-120.5355509, 48.1870005], [-120.535514, 48.1867738], [-120.5351957, 48.1865566], [-120.5348951, 48.1865445], [-120.5350499, 48.186435], [-120.5349406, 48.1862709], [-120.5346853, 48.1860948], [-120.5344499, 48.1861356], [-120.5342869, 48.1861251], [-120.5343295, 48.1859828], [-120.5343592, 48.1859246], [-120.5343668, 48.1858634], [-120.5343689, 48.1857642], [-120.534307, 48.1856859], [-120.5342245, 48.1856726], [-120.5341388, 48.1856644], [-120.5341021, 48.1855761], [-120.5340409, 48.1855581], [-120.5339576, 48.1854485], [-120.5338666, 48.1853721], [-120.5337838, 48.1853454], [-120.5336761, 48.1852735], [-120.5336294, 48.1851455], [-120.5335022, 48.1851148], [-120.5333553, 48.1850232], [-120.5332465, 48.1848481], [-120.533119, 48.1846291], [-120.5330246, 48.1844309], [-120.5329927, 48.1843016], [-120.5329486, 48.1840889], [-120.5327847, 48.1840081], [-120.5323712, 48.1838679], [-120.5322901, 48.1837471], [-120.5322974, 48.1836473], [-120.5322141, 48.1836096], [-120.5320672, 48.183464], [-120.5319815, 48.1832317], [-120.5318646, 48.1829461], [-120.5315615, 48.1828414], [-120.5314067, 48.182653], [-120.5313247, 48.1823368], [-120.5311971, 48.1821544], [-120.531108, 48.1819453], [-120.53104, 48.1819241], [-120.5308917, 48.1818296], [-120.5306689, 48.1817348], [-120.5304685, 48.1815889], [-120.5304411, 48.1808713], [-120.5303767, 48.1798938], [-120.5303456, 48.1797776], [-120.5303888, 48.1796565], [-120.530432, 48.1794789], [-120.5303985, 48.1793947], [-120.5303617, 48.1792785], [-120.53035, 48.1791871], [-120.5304776, 48.1788222], [-120.5304813, 48.1787336], [-120.5304076, 48.1786722], [-120.5300677, 48.1785547], [-120.5300215, 48.1784808], [-120.5298841, 48.1784211], [-120.5298035, 48.1783723], [-120.5296996, 48.1782955], [-120.5294974, 48.1782494], [-120.529402, 48.1782265], [-120.5292882, 48.1781656], [-120.5292257, 48.178004], [-120.52924, 48.1778971], [-120.5291546, 48.1777799], [-120.5291497, 48.1777234], [-120.5291142, 48.177662], [-120.5290787, 48.1776072], [-120.5290419, 48.1775181], [-120.5289747, 48.1773872], [-120.5287743, 48.1773508], [-120.5287214, 48.1773331], [-120.5286478, 48.1772105], [-120.5285328, 48.1771614], [-120.5283548, 48.1771157], [-120.5272806, 48.1769859], [-120.5273261, 48.1767123], [-120.5273443, 48.1764874], [-120.5270073, 48.1762198], [-120.5267978, 48.1759766], [-120.5267523, 48.1757151], [-120.5266703, 48.1755205], [-120.526466, 48.175329], [-120.5263333, 48.1752043], [-120.5259507, 48.1745233], [-120.5261056, 48.1739517], [-120.5259417, 48.1737025], [-120.5259143, 48.173593], [-120.5259417, 48.1733194], [-120.5255045, 48.1727843], [-120.524885, 48.1724682], [-120.5242475, 48.1721397], [-120.5239924, 48.1717688], [-120.523792, 48.1712642], [-120.523783, 48.1705771], [-120.5236372, 48.1702548], [-120.5231818, 48.1699751], [-120.5234391, 48.1698079], [-120.5233002, 48.1694948], [-120.5229176, 48.1693914], [-120.5227537, 48.169136], [-120.5227446, 48.1689171], [-120.522526, 48.1686435], [-120.5221617, 48.1685157], [-120.5219886, 48.1683577], [-120.5216607, 48.1680658], [-120.5213328, 48.1677679], [-120.5209412, 48.1675551], [-120.5206953, 48.1673119], [-120.5207226, 48.1671295], [-120.5205677, 48.16702], [-120.5206406, 48.1666794], [-120.5208227, 48.1664727], [-120.5209594, 48.1662113], [-120.5211142, 48.1659924], [-120.5213146, 48.1658769], [-120.5216132, 48.1655887], [-120.521579, 48.165315], [-120.5214355, 48.1650688], [-120.5212921, 48.1649731], [-120.5210735, 48.1644441], [-120.5212375, 48.1643027], [-120.5207935, 48.1637692], [-120.5204793, 48.1634499], [-120.5203358, 48.1634545], [-120.5201165, 48.1632274], [-120.5198098, 48.1630395], [-120.5193863, 48.1630577], [-120.5193726, 48.1627613], [-120.5192494, 48.1626266], [-120.5183138, 48.1624786], [-120.5181362, 48.1622369], [-120.5181089, 48.1619085], [-120.5180379, 48.1616797], [-120.5173233, 48.1611789], [-120.5168588, 48.161147], [-120.5165582, 48.1610604], [-120.5165445, 48.1607822], [-120.5167837, 48.1606271], [-120.5167905, 48.16039], [-120.5160049, 48.1598975], [-120.5156907, 48.159747], [-120.5155814, 48.1595099], [-120.5152877, 48.1593366], [-120.5147958, 48.1592454], [-120.5149119, 48.1588942], [-120.5148368, 48.1587347], [-120.513901, 48.1583561], [-120.5131017, 48.158119], [-120.5121522, 48.1579548], [-120.5115374, 48.1578591], [-120.5113188, 48.1579001], [-120.5103693, 48.1576857], [-120.5102395, 48.1577451], [-120.5092627, 48.1573438], [-120.508764, 48.157321], [-120.5080946, 48.157207], [-120.5078077, 48.1572571], [-120.5072134, 48.156988], [-120.5065593, 48.1570267], [-120.5062883, 48.1570597], [-120.5062591, 48.1568577], [-120.5062144, 48.156612], [-120.5061165, 48.1564515], [-120.505993, 48.1564416], [-120.5059738, 48.1563833], [-120.5057035, 48.1561263], [-120.505597, 48.1560411], [-120.5055602, 48.1559347], [-120.5056285, 48.1557249], [-120.5054799, 48.1555014], [-120.5053134, 48.155373], [-120.505167, 48.1553097], [-120.5051393, 48.1552103], [-120.5050398, 48.1552174], [-120.5048221, 48.1551233], [-120.5046731, 48.1550826], [-120.5045633, 48.1551206], [-120.5045076, 48.1550515], [-120.5044905, 48.154943], [-120.5042734, 48.1548381], [-120.5039794, 48.154779], [-120.5038552, 48.1547615], [-120.5036128, 48.1547254], [-120.5034818, 48.1547474], [-120.5033111, 48.1548049], [-120.503187, 48.1549154], [-120.5030653, 48.1550455], [-120.5027764, 48.1550298], [-120.5026775, 48.1550956], [-120.502586, 48.1551101], [-120.5024795, 48.1551047], [-120.5022253, 48.1549997], [-120.5020094, 48.1549887], [-120.5018442, 48.1549588], [-120.501407, 48.1548676], [-120.5012574, 48.1548228], [-120.5011284, 48.1547796], [-120.5010135, 48.1547162], [-120.5008223, 48.1546346], [-120.5006898, 48.1546257], [-120.5005256, 48.1545678], [-120.5004974, 48.1545166], [-120.5003888, 48.1545297], [-120.5001929, 48.1545476], [-120.5000595, 48.1545323], [-120.4998895, 48.1544478], [-120.4997655, 48.1543803], [-120.4996787, 48.1543203], [-120.4995822, 48.1541969], [-120.4994793, 48.1540552], [-120.4993764, 48.1539321], [-120.4993079, 48.1538515], [-120.4992676, 48.153772], [-120.4992236, 48.1537271], [-120.4991446, 48.1537112], [-120.4990983, 48.1536816], [-120.4990922, 48.1536209], [-120.4989753, 48.1535332], [-120.4989753, 48.1534347], [-120.4988971, 48.1533552], [-120.4987838, 48.1532405], [-120.4986709, 48.1531231], [-120.498613, 48.1530252], [-120.4986003, 48.1529248], [-120.498588, 48.1528429], [-120.4984912, 48.1527931], [-120.4983671, 48.1527242], [-120.4982237, 48.1524825], [-120.4982442, 48.152405], [-120.4981819, 48.1523001], [-120.4981485, 48.1522226], [-120.4981827, 48.1518943], [-120.4981212, 48.1517438], [-120.4978821, 48.1515613], [-120.4977796, 48.1514154], [-120.4978685, 48.1512513], [-120.4980871, 48.1504806], [-120.4982647, 48.1502982], [-120.4983193, 48.1501295], [-120.4986267, 48.1499562], [-120.498654, 48.149792], [-120.4982647, 48.1495229], [-120.4982715, 48.1494181], [-120.4985174, 48.1492584], [-120.4989819, 48.1484878], [-120.4990553, 48.1483274], [-120.4990419, 48.1482325], [-120.4990627, 48.1481294], [-120.4990659, 48.1480361], [-120.4990455, 48.1479142], [-120.4990504, 48.1478103], [-120.4990272, 48.1477277], [-120.4989807, 48.1476917], [-120.4987509, 48.147654], [-120.4985919, 48.1476205], [-120.4985477, 48.1475836], [-120.4985785, 48.1475436], [-120.4986311, 48.1475166], [-120.4987509, 48.1474789], [-120.4988382, 48.1474188], [-120.4988463, 48.1473636], [-120.4988304, 48.147321], [-120.4987854, 48.1472293], [-120.4987093, 48.1471451], [-120.498691, 48.1469463], [-120.4986453, 48.1468325], [-120.4984342, 48.146691], [-120.4982765, 48.1465011], [-120.4981261, 48.1463735], [-120.4980296, 48.1462925], [-120.4978998, 48.1462406], [-120.4978616, 48.146194], [-120.497762, 48.1460418], [-120.497631, 48.1460118], [-120.4973968, 48.1458592], [-120.4971774, 48.1457721], [-120.4969549, 48.1456964], [-120.4967018, 48.1456673], [-120.4964282, 48.1456457], [-120.4962615, 48.1456783], [-120.4961785, 48.1456861], [-120.4960734, 48.145637], [-120.4959569, 48.1456023], [-120.4956821, 48.1455364], [-120.4954165, 48.1454788], [-120.4952995, 48.1454554], [-120.4951998, 48.1454137], [-120.4949584, 48.1452156], [-120.4949535, 48.1451927], [-120.4949804, 48.1451579], [-120.4949388, 48.1451334], [-120.4948881, 48.1451518], [-120.4948697, 48.1451534], [-120.4948233, 48.1451248], [-120.4947762, 48.1450822], [-120.4947191, 48.1450562], [-120.4946258, 48.1450552], [-120.4944723, 48.1450265], [-120.4943434, 48.1449807], [-120.4942151, 48.1449087], [-120.4941411, 48.144896], [-120.4940891, 48.1449079], [-120.4940231, 48.1448858], [-120.4939754, 48.1448711], [-120.4938752, 48.1448719], [-120.493781, 48.1448563], [-120.4937273, 48.1448514], [-120.4936551, 48.1448514], [-120.4935243, 48.1448285], [-120.4933805, 48.1447881], [-120.4932639, 48.1446755], [-120.4930549, 48.1443834], [-120.4929119, 48.144241], [-120.4928507, 48.1441534], [-120.4927828, 48.1440583], [-120.4925953, 48.1438989], [-120.4924632, 48.1437615], [-120.4923838, 48.1436649], [-120.4920758, 48.1434168], [-120.4918572, 48.1430291], [-120.4920758, 48.1428057], [-120.4924995, 48.1426464], [-120.4924539, 48.1424944], [-120.492299, 48.1424579], [-120.4922717, 48.1422998], [-120.4923628, 48.1422086], [-120.4922108, 48.141925], [-120.4921163, 48.1418435], [-120.4920228, 48.1417832], [-120.4917423, 48.1416996], [-120.4917378, 48.1415842], [-120.491642, 48.1414622], [-120.4915572, 48.141386], [-120.4915687, 48.1412838], [-120.4915394, 48.1412363], [-120.4915757, 48.1411369], [-120.491537, 48.1410285], [-120.4915295, 48.1408469], [-120.4913928, 48.1405997], [-120.4912678, 48.1404187], [-120.4912581, 48.1402478], [-120.4912657, 48.1400302], [-120.4912095, 48.1399419], [-120.4912551, 48.1396889], [-120.4913245, 48.1394215], [-120.4912585, 48.1392889], [-120.4912244, 48.1392195], [-120.4910495, 48.1390573], [-120.4910137, 48.1389947], [-120.4910172, 48.1389265], [-120.4910972, 48.138851], [-120.4913428, 48.1386335], [-120.4915795, 48.1385483], [-120.491953, 48.1381593], [-120.4919165, 48.137989], [-120.4917708, 48.1375634], [-120.4918618, 48.1372229], [-120.4916159, 48.1369371], [-120.4917981, 48.1367426], [-120.4918163, 48.1365176], [-120.4919803, 48.1363473], [-120.4919803, 48.1360433], [-120.4916524, 48.1357697], [-120.4915886, 48.1352286], [-120.4914521, 48.134651], [-120.4914884, 48.1343956], [-120.4916432, 48.1337754], [-120.4919348, 48.1335079], [-120.4917981, 48.1329486], [-120.4916342, 48.132681], [-120.4916159, 48.1325168], [-120.4918163, 48.1321156], [-120.4917162, 48.1319757], [-120.4914521, 48.1319453], [-120.4912608, 48.1318298], [-120.491197, 48.1316839], [-120.4910695, 48.1315319], [-120.4910695, 48.1313799], [-120.4911515, 48.1312826], [-120.490942, 48.1310819], [-120.4912425, 48.1310029], [-120.4911515, 48.1308691], [-120.4912941, 48.1308152], [-120.4914573, 48.1307974], [-120.4916137, 48.1307628], [-120.491744, 48.1306925], [-120.4918466, 48.1306492], [-120.4919802, 48.1305768], [-120.4918491, 48.1305616], [-120.4918263, 48.1305304], [-120.4918731, 48.1304616], [-120.4919922, 48.1303348], [-120.4921078, 48.1302063], [-120.4922012, 48.1300691], [-120.492299, 48.1299938], [-120.4925031, 48.1299183], [-120.4926067, 48.1298972], [-120.4927711, 48.1297597], [-120.4929314, 48.1296398], [-120.4931644, 48.1294898], [-120.4933362, 48.1294129], [-120.4934455, 48.1293426], [-120.4935299, 48.129251], [-120.4935751, 48.1290594], [-120.4935776, 48.1289351], [-120.4935194, 48.1288684], [-120.4932305, 48.1287059], [-120.4931147, 48.1286306], [-120.4930374, 48.1285243], [-120.4930002, 48.1283973], [-120.4929612, 48.1282594], [-120.4929019, 48.128198], [-120.4927368, 48.1281413], [-120.4926439, 48.1281021], [-120.4926169, 48.1280591], [-120.4925824, 48.1279944], [-120.4925559, 48.1279024], [-120.4924864, 48.1278463], [-120.4922969, 48.1277518], [-120.49216, 48.1277289], [-120.492072, 48.127742], [-120.492012, 48.1277418], [-120.4919644, 48.1277174], [-120.4919351, 48.1276618], [-120.4919375, 48.1275865], [-120.4919302, 48.1275292], [-120.4918895, 48.1274918], [-120.4917542, 48.127449], [-120.4915929, 48.1273705], [-120.4913337, 48.1273016], [-120.4912263, 48.1271708], [-120.4910967, 48.1271408], [-120.4909761, 48.1270478], [-120.4907649, 48.1269491], [-120.4905736, 48.1268943], [-120.490428, 48.1266937], [-120.4904826, 48.1266086], [-120.4902822, 48.1263896], [-120.4903466, 48.1260128], [-120.4902275, 48.1259032], [-120.4903915, 48.1257513], [-120.4902367, 48.1255506], [-120.4905736, 48.124365], [-120.4905645, 48.1240914], [-120.4908287, 48.1238482], [-120.4910472, 48.1233193], [-120.4909379, 48.1230091], [-120.4911565, 48.1229301], [-120.491366, 48.1225592], [-120.4912931, 48.1222613], [-120.4908196, 48.1218053], [-120.4909107, 48.1210088], [-120.4907467, 48.1208629], [-120.4911383, 48.1205407], [-120.4913114, 48.1202245], [-120.4912658, 48.1199813], [-120.4911838, 48.1198475], [-120.490947, 48.1197746], [-120.4908287, 48.1195313], [-120.4906647, 48.1194584], [-120.4906738, 48.1190085], [-120.4906465, 48.1187592], [-120.4906101, 48.1183944], [-120.4903368, 48.118133], [-120.4906283, 48.1178593], [-120.4906465, 48.1177255], [-120.4905918, 48.1175857], [-120.4907103, 48.1174945], [-120.4908377, 48.1173], [-120.4906465, 48.1172148], [-120.4908901, 48.1168961], [-120.4909379, 48.1166372], [-120.4909197, 48.1162724], [-120.4909926, 48.1159867], [-120.4911565, 48.1156827], [-120.4912385, 48.1155124], [-120.4911383, 48.1153787], [-120.4910745, 48.1150564], [-120.4910199, 48.1148011], [-120.4912203, 48.1146004], [-120.4915664, 48.1142721], [-120.491794, 48.1139072], [-120.4918305, 48.1136823], [-120.491794, 48.1135911], [-120.4916028, 48.1134999], [-120.4916119, 48.1132932], [-120.4917667, 48.1128372], [-120.4917485, 48.1122474], [-120.4920218, 48.1120589], [-120.4920011, 48.1114571], [-120.4918214, 48.111378], [-120.4918214, 48.1112989], [-120.4919937, 48.1112439], [-120.491958, 48.1107943], [-120.4918851, 48.1106545], [-120.491963, 48.1103462], [-120.4917445, 48.1099388], [-120.4915168, 48.1096288], [-120.4908701, 48.1091241], [-120.4907882, 48.1089721], [-120.4909977, 48.1088505], [-120.4909066, 48.1083398], [-120.4904512, 48.1079567], [-120.4898484, 48.1078681], [-120.4898896, 48.1073497], [-120.4901865, 48.1071725], [-120.4899229, 48.1063882], [-120.4891853, 48.1058835], [-120.4887117, 48.1057072], [-120.4884879, 48.1054602], [-120.4881834, 48.1052755], [-120.4879011, 48.1053242], [-120.4876461, 48.1051418], [-120.4878829, 48.1045763], [-120.4877736, 48.1043209], [-120.4880832, 48.1040473], [-120.4881652, 48.1038224], [-120.4880286, 48.1036643], [-120.4875095, 48.1037616], [-120.4870814, 48.1036704], [-120.486919, 48.1033352], [-120.48679, 48.1031293], [-120.4865987, 48.1029286], [-120.4864074, 48.10288], [-120.4865805, 48.1026368], [-120.486371, 48.1024605], [-120.4861616, 48.102345], [-120.4860613, 48.1022294], [-120.4860886, 48.1019801], [-120.485697, 48.1016883], [-120.4852007, 48.101262], [-120.4851153, 48.1012382], [-120.4850383, 48.101208], [-120.4849931, 48.1011629], [-120.4849513, 48.1011402], [-120.4848881, 48.1011367], [-120.4848356, 48.101149], [-120.4847464, 48.1011433], [-120.4846853, 48.1011261], [-120.4846243, 48.1011233], [-120.48448, 48.1012152], [-120.4844458, 48.1012725], [-120.4843991, 48.1012729], [-120.4843151, 48.1012259], [-120.4841358, 48.1011513], [-120.4840586, 48.1011473], [-120.4839902, 48.1011685], [-120.4838937, 48.1011669], [-120.4837923, 48.1012201], [-120.4837581, 48.101261], [-120.4836664, 48.1013371], [-120.4836603, 48.101283], [-120.4836213, 48.101247], [-120.4836579, 48.1011824], [-120.4836754, 48.1010639], [-120.4837493, 48.1009561], [-120.4837545, 48.1009157], [-120.4837386, 48.1008723], [-120.4836764, 48.1008306], [-120.4836764, 48.1007864], [-120.4836729, 48.1007455], [-120.4836312, 48.1007193], [-120.4836324, 48.1006906], [-120.4836471, 48.1006628], [-120.4836349, 48.100626], [-120.4835821, 48.1005513], [-120.4835005, 48.1005139], [-120.4834309, 48.1005008], [-120.4833332, 48.1004386], [-120.4832546, 48.1003931], [-120.4829815, 48.1002784], [-120.4829986, 48.1002356], [-120.4830072, 48.1001243], [-120.4829622, 48.1000834], [-120.4827959, 48.1000212], [-120.482714, 48.0999843], [-120.4826632, 48.0999306], [-120.4825396, 48.099809], [-120.4823635, 48.0996832], [-120.4823, 48.0996758], [-120.4822621, 48.0996905], [-120.4822267, 48.0996897], [-120.4820787, 48.0996086], [-120.482013, 48.0996062], [-120.4819665, 48.0996193], [-120.4819238, 48.0996201], [-120.4818505, 48.0996021], [-120.4817967, 48.0996168], [-120.4816978, 48.0996094], [-120.4816367, 48.0996577], [-120.4815707, 48.0996544], [-120.4814729, 48.0996117], [-120.4810316, 48.0993482], [-120.4809601, 48.0993327], [-120.4808624, 48.0993409], [-120.4807592, 48.0993945], [-120.4806106, 48.099552], [-120.4805642, 48.0996289], [-120.4805344, 48.0996819], [-120.4804897, 48.0996739], [-120.4804762, 48.0996461], [-120.4804347, 48.0996379], [-120.4803877, 48.0996685], [-120.4803675, 48.099671], [-120.4803528, 48.099664], [-120.4803517, 48.099565], [-120.4802912, 48.0995053], [-120.4802894, 48.0994717], [-120.4803077, 48.0994259], [-120.4803029, 48.0993343], [-120.4803022, 48.0992349], [-120.4802613, 48.0989447], [-120.4802431, 48.0986222], [-120.4804796, 48.0985066], [-120.4804069, 48.0982145], [-120.480507, 48.0981415], [-120.4805161, 48.0978128], [-120.4800885, 48.0974781], [-120.4792696, 48.0969973], [-120.4787784, 48.097119], [-120.4782506, 48.0970643], [-120.4776502, 48.0968148], [-120.4773499, 48.0968391], [-120.4774591, 48.0966626], [-120.4771861, 48.0962914], [-120.4766767, 48.0961454], [-120.4763855, 48.0959202], [-120.4751482, 48.0952508], [-120.4748844, 48.0953482], [-120.4747251, 48.0951811], [-120.4745984, 48.0951617], [-120.4745367, 48.0951625], [-120.4745166, 48.0951547], [-120.4744982, 48.0951424], [-120.4744934, 48.0951087], [-120.4744317, 48.0950467], [-120.4743994, 48.0950266], [-120.4743988, 48.0950095], [-120.474425, 48.0949853], [-120.4744318, 48.0949632], [-120.4744135, 48.0949473], [-120.4744068, 48.0949096], [-120.4743561, 48.094856], [-120.4743317, 48.0948339], [-120.4743219, 48.094802], [-120.4743323, 48.0947897], [-120.474339, 48.0947746], [-120.474325, 48.0947439], [-120.474303, 48.0947288], [-120.4743, 48.0947157], [-120.4743023, 48.0946987], [-120.4742487, 48.0947083], [-120.4741974, 48.0947067], [-120.4741412, 48.0946788], [-120.4740691, 48.0946682], [-120.4740745, 48.094612], [-120.474057, 48.0945675], [-120.474057, 48.094444], [-120.4740741, 48.0944137], [-120.4740656, 48.0943368], [-120.4740336, 48.0942768], [-120.4740058, 48.0942099], [-120.4739961, 48.0941453], [-120.4739595, 48.094106], [-120.4739387, 48.0940872], [-120.4739265, 48.0940536], [-120.4739229, 48.0940111], [-120.4738719, 48.0939351], [-120.4738196, 48.0939174], [-120.4737727, 48.093921], [-120.4737531, 48.0939595], [-120.4737055, 48.0940004], [-120.4736994, 48.0940405], [-120.4737305, 48.0940687], [-120.4737354, 48.0940904], [-120.4737128, 48.0940916], [-120.4736326, 48.0940539], [-120.4735723, 48.0940208], [-120.4735027, 48.0940183], [-120.4734294, 48.0940462], [-120.4733905, 48.0940577], [-120.4733567, 48.0940457], [-120.4733342, 48.0940183], [-120.4732841, 48.0939921], [-120.4732059, 48.0939487], [-120.4731648, 48.0938268], [-120.4734286, 48.093419], [-120.4739837, 48.0929748], [-120.4740291, 48.0925853], [-120.4738471, 48.0923236], [-120.4736834, 48.0917759], [-120.4733922, 48.0913986], [-120.4729829, 48.0912343], [-120.4728282, 48.0910396], [-120.4725552, 48.090857], [-120.4726644, 48.0906805], [-120.4723551, 48.0904858], [-120.4721095, 48.0903702], [-120.4719547, 48.0900537], [-120.4715454, 48.0898894], [-120.4715999, 48.0896886], [-120.4711269, 48.0890678], [-120.4689433, 48.0885444], [-120.4685612, 48.088721], [-120.4686886, 48.0883314], [-120.468586, 48.0881367], [-120.467897, 48.0875708], [-120.4678653, 48.0871087], [-120.4677248, 48.0869864], [-120.4676112, 48.0868775], [-120.4675991, 48.0867908], [-120.4675602, 48.0867095], [-120.4675723, 48.086655], [-120.4675906, 48.0866222], [-120.4675919, 48.0865641], [-120.4675809, 48.0865126], [-120.4675993, 48.0864594], [-120.4676164, 48.0863931], [-120.4675865, 48.0863279], [-120.467509, 48.0862458], [-120.4673955, 48.0861574], [-120.4673044, 48.0860286], [-120.4672296, 48.085952], [-120.4671466, 48.0858791], [-120.4671319, 48.0858587], [-120.4671393, 48.0857728], [-120.4672263, 48.0855548], [-120.465061, 48.0835891], [-120.4644151, 48.0834553], [-120.4637691, 48.0831206], [-120.4637236, 48.0829502], [-120.4629139, 48.0828589], [-120.4624954, 48.0829989], [-120.461904, 48.0829136], [-120.4618221, 48.0826581], [-120.4619495, 48.081654], [-120.4616402, 48.0809054], [-120.4616303, 48.0803906], [-120.4615744, 48.0803026], [-120.4615036, 48.0802428], [-120.4613645, 48.0801741], [-120.4613682, 48.080098], [-120.461356, 48.0800391], [-120.4612664, 48.0799762], [-120.4612853, 48.0799449], [-120.4613158, 48.0799269], [-120.4613293, 48.0798353], [-120.4612964, 48.0798181], [-120.4613013, 48.0797305], [-120.4612761, 48.0796198], [-120.461122, 48.0794981], [-120.4611049, 48.0794695], [-120.4611025, 48.0793541], [-120.4610868, 48.0791757], [-120.4609942, 48.0787269], [-120.4610761, 48.0780514], [-120.4607577, 48.0774063], [-120.4605212, 48.0772906], [-120.460512, 48.0767308], [-120.4601663, 48.0760614], [-120.4597804, 48.0757246], [-120.4596193, 48.0755655], [-120.4595364, 48.0755142], [-120.4594355, 48.0754775], [-120.4592568, 48.075483], [-120.4591444, 48.0755116], [-120.4590492, 48.0755353], [-120.4590473, 48.0754772], [-120.459009, 48.075438], [-120.4589503, 48.0754081], [-120.4588637, 48.0754003], [-120.4587257, 48.0754158], [-120.4586479, 48.0754402], [-120.4585653, 48.0754449], [-120.4585609, 48.0753306], [-120.4585, 48.0752422], [-120.4583382, 48.0751721], [-120.4582754, 48.0750948], [-120.4582852, 48.0750163], [-120.4582568, 48.074942], [-120.4582829, 48.0748445], [-120.4584148, 48.0748609], [-120.4584758, 48.0748609], [-120.4585492, 48.0747742], [-120.458556, 48.0747287], [-120.4589017, 48.0745522], [-120.4589407, 48.074356], [-120.4585496, 48.0739847], [-120.4582311, 48.0738448], [-120.4577168, 48.0734321], [-120.457467, 48.0734127], [-120.4562296, 48.0724451], [-120.455893, 48.0724938], [-120.4556474, 48.0724147], [-120.4555291, 48.0721104], [-120.4550743, 48.0720253], [-120.4547082, 48.0717309], [-120.4543828, 48.0716602], [-120.4540735, 48.071721], [-120.4536823, 48.0716175], [-120.453564, 48.0712828], [-120.4534184, 48.0709421], [-120.4532092, 48.0707595], [-120.4524359, 48.0707169], [-120.4524086, 48.07051], [-120.4518991, 48.0702727], [-120.4518662, 48.0699622], [-120.451426, 48.0697128], [-120.4509984, 48.0697981], [-120.4507528, 48.0697128], [-120.4506479, 48.0692337], [-120.4504755, 48.0690068], [-120.4504248, 48.0687155], [-120.4502575, 48.0686206], [-120.4500075, 48.0686014], [-120.4497557, 48.0684716], [-120.4495225, 48.0684174], [-120.449362, 48.0685043], [-120.449139, 48.0684479], [-120.4491119, 48.0683609], [-120.4489903, 48.0680436], [-120.4489109, 48.0677455], [-120.4487368, 48.0676021], [-120.4487267, 48.0674192], [-120.4486338, 48.0672329], [-120.448529, 48.0671832], [-120.4484766, 48.067094], [-120.4482519, 48.0670805], [-120.4480086, 48.0670455], [-120.4477788, 48.0671087], [-120.4476318, 48.0672352], [-120.4474324, 48.0672239], [-120.447309, 48.0671177], [-120.4471789, 48.0670805], [-120.4470049, 48.0669337], [-120.4467582, 48.0666367], [-120.4465064, 48.0664764], [-120.4461702, 48.0665645], [-120.4458525, 48.0665859], [-120.4455688, 48.0665665], [-120.4454077, 48.0665174], [-120.4452441, 48.0665058], [-120.4450512, 48.0664583], [-120.4447747, 48.0664644], [-120.444576, 48.0665001], [-120.4444237, 48.0665104], [-120.4443137, 48.0665071], [-120.4443896, 48.0664252], [-120.4445342, 48.0663318], [-120.444595, 48.0662432], [-120.4445856, 48.0661452], [-120.4444804, 48.0659736], [-120.4444219, 48.0659392], [-120.4443113, 48.0659056], [-120.4442559, 48.0658377], [-120.4441388, 48.0657787], [-120.4440778, 48.065694], [-120.4437384, 48.0655504], [-120.443329, 48.0656113], [-120.4420826, 48.0645951], [-120.441, 48.0641204], [-120.440727, 48.0641204], [-120.4397991, 48.0637249], [-120.4393897, 48.0636762], [-120.438671, 48.063457], [-120.4381797, 48.0635605], [-120.437925, 48.0635605], [-120.4376793, 48.0632319], [-120.4370177, 48.0629209], [-120.4369151, 48.0628242], [-120.4366331, 48.0627998], [-120.4365802, 48.0624635], [-120.4360508, 48.0618932], [-120.4356687, 48.0618505], [-120.4355049, 48.0616436], [-120.4352502, 48.0615462], [-120.4351838, 48.0614213], [-120.4347045, 48.0610893], [-120.4342767, 48.0609803], [-120.4340041, 48.0607971], [-120.4336763, 48.0608586], [-120.4334671, 48.0607734], [-120.4334442, 48.0606645], [-120.4332032, 48.060463], [-120.4325481, 48.0605483], [-120.4319113, 48.0603596], [-120.4312562, 48.0603839], [-120.4309014, 48.0602988], [-120.430574, 48.0599702], [-120.4303374, 48.0599154], [-120.4302919, 48.0598241], [-120.4301009, 48.0597998], [-120.4299826, 48.0592521], [-120.4295277, 48.0590452], [-120.4293458, 48.0587957], [-120.429182, 48.0587166], [-120.4291223, 48.0583311], [-120.4290782, 48.0580463], [-120.4289181, 48.0579985], [-120.4288545, 48.057749], [-120.4290032, 48.0575591], [-120.4289031, 48.0573279], [-120.4284209, 48.0570175], [-120.427957, 48.0568776], [-120.4273292, 48.0564212], [-120.4268016, 48.0562386], [-120.4266742, 48.05605], [-120.4260422, 48.0559374], [-120.4258287, 48.0559362], [-120.4256724, 48.055965], [-120.4255065, 48.0559278], [-120.4253085, 48.055859], [-120.4251943, 48.0557541], [-120.4251273, 48.0556764], [-120.4247698, 48.0555836], [-120.4246893, 48.0555328], [-120.4244144, 48.0554872], [-120.424206, 48.0554932], [-120.4240454, 48.055492], [-120.4235265, 48.0553927], [-120.4232282, 48.0552407], [-120.4229736, 48.0552285], [-120.422832, 48.0552943], [-120.4226586, 48.0553204], [-120.4224877, 48.0553857], [-120.4223705, 48.0553906], [-120.4222567, 48.0554435], [-120.4219327, 48.055536], [-120.4217355, 48.0555996], [-120.4216426, 48.0556716], [-120.4216108, 48.0557207], [-120.4215549, 48.0557702], [-120.4214375, 48.0557009], [-120.4214011, 48.0555716], [-120.4213548, 48.055547], [-120.4213353, 48.0554717], [-120.4212056, 48.0553972], [-120.4211769, 48.055344], [-120.4209859, 48.0553141], [-120.4208571, 48.055293], [-120.4207913, 48.0552488], [-120.4206815, 48.0552438], [-120.4205156, 48.0551504], [-120.4204522, 48.0551455], [-120.4203691, 48.0551961], [-120.4202641, 48.0551895], [-120.4201425, 48.0551585], [-120.4201715, 48.0550716], [-120.4201741, 48.0549865], [-120.4201898, 48.0549298], [-120.420042, 48.0547599], [-120.4186774, 48.0543035], [-120.4175947, 48.0539688], [-120.4171763, 48.0535976], [-120.4166759, 48.0535367], [-120.416776, 48.0533663], [-120.4166759, 48.0532751], [-120.4161301, 48.0533359], [-120.4158929, 48.0531202], [-120.4148291, 48.0529099], [-120.4139012, 48.0529648], [-120.4135464, 48.0528126], [-120.4122545, 48.0525814], [-120.4118087, 48.0523988], [-120.4110172, 48.0523318], [-120.4101802, 48.0521615], [-120.4098982, 48.0522345], [-120.409407, 48.0521676], [-120.4092159, 48.0520215], [-120.4084335, 48.0518998], [-120.4082087, 48.0515594], [-120.4074718, 48.0513404], [-120.4072899, 48.0513952], [-120.4070261, 48.0514013], [-120.4065166, 48.0512066], [-120.4061409, 48.0512072], [-120.4061032, 48.0512431], [-120.4060153, 48.0512496], [-120.4059834, 48.0513412], [-120.4059486, 48.0513584], [-120.4057973, 48.0513754], [-120.4057611, 48.0514212], [-120.4057113, 48.0514708], [-120.4055392, 48.0514779], [-120.4054363, 48.0515306], [-120.4052862, 48.0515885], [-120.4051848, 48.0515861], [-120.4050786, 48.0516214], [-120.4050334, 48.0515843], [-120.4049883, 48.0515047], [-120.4050047, 48.0513012], [-120.4049633, 48.0512471], [-120.4049706, 48.0512193], [-120.4050036, 48.0511915], [-120.4050147, 48.0511563], [-120.4049991, 48.0511274], [-120.4049343, 48.0510777], [-120.4048379, 48.0510277], [-120.404766, 48.0510162], [-120.4046442, 48.0510096], [-120.4045829, 48.0510341], [-120.4045242, 48.0510798], [-120.4044632, 48.0510732], [-120.4043815, 48.0511036], [-120.4042118, 48.0510681], [-120.4041484, 48.0510059], [-120.4040044, 48.0510041], [-120.4039164, 48.051029], [-120.4038481, 48.0510858], [-120.4037569, 48.0510949], [-120.4036943, 48.0510612], [-120.403608, 48.0510508], [-120.4035442, 48.0510782], [-120.4034904, 48.0511166], [-120.4033781, 48.0511067], [-120.403289, 48.0511238], [-120.4032621, 48.0511574], [-120.4032054, 48.0511653], [-120.4031693, 48.0511679], [-120.4031354, 48.0511313], [-120.4031196, 48.0509821], [-120.4030452, 48.0509608], [-120.4029795, 48.0508871], [-120.4029506, 48.0508247], [-120.4029015, 48.0508077], [-120.4028649, 48.0508166], [-120.4027356, 48.0507609], [-120.4026014, 48.0507657], [-120.4025062, 48.0507345], [-120.4024319, 48.0506893], [-120.4021772, 48.0502877], [-120.4013311, 48.0500138], [-120.4008398, 48.0499774], [-120.4004942, 48.049807], [-120.4007216, 48.0495574], [-120.4007124, 48.0493627], [-120.4004091, 48.0491196], [-120.3997541, 48.0488762], [-120.3989752, 48.0487671], [-120.3987047, 48.0487412], [-120.3983874, 48.0487328], [-120.3981702, 48.0487555], [-120.3981083, 48.0487448], [-120.3980556, 48.0486998], [-120.3980509, 48.0486081], [-120.3980464, 48.048537], [-120.398012, 48.0485164], [-120.3978973, 48.0485196], [-120.3977387, 48.0484965], [-120.3976703, 48.0485096], [-120.3975897, 48.0485095], [-120.3974385, 48.0484783], [-120.3972921, 48.0484323], [-120.3969623, 48.0483989], [-120.3963608, 48.0484259], [-120.3956785, 48.0483833], [-120.3951599, 48.0482372], [-120.3943412, 48.0480608], [-120.3930767, 48.0478904], [-120.3925035, 48.047939], [-120.3922867, 48.047707], [-120.3917393, 48.0475801], [-120.3897197, 48.0478295], [-120.3892376, 48.0480303], [-120.3885007, 48.0480365], [-120.3884097, 48.0479147], [-120.3876, 48.0479634], [-120.3873817, 48.0480303], [-120.387227, 48.0479025], [-120.3864992, 48.0479999], [-120.3858533, 48.0480121], [-120.3853803, 48.0481338], [-120.3853348, 48.0480121], [-120.3849035, 48.0479713], [-120.3846124, 48.0480018], [-120.3839937, 48.0482695], [-120.3838482, 48.0484399], [-120.3833024, 48.0486224], [-120.3832569, 48.0487502], [-120.3830021, 48.0489753], [-120.3828111, 48.0490362], [-120.3825746, 48.0488962], [-120.3821561, 48.0487746], [-120.3814192, 48.0486285], [-120.3814192, 48.0484946], [-120.3813556, 48.0484338], [-120.3805368, 48.0482025], [-120.3805277, 48.048093], [-120.3798379, 48.047932], [-120.3796198, 48.047905], [-120.3793269, 48.0478981], [-120.3791894, 48.0479483], [-120.3791554, 48.0480644], [-120.3788334, 48.0481071], [-120.3786723, 48.0481447], [-120.3785742, 48.0483032], [-120.3785682, 48.0484391], [-120.3782735, 48.0485503], [-120.3779441, 48.0485007], [-120.3778438, 48.0484538], [-120.3776222, 48.0483742], [-120.3773223, 48.0483927], [-120.3772366, 48.0483378], [-120.3774346, 48.0478983], [-120.3775953, 48.0478185], [-120.3776101, 48.0476254], [-120.3777075, 48.0475515], [-120.3776438, 48.047448], [-120.377622, 48.0473923], [-120.3776295, 48.0473137], [-120.3775802, 48.0471924], [-120.3774251, 48.0470648], [-120.3773749, 48.0469664], [-120.377328, 48.0468094], [-120.3772923, 48.0467029], [-120.3770307, 48.0466389], [-120.3766942, 48.0464683], [-120.3765724, 48.0463667], [-120.3756748, 48.0460053], [-120.3754775, 48.0459842], [-120.3752774, 48.0459496], [-120.375134, 48.0459097], [-120.3750533, 48.0457681], [-120.3749631, 48.0457349], [-120.3747924, 48.0456873], [-120.3746439, 48.0455333], [-120.3744997, 48.0453971], [-120.3743355, 48.0453742], [-120.3742636, 48.0453169], [-120.3742668, 48.0452253], [-120.3741876, 48.0451502], [-120.3741188, 48.0451432], [-120.3741116, 48.0451056], [-120.3741471, 48.0450647], [-120.374135, 48.0450352], [-120.3740569, 48.0449942], [-120.3739425, 48.0448681], [-120.373723, 48.0447402], [-120.3735501, 48.0447402], [-120.3730872, 48.0444091], [-120.3730431, 48.0443966]], [[-120.2120298, 47.9720846], [-120.2120727, 47.9721331], [-120.2121317, 47.9721834], [-120.2121478, 47.9721241], [-120.2121103, 47.9720954], [-120.2120298, 47.9720846]], [[-120.2123375, 47.9708952], [-120.2123455, 47.9709221], [-120.2123911, 47.9708934], [-120.2123965, 47.9708413], [-120.2123804, 47.9708323], [-120.2123509, 47.9708431], [-120.2123509, 47.9708736], [-120.2123375, 47.9708952]], [[-120.6739279, 48.3221151], [-120.674003, 48.3221562], [-120.6740754, 48.3221062], [-120.6740513, 48.3220616], [-120.6740862, 48.3220188], [-120.6740594, 48.3219617], [-120.6740701, 48.3219011], [-120.6740674, 48.3218708], [-120.6740191, 48.3218458], [-120.673936, 48.3218654], [-120.6738636, 48.3218423], [-120.6737911, 48.321828], [-120.6738931, 48.321803], [-120.6739252, 48.3217923], [-120.6738823, 48.321737], [-120.6737321, 48.3217245], [-120.6735256, 48.321721], [-120.6734264, 48.3217031], [-120.6733405, 48.3216532], [-120.6730213, 48.3214035], [-120.6729382, 48.3214124], [-120.6727504, 48.3215284], [-120.6727531, 48.3215694], [-120.6727907, 48.3216015], [-120.6728014, 48.3216336], [-120.6728014, 48.321671], [-120.6729114, 48.3217352], [-120.6729167, 48.321778], [-120.6729865, 48.3217852], [-120.6730455, 48.3218547], [-120.6730508, 48.3218797], [-120.6729838, 48.3218851], [-120.6730106, 48.3219136], [-120.673075, 48.3219314], [-120.6731742, 48.3219582], [-120.673244, 48.3219421], [-120.6732815, 48.3219172], [-120.6732681, 48.3218797], [-120.6732574, 48.3218601], [-120.6733217, 48.3218387], [-120.6734022, 48.3218226], [-120.6734559, 48.3218619], [-120.6736543, 48.322042], [-120.6736758, 48.322067], [-120.6737187, 48.3220688], [-120.673775, 48.3220884], [-120.673885, 48.3221009], [-120.6739279, 48.3221151]], [[-120.6736635, 48.3214246], [-120.673721, 48.3213815], [-120.6738367, 48.3214376], [-120.6742971, 48.3212634], [-120.674441, 48.3211751], [-120.6747212, 48.3210393], [-120.6751622, 48.3208682], [-120.6752409, 48.3208768], [-120.6752655, 48.320841], [-120.6751961, 48.3208296], [-120.6751267, 48.3208041], [-120.6750035, 48.3207299], [-120.6746442, 48.3207079], [-120.6745517, 48.3207124], [-120.674426, 48.3207636], [-120.6742882, 48.3207909], [-120.6740065, 48.3208049], [-120.6738458, 48.3208364], [-120.6737166, 48.3208241], [-120.6732085, 48.3207335], [-120.6730624, 48.3207288], [-120.672895, 48.320776], [-120.6729124, 48.3208615], [-120.6729726, 48.3209118], [-120.6730831, 48.3209524], [-120.6735936, 48.3213218], [-120.6735981, 48.3213798], [-120.6736635, 48.3214246]], [[-120.6752518, 48.321937], [-120.6752426, 48.3219657], [-120.6752488, 48.3220435], [-120.6753504, 48.3220435], [-120.6754275, 48.3220743], [-120.6754922, 48.3220579], [-120.6754675, 48.3219841], [-120.6754429, 48.3219411], [-120.675335, 48.3219268], [-120.6752919, 48.3219268], [-120.6752518, 48.321937]], [[-120.6755107, 48.3220988], [-120.6755353, 48.3221275], [-120.6755784, 48.3221378], [-120.6756062, 48.3221091], [-120.6757017, 48.3220948], [-120.6756801, 48.3220702], [-120.6756154, 48.3220702], [-120.6755415, 48.3220702], [-120.6755107, 48.3220988]]]]}, "properties": {"id": "lake_chelan", "name": "Lake Chelan", "osm": ["relation/446718"], "found_by": "name", "area_km2": 132.3175}}]}