id,date,sat,tile,cloud_cover,n_mask,f_nodata,f_water,f_ice,f_cloud,B01,B02,B03,B04,B05,B08,B11,aot,hue,fu,swatch,ndci
S2A_MSIL2A_20170311T185151_R113_T10SGJ_20210208T213823,2017-03-11,2A,10SGJ,18.5,7493,0.0,0.001,0.999,0.0,,,,,,,,,,,,
S2A_MSIL2A_20170331T184921_R113_T10SGJ_20210209T033042,2017-03-31,2A,10SGJ,19.6,7493,0.0,0.999,0.0,0.0,0.0119,0.0109,0.0137,0.0105,0.0113,0.0099,0.0108,0.072,61.81,13.0,#a8a355,0.6667
S2A_MSIL2A_20170420T184921_R113_T11SKD_20210209T091746,2017-04-20,2A,11SKD,35.7,7510,0.0,0.372,0.0,0.626,,,,,,,,,,,,
S2A_MSIL2A_20170427T183921_R070_T10SGJ_20210209T111112,2017-04-27,2A,10SGJ,25.3,7493,0.0,0.975,0.0,0.024,0.0392,0.0339,0.0372,0.032,0.0352,0.0379,0.0169,0.107,148.01,6.0,#a99e97,0.0958
S2A_MSIL2A_20170510T184921_R113_T10SGJ_20210209T143429,2017-05-10,2A,10SGJ,1.4,7493,0.0,0.969,0.0,0.008,0.0401,0.0323,0.0365,0.0349,0.0369,0.0302,0.0371,0.12,,,,
S2A_MSIL2A_20170517T183921_R070_T10SGJ_20210209T161350,2017-05-17,2A,10SGJ,12.1,7493,0.0,0.99,0.0,0.009,0.01375,0.0082,0.0096,0.0048,0.0047,0.0014,0.0077,0.137,,,#a391f9,0.0
S2A_MSIL2A_20170530T184921_R113_T11SKD_20210209T191756,2017-05-30,2A,11SKD,2.1,7510,0.0,0.964,0.0,0.003,0.0952,0.0798,0.0858,0.0857,0.0901,0.0764,0.0818,0.115,,,,
S2A_MSIL2A_20170606T183921_R070_T10SGJ_20210209T205824,2017-06-06,2A,10SGJ,1.5,7493,0.0,0.989,0.0,0.01,0.0169,0.0128,0.0143,0.0092,0.0093,0.0062,0.0104,0.107,221.18,2.0,#8da1bd,0.0
S2A_MSIL2A_20170619T184921_R113_T10SGJ_20210210T001337,2017-06-19,2A,10SGJ,1.7,7493,0.0,0.978,0.0,0.011,0.02,0.0123,0.0139,0.0099,0.0106,0.0046,0.0111,0.132,,,#9b95f6,0.0
S2A_MSIL2A_20170626T183921_R070_T10SGJ_20210210T015305,2017-06-26,2A,10SGJ,0.7,7493,0.0,0.988,0.0,0.01,0.013,0.0112,0.013,0.0093,0.0089,0.0043,0.0127,0.127,,,,
S2B_MSIL2A_20170704T184919_R113_T11SKD_20210210T044752,2017-07-04,2B,11SKD,1.0,7510,0.0,0.965,0.0,0.0,0.1001,0.1012,0.1042,0.1026,0.1059,0.0951,0.0937,0.09,47.95,15.0,#b19e77,0.1564
S2A_MSIL2A_20170709T184921_R113_T10SGJ_20210210T063521,2017-07-09,2A,10SGJ,0.8,7493,0.0,0.967,0.0,0.0,0.0993,0.0895,0.0963,0.0971,0.101,0.0855,0.0942,0.128,,,,
S2B_MSIL2A_20170711T183919_R070_T10SGJ_20210210T073718,2017-07-11,2B,10SGJ,0.3,7493,0.0,0.995,0.0,0.005,0.0058,0.0111,0.0109,0.0074,0.0069,0.0029,0.0107,0.111,150.56,6.0,#71ad86,0.0
S2A_MSIL2A_20170716T183921_R070_T10SGJ_20210210T095217,2017-07-16,2A,10SGJ,0.9,7493,0.0,0.994,0.0,0.005,0.0048,0.0025,0.0046,0.0013,0.001,0.0001,0.0066,0.128,,,,
S2B_MSIL2A_20170724T184919_R113_T10SGJ_20210210T140113,2017-07-24,2B,10SGJ,22.9,7493,0.0,0.647,0.0,0.289,0.0334,0.0296,0.0273,0.0232,0.0248,0.0242,0.0208,0.077,219.13,3.0,#85a3c0,0.25
S2A_MSIL2A_20170729T184921_R113_T11SKD_20210210T161545,2017-07-29,2A,11SKD,2.7,7510,0.0,0.966,0.0,0.0,0.0392,0.0304,0.0347,0.0328,0.0354,0.0251,0.0347,0.137,,,,
S2B_MSIL2A_20170731T183919_R070_T10SGJ_20210210T173621,2017-07-31,2B,10SGJ,0.8,7493,0.0,1.0,0.0,0.0,0.0037,0.0086,0.0061,0.001,0.0006,0.0001,0.0034,0.187,143.53,6.0,#47b373,0.0
S2A_MSIL2A_20170805T183921_R070_T11SKD_20210210T195548,2017-08-05,2A,11SKD,56.0,7510,0.0,0.001,0.0,0.999,,,,,,,,,,,,
S2B_MSIL2A_20170813T184919_R113_T11SKD_20210131T203157,2017-08-13,2B,11SKD,2.3,7510,0.0,0.986,0.0,0.0,0.0278,0.0305,0.0313,0.0286,0.0302,0.0249,0.0274,0.09,84.57,9.0,#93a850,0.4
S2A_MSIL2A_20170818T184921_R113_T10SGJ_20210201T045743,2017-08-18,2A,10SGJ,6.8,7493,0.0,1.0,0.0,0.0,0.0239,0.019,0.0185,0.0133,0.0146,0.0116,0.0098,0.076,216.93,3.0,#91a1b4,0.1566
S2B_MSIL2A_20170820T183919_R070_T10SGJ_20201015T042032,2017-08-20,2B,10SGJ,1.1,7493,0.0,1.0,0.0,0.0,0.0001,0.0034,0.0011,0.0001,0.0001,0.0001,0.0014,0.22,,,,
S2A_MSIL2A_20170825T183921_R070_T10SGJ_20210201T100637,2017-08-25,2A,10SGJ,0.9,7493,0.0,1.0,0.0,0.0,0.0045,0.0019,0.0039,0.0008,0.0014,0.0001,0.0046,0.162,,,,
S2B_MSIL2A_20170902T184909_R113_T11SKD_20210201T171756,2017-09-02,2B,11SKD,0.2,7510,0.0,0.999,0.0,0.0,0.0022,0.0079,0.0062,0.0022,0.0034,0.0002,0.0025,0.149,127.28,7.0,#5fb263,0.8
S2A_MSIL2A_20170907T184921_R113_T11SKD_20210201T204658,2017-09-07,2A,11SKD,19.0,7510,0.0,0.756,0.0,0.217,0.0391,0.0321,0.0293,0.0205,0.022,0.0173,0.0123,0.17,214.01,3.0,#91a2b1,0.0838
S2B_MSIL2A_20170909T184049_R070_T11SKD_20210201T225338,2017-09-09,2B,11SKD,8.4,7510,0.0,0.179,0.0,0.811,,,,,,,,,,,,
S2A_MSIL2A_20170914T184001_R070_T11SKD_20210202T022918,2017-09-14,2A,11SKD,31.8,7510,0.0,0.0,0.0,1.0,,,,,,,,,,,,
S2B_MSIL2A_20170922T185049_R113_T10SGJ_20210202T081610,2017-09-22,2B,10SGJ,66.0,7493,0.0,0.899,0.0,0.094,0.026,0.0269,0.0198,0.0113,0.0106,0.0076,0.0036,0.059,197.62,4.0,#86a5aa,-0.0476
S2A_MSIL2A_20170927T185131_R113_T10SGJ_20210202T103953,2017-09-27,2A,10SGJ,0.2,7493,0.0,0.995,0.0,0.0,0.0001,0.0001,0.0017,0.0001,0.0004,0.0001,0.0021,0.072,,,,
S2A_MSIL2A_20171004T184221_R070_T10SGJ_20210202T134928,2017-10-04,2A,10SGJ,0.2,7493,0.0,0.995,0.0,0.0,0.0001,0.0001,0.0001,0.0001,0.0001,0.0001,0.0013,0.12,,,,
S2B_MSIL2A_20171012T185309_R113_T10SGJ_20201019T211551,2017-10-12,2B,10SGJ,1.5,7493,0.0,0.995,0.0,0.0,0.0001,0.0021,0.0029,0.0003,0.001,0.0006,0.0018,0.102,69.31,11.0,#9ea72c,0.0
S2A_MSIL2A_20171017T185401_R113_T11SKD_20201015T001923,2017-10-17,2A,11SKD,62.3,7510,0.0,0.036,0.0,0.964,,,,,,,,,,,,
S2B_MSIL2A_20171019T184349_R070_T11SKD_20201015T010125,2017-10-19,2B,11SKD,15.4,7510,0.0,0.503,0.0,0.479,0.0194,0.0179,0.01185,0.0044,0.0038,0.001,0.0054,0.081,211.92,3.0,#51abca,0.0
S2A_MSIL2A_20171024T184441_R070_T10SGJ_20201015T015902,2017-10-24,2A,10SGJ,0.2,7493,0.0,0.995,0.0,0.001,0.0001,0.0001,0.0001,0.0001,0.0001,0.0001,0.0013,0.079,,,,
S2A_MSIL2A_20171106T185601_R113_T11SKD_20201014T182925,2017-11-06,2A,11SKD,17.6,7510,0.0,0.63,0.0,0.354,0.0256,0.0191,0.0181,0.0117,0.0123,0.011,0.0142,0.068,228.18,1.0,#74a1e5,0.0
S2A_MSIL2A_20171113T184631_R070_T11SKD_20201014T193657,2017-11-13,2A,11SKD,32.6,7510,0.0,0.924,0.0,0.065,0.0452,0.0312,0.0297,0.0264,0.0296,0.0291,0.02475,0.094,234.45,1.0,#8b98fd,0.4923
S2B_MSIL2A_20171118T184639_R070_T11SKD_20201014T204855,2017-11-18,2B,11SKD,2.5,7510,0.0,0.999,0.0,0.0,0.0001,0.0022,0.0023,0.0001,0.0001,0.0001,0.0003,0.068,106.66,8.0,#7aae53,0.0
S2B_MSIL2A_20171121T185659_R113_T10SGJ_20201014T212923,2017-11-21,2B,10SGJ,48.4,7493,0.0,0.574,0.0,0.405,0.11615,0.1199,0.1164,0.10995,0.1209,0.1246,0.0579,0.072,114.2,7.0,#a69f92,0.0952
S2B_MSIL2A_20171128T184719_R070_T10SGJ_20201014T224749,2017-11-28,2B,10SGJ,1.6,7493,0.0,0.999,0.0,0.001,0.0001,0.0001,0.0001,0.0001,0.0001,0.0001,0.0001,0.072,,,,
S2A_MSIL2A_20180303T184251_R070_T11SKD_20201013T055855,2018-03-03,2A,11SKD,20.1,7510,0.0,0.298,0.047,0.653,,,,,,,,,,,,
S2A_MSIL2A_20180306T185231_R113_T10SGJ_20201013T071634,2018-03-06,2A,10SGJ,48.5,7493,0.0,0.96,0.029,0.0,0.0001,0.0001,0.0001,0.001,0.0049,0.009,0.0074,0.149,,,,
S2B_MSIL2A_20180308T184209_R070_T11SKD_20201013T081459,2018-03-08,2B,11SKD,35.5,7510,0.0,0.741,0.01,0.247,0.047,0.0498,0.0492,0.0474,0.0508,0.0563,0.0318,0.149,85.04,9.0,#a79f8b,0.0983
S2B_MSIL2A_20180318T184059_R070_T11SKD_20201013T105742,2018-03-18,2B,11SKD,8.7,7510,0.0,0.967,0.03,0.0,0.0485,0.057,0.0573,0.0543,0.057,0.0649,0.0224,0.094,68.48,11.0,#a99f83,0.0406
S2A_MSIL2A_20180323T184031_R070_T11SKD_20201013T130422,2018-03-23,2A,11SKD,17.9,7510,0.0,0.846,0.005,0.133,0.0163,0.01065,0.013,0.0077,0.0081,0.0076,0.0086,0.098,227.07,2.0,#949fc1,0.0
S2A_MSIL2A_20180326T185011_R113_T10SGJ_20201013T143223,2018-03-26,2A,10SGJ,2.1,7493,0.0,0.997,0.002,0.0,0.0001,0.0001,0.0001,0.0001,0.0001,0.0001,0.0025,0.149,,,,
S2B_MSIL2A_20180328T183949_R070_T10SGJ_20201013T154932,2018-03-28,2B,10SGJ,1.2,7493,0.0,0.999,0.0,0.0,0.0001,0.0001,0.0001,0.0001,0.0001,0.0001,0.0001,0.149,,,,
S2A_MSIL2A_20180402T183921_R070_T10SGJ_20201012T172350,2018-04-02,2A,10SGJ,35.4,7493,0.0,0.588,0.004,0.395,0.0049,0.0021,0.0049,0.0007,0.0016,0.00045,0.0104,0.149,,,,
S2B_MSIL2A_20180407T183919_R070_T11SKD_20201012T193617,2018-04-07,2B,11SKD,23.5,7510,0.0,0.596,0.002,0.385,0.0784,0.0816,0.07895,0.0718,0.0758,0.0875,0.0491,0.137,144.09,6.0,#a0a193,0.081
S2A_MSIL2A_20180412T183931_R070_T11SKD_20201012T212423,2018-04-12,2A,11SKD,33.4,7510,0.0,0.938,0.0,0.061,0.0318,0.0261,0.0264,0.0183,0.0185,0.0189,0.0109,0.09,205.46,4.0,#97a1a7,0.0133
S2A_MSIL2A_20180415T184921_R113_T11SKD_20201012T223705,2018-04-15,2A,11SKD,38.9,7510,0.0,0.084,0.017,0.899,,,,,,,,,,,,
S2B_MSIL2A_20180417T183919_R070_T11SKD_20201012T233405,2018-04-17,2B,11SKD,12.7,7510,0.0,0.999,0.001,0.0,0.0001,0.0001,0.0001,0.0001,0.0001,0.0001,0.001,0.149,,,,
S2B_MSIL2A_20180420T184919_R113_T11SKD_20201013T003947,2018-04-20,2B,11SKD,0.8,7510,0.0,0.999,0.0,0.0,0.0013,0.0054,0.0048,0.0003,0.0005,0.0001,0.0016,0.077,117.35,7.0,#6db05b,0.0
S2A_MSIL2A_20180422T183921_R070_T10SGJ_20201013T011708,2018-04-22,2A,10SGJ,2.6,7493,0.0,0.971,0.0,0.025,0.0161,0.0172,0.0191,0.0153,0.0173,0.0206,0.0149,0.115,90.91,9.0,#92a85f,0.7143
S2A_MSIL2A_20180425T185031_R113_T11SKD_20201013T023055,2018-04-25,2A,11SKD,0.6,7510,0.0,0.999,0.0,0.0,0.0067,0.0083,0.0088,0.0046,0.0056,0.0051,0.004,0.081,132.7,7.0,#84a980,0.4545
S2B_MSIL2A_20180427T183919_R070_T10SGJ_20201013T033251,2018-04-27,2B,10SGJ,1.3,7493,0.0,0.996,0.0,0.004,0.0049,0.0103,0.0098,0.0064,0.007,0.0067,0.0087,0.124,127.75,7.0,#66b068,0.0
S2A_MSIL2A_20180502T183921_R070_T11SKD_20201012T045910,2018-05-02,2A,11SKD,10.2,7510,0.0,0.992,0.0,0.006,0.0002,0.0001,0.0006,0.0001,0.0001,0.0001,0.0025,0.149,,,,
S2B_MSIL2A_20180507T183919_R070_T10SGJ_20201012T070810,2018-05-07,2B,10SGJ,0.8,7493,0.0,0.999,0.0,0.001,0.0012,0.0056,0.0045,0.0004,0.0001,0.0001,0.0036,0.107,147.25,6.0,#40b478,0.0
S2A_MSIL2A_20180512T183921_R070_T10SGJ_20201012T085911,2018-05-12,2A,10SGJ,67.1,7493,0.0,0.001,0.0,0.999,,,,,,,,,,,,
S2A_MSIL2A_20180515T184941_R113_T10SGJ_20201012T100932,2018-05-15,2A,10SGJ,61.5,7493,0.0,0.0,0.0,1.0,,,,,,,,,,,,
S2B_MSIL2A_20180517T183919_R070_T11SKD_20201012T110828,2018-05-17,2B,11SKD,61.2,7510,0.0,0.0,0.0,1.0,,,,,,,,,,,,
S2B_MSIL2A_20180520T184919_R113_T11SKD_20201026T102521,2018-05-20,2B,11SKD,53.4,7510,0.0,0.756,0.0,0.226,0.1063,0.1024,0.1014,0.0971,0.1052,0.1162,0.0824,0.12,201.35,4.0,#a39f9f,0.216
S2A_MSIL2A_20180522T183921_R070_T11SKD_20201012T125730,2018-05-22,2A,11SKD,60.4,7510,0.0,0.441,0.0,0.55,,,,,,,,,,,,
S2B_MSIL2A_20180527T183919_R070_T10SGJ_20201012T145233,2018-05-27,2B,10SGJ,27.7,7493,0.0,0.925,0.0,0.069,0.0116,0.0162,0.0139,0.0091,0.0083,0.0033,0.0114,0.153,141.98,6.0,#48b371,0.0
S2A_MSIL2A_20180601T183931_R070_T10SGJ_20201011T223559,2018-06-01,2A,10SGJ,0.6,7493,0.0,1.0,0.0,0.0,0.0001,0.0004,0.0018,0.0001,0.0001,0.0001,0.0033,0.124,,,,
S2A_MSIL2A_20180604T184921_R113_T10SGJ_20201026T151329,2018-06-04,2A,10SGJ,4.5,7493,0.0,0.967,0.0,0.001,0.0962,0.0893,0.0932,0.0936,0.097,0.0863,0.0895,0.081,,,,
S2B_MSIL2A_20180606T183929_R070_T10SGJ_20201026T174515,2018-06-06,2B,10SGJ,27.3,7493,0.0,0.967,0.0,0.002,0.0041,0.0138,0.0135,0.0124,0.0126,0.008,0.022,0.282,,,,
S2B_MSIL2A_20180609T184919_R113_T11SKD_20201026T203441,2018-06-09,2B,11SKD,32.3,7510,0.0,0.964,0.0,0.001,0.0522,0.0586,0.0582,0.0555,0.0558,0.0491,0.0511,0.17,81.54,10.0,#99a65d,0.033
S2A_MSIL2A_20180611T183921_R070_T10SGJ_20201026T215957,2018-06-11,2A,10SGJ,0.4,7493,0.0,0.999,0.0,0.001,0.0001,0.0001,0.0002,0.0001,0.0001,0.0001,0.0032,0.137,,,,
S2A_MSIL2A_20180614T184921_R113_T10SGJ_20201027T004723,2018-06-14,2A,10SGJ,1.3,7493,0.0,0.965,0.0,0.003,0.1081,0.1004,0.1046,0.1052,0.1088,0.0963,0.1006,0.098,,,,
S2B_MSIL2A_20180616T183929_R070_T10SGJ_20201027T022451,2018-06-16,2B,10SGJ,0.3,7493,0.0,0.995,0.0,0.003,0.0146,0.0213,0.0206,0.0169,0.0164,0.0118,0.0194,0.132,131.92,7.0,#5fb16a,0.0
S2B_MSIL2A_20180619T184919_R113_T10SGJ_20201012T000922,2018-06-19,2B,10SGJ,2.9,7493,0.0,0.931,0.0,0.037,0.066,0.0563,0.061,0.0595,0.0648,0.0576,0.0604,0.145,,,,
S2A_MSIL2A_20180621T183921_R070_T10SGJ_20201012T004208,2018-06-21,2A,10SGJ,0.4,7493,0.0,0.996,0.0,0.003,0.0067,0.0084,0.0093,0.0056,0.0052,0.0007,0.0102,0.137,,,,
S2A_MSIL2A_20180624T184921_R113_T10SGJ_20201012T015157,2018-06-24,2A,10SGJ,1.0,7493,0.0,0.967,0.0,0.0,0.1068,0.0958,0.1007,0.1011,0.105,0.0908,0.0965,0.085,,,,
S2B_MSIL2A_20180626T183919_R070_T10SGJ_20201012T024943,2018-06-26,2B,10SGJ,0.2,7493,0.0,0.998,0.0,0.002,0.0023,0.0087,0.0078,0.0035,0.0024,0.0001,0.0076,0.128,171.57,5.0,#00b89a,0.0
S2B_MSIL2A_20180629T184919_R113_T10SGJ_20201012T035951,2018-06-29,2B,10SGJ,1.4,7493,0.0,0.961,0.0,0.01,0.0657,0.0613,0.0645,0.0631,0.06615,0.05485,0.0595,0.085,,,#bb979b,0.2976
S2A_MSIL2A_20180701T183921_R070_T10SGJ_20201011T104614,2018-07-01,2A,10SGJ,0.6,7493,0.0,0.999,0.0,0.001,0.0001,0.0001,0.0001,0.0001,0.0001,0.0001,0.0015,0.156,,,,
S2A_MSIL2A_20180704T184931_R113_T10SGJ_20201011T115213,2018-07-04,2A,10SGJ,0.6,7493,0.0,0.967,0.0,0.0,0.09,0.0882,0.0935,0.0937,0.0973,0.0866,0.0925,0.145,,,,
S2B_MSIL2A_20180706T183919_R070_T11SKD_20201027T025422,2018-07-06,2B,11SKD,5.6,7510,0.0,0.992,0.0,0.008,0.0009,0.0063,0.005,0.0014,0.0003,0.0001,0.0077,0.191,,,,
S2B_MSIL2A_20180709T185019_R113_T10SGJ_20201011T135748,2018-07-09,2B,10SGJ,0.8,7493,0.0,0.967,0.0,0.0,0.0819,0.0839,0.0865,0.0839,0.0868,0.0784,0.0777,0.081,58.59,13.0,#aba06e,0.1895
S2A_MSIL2A_20180711T183921_R070_T10SGJ_20201011T143355,2018-07-11,2A,10SGJ,0.8,7493,0.0,0.991,0.0,0.008,0.0001,0.0005,0.0021,0.0001,0.0001,0.0001,0.0046,0.149,,,,
S2A_MSIL2A_20180714T184921_R113_T10SGJ_20201011T154218,2018-07-14,2A,10SGJ,5.6,7493,0.0,0.97,0.0,0.0,0.0863,0.0796,0.0841,0.0825,0.0871,0.0717,0.0803,0.115,,,,
S2B_MSIL2A_20180716T183929_R070_T10SGJ_20201011T164004,2018-07-16,2B,10SGJ,0.3,7493,0.0,0.999,0.0,0.0,0.0019,0.0073,0.0056,0.0006,0.0004,0.0001,0.0038,0.149,141.03,6.0,#48b470,0.0
S2B_MSIL2A_20180719T184919_R113_T10SGJ_20201011T174521,2018-07-19,2B,10SGJ,0.4,7493,0.0,0.967,0.0,0.0,0.0699,0.0673,0.07,0.069,0.0726,0.0623,0.0658,0.111,,,#bc988b,0.36
S2A_MSIL2A_20180721T183921_R070_T10SGJ_20201011T182055,2018-07-21,2A,10SGJ,10.3,7493,0.0,0.981,0.0,0.002,0.0067,0.0073,0.0085,0.0043,0.0057,0.0001,0.0097,0.231,,,,
S2A_MSIL2A_20180724T184921_R113_T10SGJ_20201011T192859,2018-07-24,2A,10SGJ,2.0,7493,0.0,0.823,0.0,0.118,0.0373,0.0335,0.0333,0.0261,0.0286,0.0238,0.02575,0.141,207.02,4.0,#7ca6b6,0.7812
S2B_MSIL2A_20180726T184029_R070_T10SGJ_20201011T202542,2018-07-26,2B,10SGJ,0.7,7493,0.0,1.0,0.0,0.0,0.0001,0.0001,0.0001,0.0001,0.0001,0.0001,0.0001,0.258,,,,
S2B_MSIL2A_20180729T184919_R113_T10SGJ_20201011T213156,2018-07-29,2B,10SGJ,10.5,7493,0.0,0.974,0.0,0.0,0.007,0.0108,0.0119,0.0096,0.0111,0.0018,0.0162,0.278,,,,
S2A_MSIL2A_20180731T183921_R070_T10SGJ_20201011T220632,2018-07-31,2A,10SGJ,28.2,7493,0.0,0.989,0.0,0.001,0.0347,0.0311,0.0287,0.0183,0.0203,0.0135,0.0074,0.234,196.15,4.0,#94a2a4,0.084
S2A_MSIL2A_20180803T184921_R113_T10SGJ_20201010T203314,2018-08-03,2A,10SGJ,0.2,7493,0.0,0.967,0.0,0.0,0.0477,0.0474,0.0488,0.0473,0.0501,0.0438,0.0495,0.241,,,,
S2B_MSIL2A_20180805T184019_R070_T10SGJ_20201010T214304,2018-08-05,2B,10SGJ,0.1,7493,0.0,1.0,0.0,0.0,0.0001,0.0011,0.0002,0.0001,0.0001,0.0001,0.0033,0.188,,,,
S2B_MSIL2A_20180808T184909_R113_T10SGJ_20201010T230610,2018-08-08,2B,10SGJ,0.2,7493,0.0,0.967,0.0,0.0,0.0389,0.0444,0.0429,0.0388,0.0422,0.0322,0.0356,0.344,118.64,7.0,#8ba879,0.3469
S2A_MSIL2A_20180810T183921_R070_T10SGJ_20201010T234854,2018-08-10,2A,10SGJ,1.2,7493,0.0,0.974,0.0,0.0,0.0174,0.0193,0.0218,0.0143,0.0173,0.01,0.0057,0.311,103.2,8.0,#9ea285,0.1485
S2A_MSIL2A_20180813T184921_R113_T10SGJ_20201011T011139,2018-08-13,2A,10SGJ,4.4,7493,0.0,0.965,0.0,0.0,0.0317,0.0327,0.0361,0.0337,0.0365,0.0306,0.0379,0.183,,,,
S2B_MSIL2A_20180815T184019_R070_T11SKD_20201011T021850,2018-08-15,2B,11SKD,5.5,7510,0.0,0.999,0.0,0.001,0.0093,0.0132,0.0102,0.0049,0.0054,0.0004,0.006,0.185,169.23,5.0,#55af97,0.0
S2B_MSIL2A_20180818T184909_R113_T10SGJ_20201011T034507,2018-08-18,2B,10SGJ,0.1,7493,0.0,0.977,0.0,0.0,0.0201,0.0241,0.0249,0.0221,0.0235,0.0198,0.0219,0.098,93.59,9.0,#86ac46,0.7778
S2A_MSIL2A_20180820T183921_R070_T10SGJ_20201011T042801,2018-08-20,2A,10SGJ,0.2,7493,0.0,0.999,0.0,0.0,0.0002,0.0011,0.002,0.0001,0.0001,0.0001,0.0035,0.154,,,,
S2A_MSIL2A_20180823T184921_R113_T11SKD_20201011T055234,2018-08-23,2A,11SKD,0.1,7510,0.0,0.994,0.0,0.0,0.0184,0.0188,0.0205,0.0183,0.0193,0.0153,0.0208,0.115,,,,
S2B_MSIL2A_20180825T183909_R070_T10SGJ_20201027T035118,2018-08-25,2B,10SGJ,0.2,7493,0.0,1.0,0.0,0.0,0.0001,0.0035,0.0014,0.0001,0.0001,0.0001,0.0014,0.216,,,,
S2B_MSIL2A_20180828T185019_R113_T10SGJ_20201103T094419,2018-08-28,2B,10SGJ,0.3,7493,0.0,0.999,0.0,0.0,0.0016,0.0075,0.0065,0.003,0.0039,0.0012,0.0045,0.124,128.95,7.0,#5fb166,0.0
S2A_MSIL2A_20180830T183921_R070_T10SGJ_20201103T150652,2018-08-30,2A,10SGJ,0.9,7493,0.0,1.0,0.0,0.0,0.0001,0.0001,0.0001,0.0001,0.0001,0.0001,0.0028,0.166,,,,
S2A_MSIL2A_20180902T184921_R113_T10SGJ_20201011T073631,2018-09-02,2A,10SGJ,0.2,7493,0.0,0.999,0.0,0.0,0.0087,0.0103,0.0119,0.0091,0.0105,0.0063,0.0117,0.145,,,,
S2B_MSIL2A_20180904T184019_R070_T10SGJ_20201011T084307,2018-09-04,2B,10SGJ,0.5,7493,0.0,1.0,0.0,0.0,0.0175,0.0206,0.0168,0.0098,0.0105,0.0016,0.0021,0.254,173.16,5.0,#8fa59a,0.0435
S2B_MSIL2A_20180907T184909_R113_T10SGJ_20201011T095312,2018-09-07,2B,10SGJ,0.3,7493,0.0,1.0,0.0,0.0,0.002,0.0084,0.0089,0.0052,0.006,0.0036,0.0075,0.089,90.41,9.0,#8aab47,0.0
S2A_MSIL2A_20180909T183921_R070_T11SKD_20201008T231613,2018-09-09,2A,11SKD,2.7,7510,0.0,1.0,0.0,0.0,0.0001,0.0001,0.0001,0.0001,0.0001,0.0001,0.0015,0.157,,,,
S2A_MSIL2A_20180912T184951_R113_T11SKD_20201009T002432,2018-09-12,2A,11SKD,10.9,7510,0.0,0.968,0.0,0.0,0.0097,0.017,0.0209,0.0196,0.0217,0.0241,0.024,0.142,,,,
S2B_MSIL2A_20180914T183949_R070_T10SGJ_20201009T012046,2018-09-14,2B,10SGJ,27.9,7493,0.0,0.999,0.0,0.0,0.0001,0.0029,0.0023,0.0001,0.0001,0.0001,0.0034,0.115,,,,
S2B_MSIL2A_20180917T185019_R113_T11SKD_20201009T021305,2018-09-17,2B,11SKD,0.1,7510,0.0,0.995,0.0,0.0,0.0001,0.0031,0.0037,0.0009,0.0014,0.0001,0.0044,0.098,,,,
S2A_MSIL2A_20180919T184031_R070_T10SGJ_20210614T020621,2018-09-19,2A,10SGJ,0.8,7493,0.0,0.985,0.0,0.0,0.0001,0.0007,0.0012,0.0001,0.0001,0.0001,0.00085,0.172,,,,
S2A_MSIL2A_20180922T185101_R113_T10SGJ_20201009T034502,2018-09-22,2A,10SGJ,0.7,7493,0.0,0.967,0.0,0.0,0.0293,0.0341,0.0361,0.0335,0.0382,0.0514,0.0412,0.107,,,,
S2B_MSIL2A_20180924T184109_R070_T10SGJ_20201009T043337,2018-09-24,2B,10SGJ,0.1,7493,0.0,0.993,0.0,0.0,0.0001,0.0001,0.0001,0.0001,0.0001,0.0001,0.0007,0.124,,,,
S2B_MSIL2A_20180927T185129_R113_T10SGJ_20201009T054002,2018-09-27,2B,10SGJ,0.1,7493,0.0,0.982,0.0,0.001,0.0028,0.012,0.0118,0.0081,0.0095,0.0128,0.0116,0.106,150.56,6.0,#71ad86,0.0
S2A_MSIL2A_20180929T184141_R070_T10SGJ_20201009T061235,2018-09-29,2A,10SGJ,29.1,7493,0.0,0.971,0.0,0.002,0.0084,0.0098,0.0131,0.0094,0.0117,0.0114,0.01545,0.158,,,,
S2A_MSIL2A_20181002T185211_R113_T10SGJ_20201009T071746,2018-10-02,2A,10SGJ,45.7,7493,0.0,0.985,0.0,0.009,0.019,0.0194,0.0177,0.0112,0.0119,0.01,0.0089,0.077,183.5,5.0,#82a7a2,0.1321
S2B_MSIL2A_20181007T185249_R113_T10SGJ_20201009T091624,2018-10-07,2B,10SGJ,3.6,7493,0.0,0.994,0.0,0.0,0.0001,0.0032,0.0045,0.0012,0.0018,0.0004,0.0035,0.072,,,,
S2A_MSIL2A_20181009T184251_R070_T10SGJ_20201009T094849,2018-10-09,2A,10SGJ,0.1,7493,0.0,0.991,0.0,0.001,0.0001,0.0001,0.0001,0.0001,0.0001,0.0001,0.0011,0.107,,,,
S2A_MSIL2A_20181012T185321_R113_T11SKD_20201009T104748,2018-10-12,2A,11SKD,0.1,7510,0.0,0.991,0.0,0.001,0.0001,0.0001,0.0008,0.0001,0.0001,0.0001,0.0016,0.072,,,,
S2B_MSIL2A_20181014T184329_R070_T11SKD_20201009T113648,2018-10-14,2B,11SKD,3.5,7510,0.0,0.993,0.0,0.0,0.0001,0.0001,0.0001,0.0001,0.0001,0.0001,0.0004,0.115,,,,
S2B_MSIL2A_20181017T185359_R113_T11SKD_20201009T123848,2018-10-17,2B,11SKD,0.1,7510,0.0,0.993,0.0,0.0,0.0001,0.0001,0.0003,0.0001,0.0001,0.0001,0.0006,0.068,,,,
S2A_MSIL2A_20181019T184401_R070_T10SGJ_20201009T130900,2018-10-19,2A,10SGJ,0.1,7493,0.0,0.991,0.0,0.001,0.0001,0.0001,0.0001,0.0001,0.0001,0.0001,0.0011,0.094,,,,
S2A_MSIL2A_20181022T185421_R113_T10SGJ_20201009T141041,2018-10-22,2A,10SGJ,0.6,7493,0.0,0.991,0.0,0.0,0.0001,0.0001,0.0015,0.0001,0.0003,0.0001,0.0017,0.068,,,,
S2B_MSIL2A_20181024T184439_R070_T11SKD_20201009T150134,2018-10-24,2B,11SKD,16.9,7510,0.0,0.182,0.0,0.811,,,,,,,,,,,,
S2B_MSIL2A_20181027T185459_R113_T10SGJ_20201009T160027,2018-10-27,2B,10SGJ,64.6,7493,0.0,0.966,0.0,0.017,0.0333,0.04,0.0412,0.0392,0.0443,0.0534,0.039,0.115,75.6,10.0,#98a833,0.9273
S2A_MSIL2A_20181029T184501_R070_T11SKD_20201009T162909,2018-10-29,2A,11SKD,60.7,7510,0.0,0.0,0.0,1.0,,,,,,,,,,,,
S2A_MSIL2A_20181101T185521_R113_T11SKD_20201008T144802,2018-11-01,2A,11SKD,33.0,7510,0.0,0.964,0.0,0.002,0.0014,0.01,0.0153,0.0153,0.0204,0.0259,0.0246,0.149,,,,
S2B_MSIL2A_20181103T184529_R070_T10SGJ_20201008T153347,2018-11-03,2B,10SGJ,56.4,7493,0.0,0.988,0.0,0.003,0.0001,0.0007,0.0033,0.003,0.0068,0.0088,0.0157,0.149,,,,
S2B_MSIL2A_20181106T185559_R113_T11SKD_20201008T162812,2018-11-06,2B,11SKD,0.7,7510,0.0,0.994,0.0,0.0,0.0001,0.0001,0.0001,0.0001,0.0001,0.0001,0.0007,0.068,,,,
S2A_MSIL2A_20181108T184601_R070_T11SKD_20201008T165452,2018-11-08,2A,11SKD,8.2,7510,0.0,0.992,0.0,0.001,0.0001,0.0001,0.0001,0.0001,0.0001,0.0001,0.0017,0.094,,,,
S2A_MSIL2A_20181111T185621_R113_T11SKD_20201008T174750,2018-11-11,2A,11SKD,6.0,7510,0.0,0.992,0.0,0.001,0.0001,0.0001,0.0001,0.0001,0.0001,0.0001,0.0011,0.068,,,,
S2B_MSIL2A_20181116T185639_R113_T10SGJ_20201008T191305,2018-11-16,2B,10SGJ,0.2,7493,0.0,0.993,0.0,0.001,0.0001,0.0038,0.0041,0.0016,0.0031,0.0028,0.0013,0.068,99.37,8.0,#82ad4e,0.7143
S2A_MSIL2A_20181118T184641_R070_T11SKD_20201008T193834,2018-11-18,2A,11SKD,1.9,7510,0.0,0.993,0.0,0.001,0.0001,0.0001,0.0001,0.0001,0.0001,0.0001,0.0014,0.072,,,,
S2B_MSIL2A_20181123T184709_R070_T10SGJ_20201008T211143,2018-11-23,2B,10SGJ,69.7,7493,0.0,0.0,1.0,0.0,,,,,,,,,,,,
S2A_MSIL2A_20181128T184721_R070_T10SGJ_20201008T222515,2018-11-28,2A,10SGJ,68.6,7493,0.0,0.176,0.004,0.814,,,,,,,,,,,,
S2B_MSIL2A_20190303T184259_R070_T10SGJ_20201109T074254,2019-03-03,2B,10SGJ,67.6,7493,0.0,0.015,0.972,0.013,,,,,,,,,,,,
S2B_MSIL2A_20190306T185239_R113_T11SKD_20201030T185740,2019-03-06,2B,11SKD,49.9,7510,0.0,0.008,0.981,0.011,,,,,,,,,,,,
S2A_MSIL2A_20190308T184211_R070_T10SGJ_20201007T042817,2019-03-08,2A,10SGJ,57.2,7493,0.0,0.164,0.541,0.295,,,,,,,,,,,,
S2A_MSIL2A_20190311T185201_R113_T10SGJ_20201007T053159,2019-03-11,2A,10SGJ,28.4,7493,0.0,0.441,0.409,0.149,,,,,,,,,,,,
S2B_MSIL2A_20190313T184139_R070_T10SGJ_20201007T062455,2019-03-13,2B,10SGJ,24.2,7493,0.0,0.548,0.451,0.0,0.0001,0.0001,0.0001,0.0001,0.0001,0.0001,0.0001,0.149,,,,
S2A_MSIL2A_20190318T184101_R070_T10SGJ_20201007T075302,2019-03-18,2A,10SGJ,0.7,7493,0.0,0.597,0.403,0.0,0.0001,0.0001,0.0001,0.0001,0.0001,0.0001,0.0008,0.149,,,,
S2B_MSIL2A_20190323T184039_R070_T10SGJ_20201007T095455,2019-03-23,2B,10SGJ,63.5,7493,0.0,0.0,0.0,1.0,,,,,,,,,,,,
S2A_MSIL2A_20190328T184031_R070_T11SKD_20201007T113807,2019-03-28,2A,11SKD,35.9,7510,0.0,0.788,0.212,0.0,0.012,0.009,0.0112,0.0054,0.0055,0.0053,0.0039,0.09,182.5,5.0,#94a39e,0.0323
S2A_MSIL2A_20190331T184941_R113_T11SKD_20201007T124615,2019-03-31,2A,11SKD,0.7,7510,0.0,0.807,0.192,0.0,0.0001,0.0001,0.0001,0.0001,0.0001,0.0001,0.002,0.149,,,,
S2B_MSIL2A_20190402T183929_R070_T11SKD_20201006T213340,2019-04-02,2B,11SKD,65.6,7510,0.0,0.0,0.0,1.0,,,,,,,,,,,,
S2A_MSIL2A_20190407T183921_R070_T11SKD_20201006T231631,2019-04-07,2A,11SKD,60.2,7510,0.0,0.855,0.014,0.121,0.0759,0.0646,0.0646,0.0603,0.0641,0.064,0.0434,0.149,229.35,1.0,#a69dab,0.1011
S2A_MSIL2A_20190410T184921_R113_T11SKD_20201007T002709,2019-04-10,2A,11SKD,5.9,7510,0.0,0.989,0.007,0.0,0.0176,0.0179,0.0231,0.0214,0.0238,0.026,0.0182,0.149,,,,
S2B_MSIL2A_20190412T183929_R070_T10SGJ_20201007T012543,2019-04-12,2B,10SGJ,26.2,7493,0.0,0.534,0.008,0.455,0.0054,0.0082,0.0091,0.0035,0.0029,0.0023,0.006,0.081,94.9,8.0,#84ac45,0.0
S2B_MSIL2A_20190415T184919_R113_T10SGJ_20201007T023615,2019-04-15,2B,10SGJ,68.1,7493,0.0,0.0,1.0,0.0,,,,,,,,,,,,
S2A_MSIL2A_20190417T183921_R070_T11SKD_20201007T031226,2019-04-17,2A,11SKD,8.7,7510,0.0,0.974,0.006,0.018,0.0426,0.0404,0.0455,0.0414,0.0457,0.0506,0.0258,0.12,53.75,14.0,#ae9d88,0.1211
S2B_MSIL2A_20190422T183929_R070_T10SGJ_20201105T153553,2019-04-22,2B,10SGJ,0.9,7493,0.0,0.999,0.001,0.0,0.0055,0.0097,0.009,0.0033,0.0033,0.0026,0.0032,0.085,137.08,6.0,#70ae79,0.0
S2B_MSIL2A_20190425T184929_R113_T10SGJ_20201105T183829,2019-04-25,2B,10SGJ,0.7,7493,0.0,0.999,0.0,0.0,0.002,0.0067,0.0059,0.0003,0.0004,0.0001,0.0011,0.077,125.4,7.0,#6eaf69,0.0
S2A_MSIL2A_20190427T183921_R070_T10SGJ_20201105T201101,2019-04-27,2A,10SGJ,0.7,7493,0.0,0.999,0.0,0.001,0.0076,0.0059,0.0077,0.002,0.0023,0.0007,0.0037,0.085,169.23,5.0,#8ea598,0.0
S2B_MSIL2A_20190502T183929_R070_T10SGJ_20201006T092031,2019-05-02,2B,10SGJ,1.7,7493,0.0,0.998,0.0,0.001,0.0061,0.0096,0.0095,0.004,0.0039,0.0035,0.0035,0.098,131.62,7.0,#7bac79,-0.1111
S2B_MSIL2A_20190505T184929_R113_T10SGJ_20201006T103205,2019-05-05,2B,10SGJ,0.8,7493,0.0,0.997,0.0,0.002,0.0117,0.0158,0.0142,0.0077,0.008,0.0074,0.004,0.09,149.8,6.0,#89a78c,0.039
S2A_MSIL2A_20190507T183921_R070_T10SGJ_20201006T110900,2019-05-07,2A,10SGJ,24.0,7493,0.0,0.967,0.0,0.033,0.0335,0.0345,0.0414,0.0398,0.0455,0.0539,0.0316,0.208,36.52,17.0,#c09b3d,0.2579
S2A_MSIL2A_20190510T184921_R113_T11SKD_20201006T122322,2019-05-10,2A,11SKD,1.0,7510,0.0,0.965,0.0,0.012,0.0585,0.0535,0.0575,0.0547,0.0567,0.0514,0.0509,0.085,,,#b39a99,0.2083
S2B_MSIL2A_20190512T183929_R070_T10SGJ_20201006T132644,2019-05-12,2B,10SGJ,18.4,7493,0.0,0.902,0.0,0.068,0.0134,0.015,0.0121,0.0053,0.0047,0.0023,0.0044,0.115,185.16,5.0,#70aaa5,-0.5
S2A_MSIL2A_20190517T183921_R070_T10SGJ_20201006T151749,2019-05-17,2A,10SGJ,45.8,7493,0.0,0.86,0.0,0.137,0.0372,0.0331,0.0343,0.0284,0.0304,0.03165,0.0248,0.149,202.89,4.0,#97a2a6,0.2174
S2A_MSIL2A_20190520T184921_R113_T11SKD_20201006T163052,2019-05-20,2A,11SKD,25.6,7510,0.0,0.462,0.0,0.527,,,,,,,,,,,,
S2B_MSIL2A_20190525T184929_R113_T10SGJ_20201006T182346,2019-05-25,2B,10SGJ,62.0,7493,0.0,0.0,0.389,0.611,,,,,,,,,,,,
S2A_MSIL2A_20190530T184921_R113_T10SGJ_20201006T201014,2019-05-30,2A,10SGJ,60.4,7493,0.0,0.223,0.0,0.772,,,,,,,,,,,,
S2B_MSIL2A_20190601T183929_R070_T11SKD_20201005T205817,2019-06-01,2B,11SKD,13.2,7510,0.0,0.913,0.0,0.074,0.0141,0.0174,0.0136,0.0062,0.0055,0.0006,0.008,0.153,181.29,5.0,#58aea4,0.0
S2B_MSIL2A_20190604T184929_R113_T10SGJ_20201005T221129,2019-06-04,2B,10SGJ,11.1,7493,0.0,0.777,0.0,0.184,0.0204,0.021,0.0186,0.0103,0.0104,0.0083,0.0078,0.072,185.34,5.0,#7fa8a3,0.0196
S2A_MSIL2A_20190606T183921_R070_T10SGJ_20201005T224849,2019-06-06,2A,10SGJ,11.7,7493,0.0,0.983,0.0,0.017,0.0133,0.0127,0.0134,0.0076,0.0071,0.0047,0.01,0.094,171.73,5.0,#83a89a,0.0
S2A_MSIL2A_20190609T184921_R113_T10SGJ_20201006T000218,2019-06-09,2A,10SGJ,4.4,7493,0.0,0.932,0.0,0.035,0.0996,0.088,0.0916,0.0909,0.0947,0.0844,0.085,0.085,,,#be90c4,0.2436
S2B_MSIL2A_20190611T183929_R070_T10SGJ_20201006T010425,2019-06-11,2B,10SGJ,0.8,7493,0.0,0.998,0.0,0.002,0.0059,0.0085,0.0064,0.0009,0.0001,0.0001,0.0032,0.102,171.14,5.0,#59af99,0.0
S2B_MSIL2A_20190614T184929_R113_T10SGJ_20201006T021806,2019-06-14,2B,10SGJ,9.9,7493,0.0,0.969,0.0,0.007,0.0319,0.0301,0.02785,0.01715,0.017,0.0119,0.009,0.081,189.59,5.0,#8fa4a2,-0.0093
S2A_MSIL2A_20190616T183921_R070_T10SGJ_20201006T025512,2019-06-16,2A,10SGJ,9.1,7493,0.0,0.996,0.0,0.004,0.0093,0.0084,0.0083,0.0026,0.0024,0.0001,0.004,0.145,190.67,5.0,#79a8a9,0.0
S2A_MSIL2A_20190619T184921_R113_T10SGJ_20201106T010740,2019-06-19,2A,10SGJ,1.8,7493,0.0,0.965,0.0,0.003,0.1041,0.0966,0.1003,0.1,0.1043,0.0905,0.0955,0.085,,,#c88eb3,0.3233
S2B_MSIL2A_20190621T183929_R070_T11SKD_20201006T051040,2019-06-21,2B,11SKD,1.2,7510,0.0,0.974,0.0,0.005,0.0079,0.0135,0.0123,0.0075,0.0065,0.003,0.01,0.132,129.59,7.0,#5db266,0.0
S2B_MSIL2A_20190624T184929_R113_T10SGJ_20201006T055906,2019-06-24,2B,10SGJ,2.9,7493,0.0,0.966,0.0,0.001,0.1078,0.1069,0.11,0.108,0.1124,0.1035,0.1011,0.107,46.22,15.0,#b19d81,0.2418
S2A_MSIL2A_20190626T183921_R070_T10SGJ_20201006T063648,2019-06-26,2A,10SGJ,1.2,7493,0.0,0.949,0.0,0.014,0.0174,0.0199,0.0218,0.0172,0.0168,0.012,0.021,0.128,,,,
S2A_MSIL2A_20190629T184921_R113_T10SGJ_20201006T075112,2019-06-29,2A,10SGJ,54.5,7493,0.0,0.964,0.0,0.008,0.0808,0.0828,0.08605,0.0831,0.0876,0.0942,0.072,0.216,57.09,13.0,#ad9f7a,0.1685
S2B_MSIL2A_20190701T183929_R070_T10SGJ_20201005T075934,2019-07-01,2B,10SGJ,1.3,7493,0.0,0.995,0.0,0.005,0.0031,0.0089,0.008,0.0044,0.0036,0.0001,0.0087,0.137,,,,
S2B_MSIL2A_20190704T184929_R113_T10SGJ_20201005T092335,2019-07-04,2B,10SGJ,1.4,7493,0.0,0.962,0.0,0.006,0.1013,0.0972,0.1012,0.1015,0.1058,0.0926,0.0955,0.098,,,#c89389,0.2638
S2A_MSIL2A_20190706T183921_R070_T10SGJ_20201005T100704,2019-07-06,2A,10SGJ,0.8,7493,0.0,0.988,0.0,0.011,0.007,0.0081,0.0089,0.0053,0.0046,0.0001,0.0104,0.17,,,,
S2A_MSIL2A_20190709T184921_R113_T10SGJ_20201005T113216,2019-07-09,2A,10SGJ,1.6,7493,0.0,0.965,0.0,0.003,0.0976,0.0899,0.0948,0.0936,0.097,0.0836,0.09,0.115,,,,
S2B_MSIL2A_20190711T183929_R070_T10SGJ_20201005T124257,2019-07-11,2B,10SGJ,0.8,7493,0.0,0.992,0.0,0.008,0.00435,0.0105,0.0096,0.0058,0.0053,0.0001,0.0103,0.145,,,,
S2B_MSIL2A_20190714T184929_R113_T10SGJ_20201005T141005,2019-07-14,2B,10SGJ,0.6,7493,0.0,0.967,0.0,0.0,0.0793,0.0816,0.0836,0.0808,0.0837,0.0751,0.0742,0.081,65.93,12.0,#a8a175,0.1801
S2A_MSIL2A_20190716T183921_R070_T10SGJ_20201005T145512,2019-07-16,2A,10SGJ,38.2,7493,0.0,0.967,0.0,0.0,0.0367,0.0408,0.0453,0.041,0.0492,0.0768,0.0718,0.17,,,,
S2A_MSIL2A_20190719T184921_R113_T10SGJ_20201005T162510,2019-07-19,2A,10SGJ,0.7,7493,0.0,0.967,0.0,0.0,0.0829,0.0766,0.0804,0.0798,0.0829,0.0694,0.0771,0.111,,,,
S2B_MSIL2A_20190721T183929_R070_T11SKD_20201005T174511,2019-07-21,2B,11SKD,1.8,7510,0.0,0.999,0.0,0.001,0.0001,0.0027,0.0013,0.0001,0.0001,0.0001,0.004,0.204,,,,
S2B_MSIL2A_20190724T184929_R113_T10SGJ_20201005T191301,2019-07-24,2B,10SGJ,1.4,7493,0.0,0.97,0.0,0.0,0.0626,0.0634,0.0665,0.0634,0.0665,0.0561,0.0594,0.098,58.98,13.0,#aba06a,0.2793
S2A_MSIL2A_20190726T183921_R070_T10SGJ_20201109T145236,2019-07-26,2A,10SGJ,37.5,7493,0.0,0.761,0.0,0.197,0.0378,0.0372,0.0355,0.0278,0.0312,0.0293,0.0283,0.233,193.5,4.0,#6faaad,0.9333
S2A_MSIL2A_20190729T184921_R113_T11SKD_20201106T050510,2019-07-29,2A,11SKD,0.9,7510,0.0,0.965,0.0,0.0,0.0583,0.0543,0.0574,0.056,0.058,0.0485,0.0553,0.115,,,,
S2B_MSIL2A_20190731T183929_R070_T11SKD_20201005T203319,2019-07-31,2B,11SKD,0.2,7510,0.0,0.999,0.0,0.001,0.0028,0.0077,0.0063,0.0022,0.0021,0.0001,0.006,0.156,170.23,5.0,#00ba97,0.0
S2B_MSIL2A_20190803T184929_R113_T10SGJ_20201004T200821,2019-08-03,2B,10SGJ,2.2,7493,0.0,0.969,0.0,0.0,0.0341,0.0342,0.0353,0.0335,0.0355,0.0289,0.0322,0.102,84.48,9.0,#a1a27b,0.4348
S2A_MSIL2A_20190805T183921_R070_T11SKD_20201004T204357,2019-08-05,2A,11SKD,6.8,7510,0.0,0.99,0.0,0.0,0.0001,0.0001,0.001,0.0001,0.0012,0.0001,0.0115,0.212,,,,
S2A_MSIL2A_20190808T184921_R113_T10SGJ_20201004T215439,2019-08-08,2A,10SGJ,16.7,7493,0.0,0.975,0.0,0.0,0.0454,0.0437,0.0454,0.0426,0.0449,0.0373,0.0419,0.128,163.21,5.0,#9ca297,0.6216
S2B_MSIL2A_20190810T183929_R070_T11SKD_20201004T225325,2019-08-10,2B,11SKD,40.0,7510,0.0,0.329,0.0,0.636,,,,,,,,,,,,
S2B_MSIL2A_20190813T184929_R113_T11SKD_20201005T000443,2019-08-13,2B,11SKD,0.2,7510,0.0,0.992,0.0,0.0,0.0136,0.0159,0.016,0.0124,0.01375,0.0105,0.0134,0.102,109.06,7.0,#79ae57,0.5556
S2A_MSIL2A_20190815T183931_R070_T10SGJ_20201005T004053,2019-08-15,2A,10SGJ,0.4,7493,0.0,1.0,0.0,0.0,0.0001,0.0001,0.0001,0.0001,0.0001,0.0001,0.0018,0.153,,,,
S2A_MSIL2A_20190818T184921_R113_T10SGJ_20201005T015233,2019-08-18,2A,10SGJ,0.3,7493,0.0,0.97,0.0,0.0,0.0259,0.025,0.0275,0.026,0.0276,0.0215,0.0282,0.111,,,,
S2B_MSIL2A_20190820T183929_R070_T10SGJ_20201005T025246,2019-08-20,2B,10SGJ,0.2,7493,0.0,0.999,0.0,0.0,0.0001,0.0013,0.0006,0.0001,0.0001,0.0001,0.0024,0.154,,,,
S2B_MSIL2A_20190823T184919_R113_T10SGJ_20201005T040434,2019-08-23,2B,10SGJ,0.2,7493,0.0,1.0,0.0,0.0,0.0001,0.0034,0.0027,0.0001,0.0002,0.0001,0.0013,0.119,129.13,7.0,#61b167,0.0
S2A_MSIL2A_20190825T183921_R070_T10SGJ_20201005T044143,2019-08-25,2A,10SGJ,0.5,7493,0.0,1.0,0.0,0.0,0.0001,0.0001,0.0001,0.0001,0.0001,0.0001,0.0032,0.145,,,,
S2A_MSIL2A_20190828T184921_R113_T10SGJ_20201005T055728,2019-08-28,2A,10SGJ,1.8,7493,0.0,0.996,0.0,0.0,0.0126,0.0136,0.0148,0.0119,0.0138,0.0081,0.0138,0.153,,,,
S2B_MSIL2A_20190830T183919_R070_T10SGJ_20201005T070420,2019-08-30,2B,10SGJ,0.1,7493,0.0,1.0,0.0,0.0,0.0001,0.0006,0.0001,0.0001,0.0001,0.0001,0.0018,0.137,,,,
S2B_MSIL2A_20190902T184919_R113_T10SGJ_20201004T083552,2019-09-02,2B,10SGJ,0.4,7493,0.0,0.999,0.0,0.0,0.012,0.0174,0.0175,0.0143,0.0157,0.0123,0.0148,0.111,107.11,8.0,#79ae53,0.8
S2A_MSIL2A_20190904T183921_R070_T11SKD_20201004T091130,2019-09-04,2A,11SKD,36.9,7510,0.0,0.405,0.0,0.482,,,,,,,,,,,,
S2B_MSIL2A_20190909T183919_R070_T10SGJ_20201004T111821,2019-09-09,2B,10SGJ,2.7,7493,0.0,0.998,0.0,0.0,0.0001,0.0002,0.0001,0.0001,0.0001,0.0001,0.0008,0.166,,,,
S2B_MSIL2A_20190912T184949_R113_T11SKD_20201004T122824,2019-09-12,2B,11SKD,0.2,7510,0.0,1.0,0.0,0.0,0.0001,0.0014,0.0009,0.0001,0.0001,0.0001,0.0006,0.107,157.1,6.0,#46b286,0.0
S2A_MSIL2A_20190914T184001_R070_T10SGJ_20201004T130342,2019-09-14,2A,10SGJ,0.2,7493,0.0,1.0,0.0,0.0,0.0001,0.0001,0.0001,0.0001,0.0001,0.0001,0.0019,0.137,,,,
S2A_MSIL2A_20190917T185021_R113_T10SGJ_20201004T141028,2019-09-17,2A,10SGJ,1.0,7493,0.0,1.0,0.0,0.0,0.0001,0.0002,0.0014,0.0001,0.0001,0.0001,0.0018,0.094,,,,
S2B_MSIL2A_20190922T185059_R113_T10SGJ_20201004T161557,2019-09-22,2B,10SGJ,65.0,7493,0.0,0.0,0.0,1.0,,,,,,,,,,,,
S2A_MSIL2A_20190924T184111_R070_T10SGJ_20201004T163648,2019-09-24,2A,10SGJ,0.5,7493,0.0,1.0,0.0,0.0,0.0001,0.0001,0.0001,0.0001,0.0001,0.0001,0.001,0.118,,,,
S2A_MSIL2A_20190927T185131_R113_T10SGJ_20201004T174128,2019-09-27,2A,10SGJ,1.2,7493,0.0,0.998,0.0,0.001,0.0001,0.0033,0.0053,0.0028,0.0042,0.002,0.0058,0.09,,,,
S2B_MSIL2A_20190929T184139_R070_T11SKD_20201004T183647,2019-09-29,2B,11SKD,42.5,7510,0.0,0.357,0.0,0.638,,,,,,,,,,,,
S2B_MSIL2A_20191002T185209_R113_T11SKD_20201003T215550,2019-10-02,2B,11SKD,1.2,7510,0.0,0.998,0.0,0.0,0.0001,0.0001,0.0001,0.0001,0.0001,0.0001,0.0001,0.098,,,,
S2A_MSIL2A_20191004T184221_R070_T10SGJ_20201003T222908,2019-10-04,2A,10SGJ,1.0,7493,0.0,0.997,0.0,0.0,0.0001,0.0001,0.0001,0.0001,0.0001,0.0001,0.0011,0.134,,,,
S2A_MSIL2A_20191007T185251_R113_T11SKD_20201003T233653,2019-10-07,2A,11SKD,28.5,7510,0.0,0.991,0.0,0.001,0.0109,0.0082,0.0108,0.0085,0.0108,0.0109,0.0124,0.111,,,,
S2B_MSIL2A_20191009T184259_R070_T10SGJ_20201004T003223,2019-10-09,2B,10SGJ,2.0,7493,0.0,0.995,0.0,0.0,0.0001,0.0001,0.0001,0.0001,0.0001,0.0001,0.0014,0.139,,,,
S2B_MSIL2A_20191012T185319_R113_T10SGJ_20201004T013906,2019-10-12,2B,10SGJ,0.3,7493,0.0,0.995,0.0,0.0,0.0001,0.0074,0.0062,0.0022,0.0029,0.0001,0.0008,0.17,106.29,8.0,#7ead58,0.2
S2A_MSIL2A_20191014T184331_R070_T10SGJ_20201004T021235,2019-10-14,2A,10SGJ,0.3,7493,0.0,0.993,0.0,0.001,0.0001,0.0001,0.0001,0.0001,0.0001,0.0001,0.0016,0.153,,,,
S2A_MSIL2A_20191017T185401_R113_T11SKD_20201004T031806,2019-10-17,2A,11SKD,6.8,7510,0.0,0.687,0.0,0.298,0.0175,0.0134,0.0165,0.0142,0.0168,0.0188,0.0215,0.072,,,,
S2B_MSIL2A_20191022T185429_R113_T10SGJ_20201004T051310,2019-10-22,2B,10SGJ,8.6,7493,0.0,0.994,0.0,0.0,0.0001,0.002,0.002,0.0001,0.0006,0.0001,0.0012,0.072,108.39,8.0,#7ead5d,0.0
S2A_MSIL2A_20191024T184441_R070_T10SGJ_20201004T054452,2019-10-24,2A,10SGJ,24.6,7493,0.0,0.967,0.0,0.003,0.0081,0.0098,0.0141,0.0128,0.0173,0.0232,0.0243,0.146,,,,
S2A_MSIL2A_20191027T185501_R113_T10SGJ_20201004T064203,2019-10-27,2A,10SGJ,11.6,7493,0.0,0.992,0.0,0.001,0.0016,0.0064,0.0083,0.006,0.0077,0.0081,0.0056,0.094,66.09,12.0,#a1a61a,0.68
S2B_MSIL2A_20191029T184509_R070_T10SGJ_20201004T073024,2019-10-29,2B,10SGJ,10.6,7493,0.0,0.993,0.0,0.001,0.0001,0.0002,0.0001,0.0001,0.0001,0.0001,0.0013,0.094,,,,
S2B_MSIL2A_20191101T185529_R113_T10SGJ_20201003T120643,2019-11-01,2B,10SGJ,0.2,7493,0.0,0.993,0.0,0.001,0.0001,0.0001,0.0003,0.0001,0.0001,0.0001,0.0009,0.063,,,,
S2A_MSIL2A_20191103T184541_R070_T10SGJ_20201003T123915,2019-11-03,2A,10SGJ,0.2,7493,0.0,0.993,0.0,0.001,0.0001,0.0001,0.0002,0.0001,0.0001,0.0001,0.0016,0.081,,,,
S2A_MSIL2A_20191106T185601_R113_T11SKD_20201003T134228,2019-11-06,2A,11SKD,1.2,7510,0.0,0.986,0.0,0.001,0.0119,0.0174,0.0204,0.0188,0.0224,0.029,0.0243,0.077,,,,
S2B_MSIL2A_20191108T184559_R070_T10SGJ_20201003T143608,2019-11-08,2B,10SGJ,0.2,7493,0.0,0.994,0.0,0.0,0.0001,0.0006,0.0004,0.0001,0.0001,0.0001,0.0011,0.068,,,,
S2B_MSIL2A_20191111T185619_R113_T11SKD_20201003T153528,2019-11-11,2B,11SKD,6.3,7510,0.0,0.972,0.0,0.005,0.0188,0.0291,0.0295,0.0271,0.0318,0.0383,0.0264,0.081,90.09,9.0,#8caa4c,0.7705
S2A_MSIL2A_20191113T184631_R070_T11SKD_20201003T160548,2019-11-13,2A,11SKD,30.7,7510,0.0,0.992,0.0,0.002,0.0065,0.0085,0.0115,0.0096,0.0128,0.0148,0.0129,0.081,,,,
S2A_MSIL2A_20191116T185651_R113_T10SGJ_20201003T170359,2019-11-16,2A,10SGJ,0.3,7493,0.0,0.993,0.0,0.001,0.0001,0.0001,0.0001,0.0001,0.0001,0.0001,0.0011,0.063,,,,
S2B_MSIL2A_20191118T184649_R070_T10SGJ_20201003T175203,2019-11-18,2B,10SGJ,0.2,7493,0.0,0.993,0.0,0.0,0.0001,0.0001,0.0001,0.0001,0.0001,0.0001,0.0009,0.063,,,,
S2B_MSIL2A_20191121T185659_R113_T10SGJ_20201003T184647,2019-11-21,2B,10SGJ,29.0,7493,0.0,0.993,0.0,0.002,0.0001,0.0065,0.0054,0.0018,0.0033,0.0019,0.0011,0.068,112.87,7.0,#75ae5b,0.5172
S2A_MSIL2A_20191123T184711_R070_T10SGJ_20201003T191353,2019-11-23,2A,10SGJ,6.3,7493,0.0,0.993,0.0,0.002,0.0001,0.0003,0.0021,0.0001,0.0012,0.0001,0.0018,0.068,,,,
S2B_MSIL2A_20191128T184719_R070_T10SGJ_20201003T203710,2019-11-28,2B,10SGJ,61.2,7493,0.0,0.023,0.148,0.829,,,,,,,,,,,,
S2A_MSIL2A_20200302T184251_R070_T10SGJ_20200926T002740,2020-03-02,2A,10SGJ,9.3,7493,0.001,0.988,0.011,0.0,0.0001,0.0001,0.0001,0.0001,0.0001,0.0001,0.0009,0.081,,,,
S2A_MSIL2A_20200305T185241_R113_T10SGJ_20200928T162145,2020-03-05,2A,10SGJ,8.3,7493,0.0,0.994,0.003,0.001,0.0026,0.0065,0.0076,0.0036,0.0046,0.004,0.0037,0.085,95.17,8.0,#84ad44,0.8
S2B_MSIL2A_20200307T184219_R070_T10SGJ_20201003T085143,2020-03-07,2B,10SGJ,63.1,7493,0.0,0.085,0.761,0.154,,,,,,,,,,,,
S2B_MSIL2A_20200310T185109_R113_T10SGJ_20201005T030133,2020-03-10,2B,10SGJ,1.6,7493,0.0,0.994,0.002,0.002,0.0026,0.0091,0.0076,0.0026,0.0033,0.0021,0.0013,0.068,119.54,7.0,#7aad6a,0.2121
S2A_MSIL2A_20200312T184141_R070_T10SGJ_20201006T102357,2020-03-12,2A,10SGJ,0.7,7493,0.0,0.993,0.001,0.001,0.0027,0.002,0.0034,0.0001,0.0001,0.0001,0.0018,0.077,70.46,11.0,#a5a270,0.0
S2A_MSIL2A_20200315T185121_R113_T11SKD_20201020T022933,2020-03-15,2A,11SKD,58.6,7510,0.0,0.0,0.016,0.984,,,,,,,,,,,,
S2B_MSIL2A_20200317T184009_R070_T11SKD_20201010T105251,2020-03-17,2B,11SKD,64.8,7510,0.0,0.0,0.0,1.0,,,,,,,,,,,,
S2B_MSIL2A_20200320T184959_R113_T10SGJ_20201013T045149,2020-03-20,2B,10SGJ,13.0,7493,0.0,0.985,0.015,0.0,0.0001,0.0001,0.0001,0.0001,0.0001,0.0001,0.0001,0.149,,,,
S2A_MSIL2A_20200322T184031_R070_T10SGJ_20201014T112045,2020-03-22,2A,10SGJ,7.7,7493,0.0,0.99,0.01,0.0,0.0001,0.0001,0.0001,0.0001,0.0001,0.0001,0.0001,0.149,,,,
S2A_MSIL2A_20200325T185011_R113_T10SGJ_20201019T111448,2020-03-25,2A,10SGJ,49.8,7493,0.0,0.693,0.009,0.298,0.0076,0.0071,0.0093,0.0059,0.0062,0.00585,0.0101,0.12,,,,
S2B_MSIL2A_20200327T183929_R070_T11SKD_20201027T115821,2020-03-27,2B,11SKD,10.2,7510,0.0,0.992,0.007,0.0,0.0023,0.0054,0.0045,0.0005,0.0001,0.0005,0.0016,0.094,133.43,6.0,#68b071,0.0
S2A_MSIL2A_20200401T183921_R070_T11SKD_20200924T134814,2020-04-01,2A,11SKD,6.7,7510,0.0,0.995,0.005,0.0,0.0077,0.0061,0.0082,0.0038,0.0041,0.0042,0.0048,0.09,142.86,6.0,#97a48e,0.0
S2B_MSIL2A_20200406T183919_R070_T10SGJ_20200925T074357,2020-04-06,2B,10SGJ,66.9,7493,0.0,0.994,0.006,0.0,0.0009,0.0045,0.0027,0.0001,0.0001,0.0001,0.0018,0.107,156.78,6.0,#00b781,0.0
S2B_MSIL2A_20200409T184919_R113_T10SGJ_20200925T173100,2020-04-09,2B,10SGJ,57.2,7493,0.0,0.995,0.001,0.003,0.0167,0.0193,0.0173,0.0116,0.0112,0.0094,0.009,0.107,168.06,5.0,#83a897,-0.0833
S2A_MSIL2A_20200411T183921_R070_T11SKD_20200923T021143,2020-04-11,2A,11SKD,2.3,7510,0.0,0.998,0.001,0.001,0.014,0.0115,0.0116,0.0057,0.0069,0.0062,0.0037,0.09,197.65,4.0,#8ba4a8,0.2308
S2A_MSIL2A_20200414T184921_R113_T10SGJ_20200923T114751,2020-04-14,2A,10SGJ,2.2,7493,0.0,1.0,0.0,0.0,0.0074,0.0073,0.0095,0.005,0.0055,0.0039,0.0068,0.085,69.85,11.0,#9fa643,0.0
S2B_MSIL2A_20200416T183919_R070_T11SKD_20200923T200051,2020-04-16,2B,11SKD,8.2,7510,0.0,0.911,0.002,0.083,0.0087,0.0105,0.0082,0.0021,0.0011,0.0002,0.0024,0.102,181.34,5.0,#66aca3,0.0
S2B_MSIL2A_20200419T184909_R113_T10SGJ_20200924T055114,2020-04-19,2B,10SGJ,49.6,7493,0.0,0.963,0.001,0.031,0.0428,0.0418,0.0384,0.0318,0.0331,0.0309,0.024,0.094,196.39,4.0,#91a3a5,0.0769
S2A_MSIL2A_20200421T183921_R070_T11SKD_20200921T123218,2020-04-21,2A,11SKD,11.8,7510,0.0,0.924,0.0,0.073,0.0137,0.0108,0.0099,0.0029,0.0031,0.001,0.0043,0.107,209.76,4.0,#74a7bc,0.0
S2A_MSIL2A_20200424T184921_R113_T11SKD_20200921T220920,2020-04-24,2A,11SKD,2.2,7510,0.0,0.648,0.0,0.341,0.0149,0.0139,0.0159,0.0096,0.0106,0.0085,0.0108,0.081,151.1,6.0,#8ba78e,0.0
S2B_MSIL2A_20200426T183919_R070_T10SGJ_20200922T060751,2020-04-26,2B,10SGJ,0.7,7493,0.0,0.999,0.0,0.001,0.0033,0.007,0.0052,0.0006,0.0002,0.0001,0.0029,0.111,143.04,6.0,#50b275,0.0
S2A_MSIL2A_20200501T183921_R070_T10SGJ_20200920T014027,2020-05-01,2A,10SGJ,1.9,7493,0.0,0.999,0.0,0.001,0.0073,0.0066,0.007,0.0017,0.0021,0.0001,0.0042,0.124,182.93,5.0,#81a7a2,0.0
S2A_MSIL2A_20200504T184921_R113_T11SKD_20200920T113247,2020-05-04,2A,11SKD,1.4,7510,0.0,0.989,0.0,0.0,0.0311,0.0271,0.0289,0.0249,0.0262,0.0219,0.0243,0.094,217.33,3.0,#94a1b2,0.52
S2B_MSIL2A_20200506T183919_R070_T11SKD_20200920T194347,2020-05-06,2B,11SKD,5.2,7510,0.0,1.0,0.0,0.0,0.004,0.0084,0.0066,0.0015,0.0013,0.0001,0.0037,0.128,135.85,6.0,#58b26d,0.0
S2B_MSIL2A_20200509T184919_R113_T11SKD_20200921T053010,2020-05-09,2B,11SKD,2.0,7510,0.0,0.97,0.0,0.006,0.023,0.0245,0.0255,0.0207,0.0231,0.0228,0.0217,0.137,112.55,7.0,#84ab6c,0.8667
S2A_MSIL2A_20200511T183921_R070_T10SGJ_20200917T184925,2020-05-11,2A,10SGJ,1.2,7493,0.0,0.986,0.0,0.013,0.0117,0.0121,0.0133,0.0087,0.0088,0.0057,0.0115,0.132,75.28,10.0,#99a838,0.0
S2B_MSIL2A_20200516T183919_R070_T10SGJ_20200909T225429,2020-05-16,2B,10SGJ,39.9,7493,0.0,0.97,0.0,0.016,0.011,0.0184,0.0196,0.0168,0.0195,0.0214,0.028,0.216,,,,
S2A_MSIL2A_20200521T183921_R070_T10SGJ_20200910T105643,2020-05-21,2A,10SGJ,0.8,7493,0.0,0.99,0.0,0.01,0.0135,0.0137,0.0154,0.0105,0.0107,0.0071,0.0132,0.141,70.37,11.0,#9ea734,0.0
S2A_MSIL2A_20200524T184921_R113_T11SKD_20200910T192835,2020-05-24,2A,11SKD,23.0,7510,0.0,0.109,0.0,0.891,,,,,,,,,,,,
S2B_MSIL2A_20200526T183919_R070_T10SGJ_20200911T023431,2020-05-26,2B,10SGJ,14.9,7493,0.0,0.967,0.0,0.001,0.0227,0.0269,0.0281,0.0243,0.0278,0.0318,0.0334,0.141,,,,
S2A_MSIL2A_20200531T183921_R070_T11SKD_20200911T151836,2020-05-31,2A,11SKD,3.8,7510,0.0,0.999,0.0,0.001,0.0001,0.0001,0.0001,0.0001,0.0001,0.0001,0.0018,0.216,,,,
S2A_MSIL2A_20200603T184921_R113_T10SGJ_20200826T000129,2020-06-03,2A,10SGJ,1.3,7493,0.0,0.962,0.0,0.007,0.0988,0.0907,0.0956,0.0954,0.0991,0.0861,0.092,0.107,,,,
S2B_MSIL2A_20200605T183919_R070_T10SGJ_20200826T073448,2020-06-05,2B,10SGJ,6.9,7493,0.0,0.998,0.0,0.001,0.0088,0.0149,0.0142,0.0097,0.0094,0.0064,0.0121,0.124,123.1,7.0,#67b061,0.0
S2B_MSIL2A_20200608T184919_R113_T10SGJ_20200826T161925,2020-06-08,2B,10SGJ,1.3,7493,0.0,0.841,0.0,0.121,0.1058,0.0976,0.1029,0.1025,0.1053,0.0929,0.0953,0.102,,,#c5929f,0.1628
S2A_MSIL2A_20200610T183921_R070_T11SKD_20200826T205255,2020-06-10,2A,11SKD,11.5,7510,0.0,0.789,0.0,0.136,0.0079,0.0087,0.0082,0.0029,0.0028,0.0001,0.0132,0.212,,,,
S2A_MSIL2A_20200613T184921_R113_T10SGJ_20200918T171830,2020-06-13,2A,10SGJ,65.7,7493,0.0,0.565,0.0,0.424,0.1226,0.1139,0.1163,0.11,0.1101,0.0888,0.102,0.274,222.24,2.0,#a19eaa,0.0062
S2B_MSIL2A_20200618T184919_R113_T10SGJ_20200823T061809,2020-06-18,2B,10SGJ,0.9,7493,0.0,0.906,0.0,0.065,0.10245,0.094,0.09885,0.0984,0.1027,0.0903,0.093,0.081,,,#ca8fab,0.2848
S2A_MSIL2A_20200620T183921_R070_T10SGJ_20200823T103638,2020-06-20,2A,10SGJ,45.4,7493,0.0,0.858,0.0,0.12,0.0381,0.0354,0.0412,0.0405,0.0476,0.0555,0.0523,0.291,,,,
S2A_MSIL2A_20200623T184921_R113_T10SGJ_20200823T193940,2020-06-23,2A,10SGJ,1.8,7493,0.0,0.971,0.0,0.002,0.1072,0.0998,0.1053,0.10485,0.1098,0.0919,0.1003,0.132,,,,
S2B_MSIL2A_20200625T183919_R070_T10SGJ_20200824T031420,2020-06-25,2B,10SGJ,6.0,7493,0.0,0.999,0.0,0.001,0.0011,0.0066,0.0044,0.0001,0.0001,0.0001,0.0022,0.172,142.07,6.0,#43b470,0.0
S2B_MSIL2A_20200628T184919_R113_T11SKD_20200824T121911,2020-06-28,2B,11SKD,8.2,7510,0.0,0.964,0.0,0.009,0.0727,0.0762,0.0763,0.0706,0.0724,0.0648,0.0641,0.09,117.64,7.0,#99a485,0.1216
S2A_MSIL2A_20200630T183921_R070_T10SGJ_20200824T165501,2020-06-30,2A,10SGJ,0.5,7493,0.0,0.988,0.0,0.011,0.0124,0.0148,0.0164,0.0109,0.0105,0.0045,0.0153,0.153,,,,
S2A_MSIL2A_20200703T184921_R113_T10SGJ_20200825T014245,2020-07-03,2A,10SGJ,0.8,7493,0.0,0.967,0.0,0.0,0.1001,0.0959,0.0996,0.0975,0.1004,0.0899,0.0927,0.107,,,#b59a93,0.232
S2B_MSIL2A_20200705T183919_R070_T10SGJ_20200825T090149,2020-07-05,2B,10SGJ,0.2,7493,0.0,0.993,0.0,0.007,0.004,0.0105,0.0096,0.0045,0.0034,0.0001,0.009,0.129,152.3,6.0,#37b47e,0.0
S2B_MSIL2A_20200708T184919_R113_T10SGJ_20200912T124318,2020-07-08,2B,10SGJ,0.6,7493,0.0,0.967,0.0,0.0,0.0913,0.0922,0.0943,0.0912,0.0944,0.0859,0.0845,0.085,71.62,11.0,#a8a080,0.1928
S2A_MSIL2A_20200710T183921_R070_T10SGJ_20200918T171833,2020-07-10,2A,10SGJ,14.2,7493,0.0,1.0,0.0,0.0,0.0001,0.0001,0.0001,0.0001,0.0001,0.0001,0.0015,0.158,,,,
S2A_MSIL2A_20200713T184921_R113_T10SGJ_20200913T010531,2020-07-13,2A,10SGJ,0.6,7493,0.0,0.967,0.0,0.0,0.0906,0.0864,0.0899,0.087,0.0899,0.0788,0.0834,0.098,,,#b09b97,0.2871
S2B_MSIL2A_20200715T183919_R070_T10SGJ_20200912T054055,2020-07-15,2B,10SGJ,0.5,7493,0.0,0.999,0.0,0.0,0.0001,0.0039,0.0024,0.0001,0.0001,0.0001,0.0017,0.169,158.4,6.0,#00b784,0.0
S2B_MSIL2A_20200718T184919_R113_T10SGJ_20200816T163019,2020-07-18,2B,10SGJ,0.9,7493,0.0,0.968,0.0,0.0,0.04415,0.0427,0.0455,0.0403,0.0425,0.0329,0.0388,0.124,127.35,7.0,#99a38a,0.4231
S2A_MSIL2A_20200720T183921_R070_T10SGJ_20200816T204244,2020-07-20,2A,10SGJ,0.8,7493,0.0,0.991,0.0,0.0,0.0471,0.042,0.0381,0.0238,0.025,0.0115,0.005,0.32,195.72,4.0,#97a2a3,0.0309
S2A_MSIL2A_20200723T184921_R113_T10SGJ_20200817T060412,2020-07-23,2A,10SGJ,3.8,7493,0.0,0.973,0.0,0.021,0.0628,0.056,0.0587,0.0524,0.0549,0.0417,0.05,0.162,218.83,3.0,#99a0af,0.3425
S2B_MSIL2A_20200725T183919_R070_T10SGJ_20201024T201423,2020-07-25,2B,10SGJ,2.1,7493,0.0,1.0,0.0,0.0,0.0037,0.0094,0.0078,0.0005,0.0001,0.0001,0.0027,0.205,131.61,7.0,#66b06d,0.0
S2B_MSIL2A_20200728T184919_R113_T10SGJ_20200817T230006,2020-07-28,2B,10SGJ,0.9,7493,0.0,0.97,0.0,0.0,0.0483,0.0479,0.0496,0.0446,0.0469,0.0382,0.0418,0.115,136.64,6.0,#98a48d,0.2911
S2A_MSIL2A_20200730T183921_R070_T10SGJ_20200818T035754,2020-07-30,2A,10SGJ,0.2,7493,0.0,0.999,0.0,0.0,0.0072,0.0084,0.0092,0.0028,0.0029,0.0001,0.0078,0.153,78.69,10.0,#95a937,0.0
S2A_MSIL2A_20200802T184921_R113_T11SKD_20200815T211339,2020-08-02,2A,11SKD,0.2,7510,0.0,0.965,0.0,0.0,0.0564,0.0552,0.0588,0.0553,0.0576,0.0531,0.0562,0.183,,,,
S2B_MSIL2A_20200804T183919_R070_T10SGJ_20200816T044322,2020-08-04,2B,10SGJ,0.2,7493,0.0,1.0,0.0,0.0,0.0034,0.0094,0.008,0.0012,0.0007,0.0001,0.0043,0.14,124.64,7.0,#63b161,0.0
S2B_MSIL2A_20200807T184919_R113_T10SGJ_20200815T094955,2020-08-07,2B,10SGJ,0.4,7493,0.0,0.97,0.0,0.0,0.0314,0.0343,0.0353,0.0299,0.0317,0.0249,0.0283,0.125,111.84,7.0,#8da875,0.36
S2A_MSIL2A_20200809T183921_R070_T10SGJ_20200815T144424,2020-08-09,2A,10SGJ,0.9,7493,0.0,1.0,0.0,0.0,0.0001,0.0005,0.001,0.0001,0.0001,0.0001,0.0023,0.174,,,,
S2A_MSIL2A_20200812T184921_R113_T11SKD_20200814T202403,2020-08-12,2A,11SKD,0.2,7510,0.0,0.965,0.0,0.0,0.0397,0.039,0.0418,0.0374,0.0384,0.0329,0.0374,0.094,97.02,8.0,#96a673,0.8182
S2B_MSIL2A_20200814T183919_R070_T11SKD_20201025T153752,2020-08-14,2B,11SKD,9.4,7510,0.0,0.989,0.0,0.0,0.0104,0.0159,0.0131,0.0045,0.0039,0.00085,0.0099,0.179,144.6,6.0,#4ab376,0.0
S2B_MSIL2A_20200817T184919_R113_T11SKD_20200818T161424,2020-08-17,2B,11SKD,22.2,7510,0.0,0.991,0.0,0.0,0.0136,0.0195,0.0192,0.0135,0.0161,0.0087,0.0147,0.22,111.96,7.0,#72af55,0.8667
S2A_MSIL2A_20200819T183921_R070_T10SGJ_20200908T073157,2020-08-19,2A,10SGJ,49.5,7493,0.0,0.997,0.0,0.0,0.0671,0.0716,0.0724,0.0552,0.0593,0.042,0.0062,0.514,118.43,7.0,#a3a08f,0.0402
S2A_MSIL2A_20200822T184921_R113_T11SKD_20200908T080040,2020-08-22,2A,11SKD,0.6,7510,0.0,0.969,0.0,0.0,0.049,0.0486,0.0464,0.0377,0.0393,0.0309,0.0259,0.262,178.82,5.0,#97a29c,0.0635
S2B_MSIL2A_20200824T183919_R070_T10SGJ_20200918T171837,2020-08-24,2B,10SGJ,2.2,7493,0.0,0.831,0.0,0.143,0.0232,0.0277,0.0225,0.0129,0.0147,0.0081,0.0051,0.254,174.24,5.0,#89a69b,0.1034
S2B_MSIL2A_20200827T184919_R113_T11SKD_20200907T080951,2020-08-27,2B,11SKD,0.2,7510,0.0,1.0,0.0,0.0,0.0001,0.0043,0.0031,0.0001,0.0001,0.0001,0.0013,0.112,134.08,6.0,#57b26a,0.0
S2A_MSIL2A_20200829T183921_R070_T10SGJ_20200907T140913,2020-08-29,2A,10SGJ,3.8,7493,0.0,0.999,0.0,0.0,0.017,0.0153,0.0139,0.006,0.0072,0.0001,0.0032,0.241,194.24,4.0,#85a6a8,0.1765
S2A_MSIL2A_20200901T184921_R113_T10SGJ_20201026T005041,2020-09-01,2A,10SGJ,0.6,7493,0.0,1.0,0.0,0.0,0.0013,0.004,0.0052,0.0024,0.0029,0.0005,0.0067,0.115,,,,
S2B_MSIL2A_20200903T183919_R070_T10SGJ_20201027T151326,2020-09-03,2B,10SGJ,0.2,7493,0.0,1.0,0.0,0.0,0.001,0.0059,0.0034,0.0001,0.0001,0.0001,0.0006,0.241,144.26,6.0,#49b375,0.0
S2A_MSIL2A_20200908T183921_R070_T11SKD_20200911T201250,2020-09-08,2A,11SKD,0.2,7510,0.0,0.999,0.0,0.0,0.0001,0.0008,0.0027,0.0003,0.0006,0.0001,0.008,0.187,,,,
S2A_MSIL2A_20200911T184951_R113_T11SKD_20200913T063720,2020-09-11,2A,11SKD,0.3,7510,0.0,1.0,0.0,0.0,0.0038,0.0078,0.0081,0.0032,0.004,0.0001,0.003,0.267,111.82,7.0,#7aad5f,0.6667
S2B_MSIL2A_20200913T183929_R070_T11SKD_20200918T152802,2020-09-13,2B,11SKD,4.1,7510,0.0,0.999,0.0,0.0,0.1063,0.1042,0.091,0.0691,0.0703,0.0734,0.0174,0.12,188.16,5.0,#9ba19f,0.0115
S2B_MSIL2A_20200916T184939_R113_T10SGJ_20200918T122130,2020-09-16,2B,10SGJ,39.5,7493,0.0,0.999,0.0,0.0,0.1174,0.1212,0.1105,0.0897,0.0909,0.0883,0.0204,0.149,165.59,5.0,#9fa197,0.0086
S2A_MSIL2A_20200921T185101_R113_T11SKD_20200924T095458,2020-09-21,2A,11SKD,0.3,7510,0.0,1.0,0.0,0.0,0.0159,0.0194,0.0191,0.014,0.0156,0.0097,0.0061,0.249,117.32,7.0,#9ba388,0.092
S2B_MSIL2A_20200923T184019_R070_T10SGJ_20200926T092338,2020-09-23,2B,10SGJ,0.3,7493,0.0,1.0,0.0,0.0,0.0001,0.0001,0.0001,0.0001,0.0001,0.0001,0.0012,0.12,,,,
S2B_MSIL2A_20200926T185049_R113_T11SKD_20200927T191044,2020-09-26,2B,11SKD,16.1,7510,0.0,0.97,0.0,0.0,0.0193,0.026,0.024,0.0199,0.0228,0.0263,0.0191,0.111,119.73,7.0,#6faf61,0.6444
S2A_MSIL2A_20200928T184151_R070_T10SGJ_20200930T161211,2020-09-28,2A,10SGJ,0.2,7493,0.0,1.0,0.0,0.0,0.0001,0.0001,0.0001,0.0001,0.0001,0.0001,0.0015,0.111,,,,
S2A_MSIL2A_20201001T185221_R113_T11SKD_20201004T054215,2020-10-01,2A,11SKD,0.1,7510,0.0,1.0,0.0,0.0,0.0013,0.005,0.0053,0.0016,0.0019,0.0001,0.0023,0.119,104.27,8.0,#7bae4f,0.0
S2B_MSIL2A_20201003T184129_R070_T10SGJ_20201005T065703,2020-10-03,2B,10SGJ,0.2,7493,0.0,1.0,0.0,0.0,0.0001,0.0047,0.0028,0.0001,0.0009,0.0001,0.0001,0.303,134.74,6.0,#54b36a,0.7778
S2B_MSIL2A_20201006T185249_R113_T11SKD_20201010T054448,2020-10-06,2B,11SKD,0.1,7510,0.0,1.0,0.0,0.0,0.004,0.0119,0.0093,0.0047,0.0059,0.0028,0.0015,0.159,118.99,7.0,#84aa73,0.1579
S2A_MSIL2A_20201011T185321_R113_T10SGJ_20201013T192233,2020-10-11,2A,10SGJ,0.2,7493,0.0,1.0,0.0,0.0,0.0001,0.0001,0.0002,0.0001,0.0001,0.0001,0.0019,0.076,,,,
S2B_MSIL2A_20201013T184329_R070_T10SGJ_20201015T033207,2020-10-13,2B,10SGJ,15.7,7493,0.0,0.997,0.0,0.003,0.0003,0.0063,0.0051,0.0017,0.003,0.003,0.0072,0.107,,,,
S2B_MSIL2A_20201016T185359_R113_T11SKD_20201027T134057,2020-10-16,2B,11SKD,0.1,7510,0.0,1.0,0.0,0.0,0.0001,0.0001,0.0001,0.0001,0.0001,0.0001,0.0001,0.094,,,,
S2A_MSIL2A_20201018T184411_R070_T10SGJ_20201019T170554,2020-10-18,2A,10SGJ,0.1,7493,0.0,1.0,0.0,0.0,0.0001,0.0001,0.0001,0.0001,0.0001,0.0001,0.0009,0.094,,,,
S2A_MSIL2A_20201021T185431_R113_T10SGJ_20201022T234530,2020-10-21,2A,10SGJ,1.9,7493,0.0,1.0,0.0,0.0,0.0001,0.0001,0.0001,0.0001,0.0001,0.0001,0.0013,0.068,,,,
S2B_MSIL2A_20201023T184439_R070_T10SGJ_20201028T212256,2020-10-23,2B,10SGJ,0.4,7493,0.0,1.0,0.0,0.0,0.0001,0.0001,0.0001,0.0001,0.0001,0.0001,0.0012,0.094,,,,
S2B_MSIL2A_20201026T185459_R113_T10SGJ_20201030T222225,2020-10-26,2B,10SGJ,0.4,7493,0.0,1.0,0.0,0.0,0.0001,0.0014,0.0017,0.0001,0.0001,0.0001,0.0017,0.068,,,,
S2A_MSIL2A_20201028T184511_R070_T10SGJ_20201101T002412,2020-10-28,2A,10SGJ,0.2,7493,0.0,1.0,0.0,0.0,0.0001,0.0001,0.0001,0.0001,0.0001,0.0001,0.0012,0.077,,,,
S2A_MSIL2A_20201031T185531_R113_T11SKD_20201102T043324,2020-10-31,2A,11SKD,0.2,7510,0.0,1.0,0.0,0.0,0.0001,0.0001,0.0001,0.0001,0.0001,0.0001,0.0011,0.068,,,,
S2B_MSIL2A_20201105T185559_R113_T11SKD_20201106T221305,2020-11-05,2B,11SKD,0.2,7510,0.0,1.0,0.0,0.0,0.0001,0.0013,0.0017,0.0001,0.0008,0.0004,0.0013,0.081,,,,
S2A_MSIL2A_20201107T184601_R070_T11SKD_20201108T144901,2020-11-07,2A,11SKD,64.6,7510,0.0,0.116,0.0,0.876,,,,,,,,,,,,
S2A_MSIL2A_20201110T185621_R113_T10SGJ_20201111T124326,2020-11-10,2A,10SGJ,13.7,7493,0.0,0.999,0.0,0.0,0.0001,0.0001,0.0003,0.0001,0.0025,0.0041,0.0051,0.085,,,,
S2B_MSIL2A_20201112T184629_R070_T11SKD_20201113T211928,2020-11-12,2B,11SKD,6.6,7510,0.0,1.0,0.0,0.0,0.0001,0.0001,0.0001,0.0001,0.0001,0.0001,0.0001,0.107,,,,
S2B_MSIL2A_20201115T185649_R113_T11SKD_20201116T204445,2020-11-15,2B,11SKD,16.4,7510,0.0,0.877,0.0,0.111,0.0489,0.0545,0.0519,0.0473,0.05425,0.07575,0.0489,0.059,138.07,6.0,#4eb36d,0.9633
S2A_MSIL2A_20201117T184651_R070_T11SKD_20201118T184312,2020-11-17,2A,11SKD,56.9,7510,0.0,0.0,0.0,1.0,,,,,,,,,,,,
S2A_MSIL2A_20201120T185711_R113_T11SKD_20201122T002739,2020-11-20,2A,11SKD,11.5,7510,0.0,1.0,0.0,0.0,0.0001,0.0013,0.0036,0.0011,0.0026,0.0021,0.0015,0.077,,,,
S2B_MSIL2A_20201122T184709_R070_T11SKD_20201123T151433,2020-11-22,2B,11SKD,1.4,7510,0.0,0.999,0.0,0.0,0.0009,0.0073,0.0065,0.0026,0.0039,0.0032,0.0023,0.085,114.82,7.0,#71af5a,0.6842
S2B_MSIL2A_20201125T185719_R113_T10SGJ_20201126T110519,2020-11-25,2B,10SGJ,34.7,7493,0.0,0.752,0.0,0.22,0.0248,0.0262,0.019,0.012,0.012,0.0103,0.007,0.059,200.04,4.0,#7da7af,0.0
S2A_MSIL2A_20201127T184731_R070_T11SKD_20201128T160010,2020-11-27,2A,11SKD,1.6,7510,0.0,0.999,0.0,0.001,0.0001,0.0001,0.0012,0.0001,0.0001,0.0001,0.0009,0.072,,,,
S2A_MSIL2A_20201130T185741_R113_T10SGJ_20201202T022047,2020-11-30,2A,10SGJ,1.0,7493,0.0,0.999,0.0,0.0,0.0001,0.0001,0.0004,0.0001,0.0003,0.0001,0.0009,0.059,,,,
S2B_MSIL2A_20210302T184259_R070_T10SGJ_20210303T073454,2021-03-02,2B,10SGJ,40.3,7493,0.0,0.023,0.001,0.976,,,,,,,,,,,,
S2B_MSIL2A_20210305T185239_R113_T11SKD_20210306T183307,2021-03-05,2B,11SKD,12.3,7510,0.0,0.985,0.01,0.001,0.01,0.0195,0.0218,0.0208,0.0241,0.0291,0.0148,0.137,49.86,15.0,#b2a037,0.2157
S2A_MSIL2A_20210307T184221_R070_T11SKD_20210308T031307,2021-03-07,2A,11SKD,1.3,7510,0.0,0.989,0.01,0.0,0.0001,0.0001,0.0001,0.0001,0.0001,0.0001,0.0017,0.149,,,,
S2B_MSIL2A_20210312T184049_R070_T10SGJ_20210313T205721,2021-03-12,2B,10SGJ,24.3,7493,0.001,0.967,0.011,0.02,0.0001,0.0001,0.0001,0.0001,0.0001,0.0001,0.0003,0.149,,,,
S2B_MSIL2A_20210315T185039_R113_T10SGJ_20210317T082427,2021-03-15,2B,10SGJ,64.3,7493,0.0,0.57,0.205,0.213,0.1295,0.1165,0.1146,0.1124,0.12,0.1409,0.05115,0.128,212.7,3.0,#ab9d9c,0.0584
S2A_MSIL2A_20210320T185051_R113_T11SKD_20210321T151559,2021-03-20,2A,11SKD,53.3,7510,0.0,0.132,0.006,0.86,,,,,,,,,,,,
S2A_MSIL2A_20210327T184001_R070_T10SGJ_20210328T054753,2021-03-27,2A,10SGJ,1.0,7493,0.0,0.992,0.007,0.0,0.0053,0.0038,0.0048,0.0003,0.0008,0.0001,0.0017,0.081,189.03,5.0,#89a5a4,0.0
S2A_MSIL2A_20210330T184941_R113_T10SGJ_20210331T090938,2021-03-30,2A,10SGJ,3.5,7493,0.0,0.992,0.007,0.0,0.0058,0.0072,0.0086,0.0046,0.0054,0.005,0.0055,0.081,88.53,9.0,#8cab46,0.0
S2B_MSIL2A_20210401T183919_R070_T10SGJ_20210402T191511,2021-04-01,2B,10SGJ,1.3,7493,0.0,0.994,0.005,0.0,0.0046,0.0072,0.0056,0.0009,0.001,0.0005,0.0026,0.09,162.41,6.0,#5faf8f,0.0
S2B_MSIL2A_20210404T184919_R113_T11SKD_20210405T122714,2021-04-04,2B,11SKD,6.9,7510,0.0,0.993,0.005,0.0,0.0005,0.0054,0.0062,0.0032,0.00405,0.0028,0.0073,0.137,,,,
S2A_MSIL2A_20210406T183911_R070_T10SGJ_20210408T210206,2021-04-06,2A,10SGJ,0.8,7493,0.0,0.993,0.004,0.001,0.0051,0.0036,0.0053,0.0005,0.0012,0.0009,0.0028,0.098,149.78,6.0,#9ba292,0.0
S2A_MSIL2A_20210409T184911_R113_T11SKD_20210411T053649,2021-04-09,2A,11SKD,0.7,7510,0.0,0.991,0.003,0.004,0.0159,0.0161,0.0166,0.0126,0.0135,0.0122,0.0117,0.077,158.82,6.0,#89a792,0.3333
S2B_MSIL2A_20210411T183919_R070_T10SGJ_20210412T115728,2021-04-11,2B,10SGJ,1.5,7493,0.0,0.996,0.0,0.001,0.0001,0.0009,0.0003,0.0001,0.0001,0.0001,0.0014,0.115,,,,
S2B_MSIL2A_20210414T184919_R113_T11SKD_20210415T191127,2021-04-14,2B,11SKD,65.8,7510,0.0,0.051,0.003,0.946,,,,,,,,,,,,
S2A_MSIL2A_20210416T183911_R070_T10SGJ_20210417T073214,2021-04-16,2A,10SGJ,35.7,7493,0.0,0.996,0.0,0.001,0.0104,0.0078,0.0071,0.0012,0.0011,0.0001,0.0038,0.115,217.64,3.0,#73a6c8,0.0
S2A_MSIL2A_20210419T184911_R113_T11SKD_20210420T121430,2021-04-19,2A,11SKD,0.4,7510,0.0,0.993,0.0,0.005,0.02,0.0188,0.0186,0.0144,0.0158,0.0134,0.014,0.081,195.31,4.0,#7da7ab,0.6364
S2B_MSIL2A_20210421T183909_R070_T10SGJ_20210422T222525,2021-04-21,2B,10SGJ,2.2,7493,0.0,0.999,0.0,0.0,0.0001,0.0038,0.0027,0.0001,0.0001,0.0001,0.0034,0.128,,,,
S2B_MSIL2A_20210424T184909_R113_T11SKD_20210426T012254,2021-04-24,2B,11SKD,55.2,7510,0.0,0.092,0.012,0.896,,,,,,,,,,,,
S2A_MSIL2A_20210426T183921_R070_T11SKD_20210427T085127,2021-04-26,2A,11SKD,39.5,7510,0.0,0.869,0.0,0.129,0.0228,0.017,0.0145,0.0068,0.0067,0.0057,0.0072,0.094,218.19,3.0,#6da6cc,0.0
S2A_MSIL2A_20210429T184921_R113_T11SKD_20210430T125445,2021-04-29,2A,11SKD,8.1,7510,0.0,0.999,0.0,0.0,0.0034,0.0057,0.0051,0.0008,0.0012,0.0008,0.0039,0.094,128.76,7.0,#63b168,0.0
S2B_MSIL2A_20210501T183919_R070_T10SGJ_20210502T120446,2021-05-01,2B,10SGJ,1.0,7493,0.0,0.997,0.0,0.002,0.0053,0.0098,0.0075,0.0027,0.0025,0.0014,0.0052,0.115,142.04,6.0,#43b470,0.0
S2B_MSIL2A_20210504T184919_R113_T10SGJ_20210505T055927,2021-05-04,2B,10SGJ,0.8,7493,0.0,0.977,0.0,0.004,0.0315,0.0321,0.0321,0.0284,0.0302,0.0253,0.0264,0.081,158.93,6.0,#8fa593,0.3103
S2A_MSIL2A_20210506T183921_R070_T10SGJ_20210508T080115,2021-05-06,2A,10SGJ,39.7,7493,0.0,0.076,0.0,0.916,,,,,,,,,,,,
S2A_MSIL2A_20210509T184921_R113_T11SKD_20210510T191718,2021-05-09,2A,11SKD,2.6,7510,0.0,0.968,0.0,0.006,0.0191,0.0216,0.0227,0.0188,0.0212,0.0256,0.0228,0.107,,,,
S2B_MSIL2A_20210511T183919_R070_T10SGJ_20210512T045507,2021-05-11,2B,10SGJ,0.8,7493,0.0,1.0,0.0,0.0,0.0001,0.003,0.0012,0.0001,0.0001,0.0001,0.0022,0.12,,,,
S2B_MSIL2A_20210514T184919_R113_T10SGJ_20210516T051926,2021-05-14,2B,10SGJ,5.5,7493,0.0,0.967,0.0,0.0,0.0601,0.0602,0.0619,0.0597,0.0629,0.0589,0.0557,0.124,69.56,11.0,#a8a080,0.2857
S2A_MSIL2A_20210516T183921_R070_T10SGJ_20210518T103508,2021-05-16,2A,10SGJ,43.8,7493,0.0,0.962,0.0,0.036,0.0425,0.0349,0.0283,0.0157,0.0149,0.0073,0.0101,0.174,213.66,3.0,#80a5bb,-0.0769
S2A_MSIL2A_20210519T184921_R113_T10SGJ_20210520T205630,2021-05-19,2A,10SGJ,1.8,7493,0.0,0.967,0.0,0.0,0.0597,0.0595,0.0622,0.0594,0.0612,0.0548,0.0578,0.098,61.71,13.0,#a9a166,0.36
S2B_MSIL2A_20210524T184919_R113_T10SGJ_20210525T083556,2021-05-24,2B,10SGJ,12.3,7493,0.0,0.913,0.0,0.041,0.0568,0.0585,0.0588,0.0562,0.0583,0.0506,0.0492,0.12,96.64,8.0,#a3a188,0.1304
S2A_MSIL2A_20210526T183921_R070_T11SKD_20210527T125955,2021-05-26,2A,11SKD,55.4,7510,0.0,0.421,0.0,0.568,,,,,,,,,,,,
S2A_MSIL2A_20210529T184921_R113_T10SGJ_20210530T064844,2021-05-29,2A,10SGJ,25.0,7493,0.0,0.903,0.0,0.066,0.1099,0.1005,0.1026,0.1006,0.1092,0.1154,0.0891,0.183,,,#ae9aaa,0.2722
S2B_MSIL2A_20210531T183919_R070_T11SKD_20210601T130142,2021-05-31,2B,11SKD,1.5,7510,0.0,0.965,0.0,0.001,0.019,0.0268,0.027,0.0238,0.0273,0.0346,0.038,0.208,,,,
S2B_MSIL2A_20210603T184919_R113_T10SGJ_20210604T095229,2021-06-03,2B,10SGJ,1.8,7493,0.0,0.963,0.0,0.004,0.0973,0.0927,0.0958,0.0962,0.1009,0.0854,0.091,0.12,,,#c7929a,0.3113
S2A_MSIL2A_20210605T183921_R070_T10SGJ_20210606T074301,2021-06-05,2A,10SGJ,41.6,7493,0.0,0.967,0.0,0.012,0.0276,0.0306,0.0344,0.0319,0.0352,0.0391,0.0496,0.303,,,,
S2A_MSIL2A_20210608T184921_R113_T11SKD_20210612T175007,2021-06-08,2A,11SKD,3.7,7510,0.0,0.004,0.0,0.019,,,,,,,,,,,,
S2B_MSIL2A_20210610T183919_R070_T10SGJ_20210613T220553,2021-06-10,2B,10SGJ,3.5,7493,0.0,0.989,0.0,0.011,0.0063,0.0129,0.0116,0.0074,0.0067,0.0029,0.012,0.145,,,,
S2B_MSIL2A_20210613T184919_R113_T10SGJ_20210615T044352,2021-06-13,2B,10SGJ,1.4,7493,0.0,0.965,0.0,0.004,0.0909,0.0924,0.0937,0.0911,0.0946,0.0838,0.0848,0.094,76.0,10.0,#a6a180,0.2174
S2A_MSIL2A_20210615T183921_R070_T10SGJ_20210616T042002,2021-06-15,2A,10SGJ,0.3,7493,0.0,0.988,0.0,0.012,0.0104,0.013,0.0137,0.0087,0.0081,0.0028,0.0148,0.163,,,,
S2A_MSIL2A_20210618T184921_R113_T10SGJ_20210619T064004,2021-06-18,2A,10SGJ,2.8,7493,0.0,0.966,0.0,0.003,0.0978,0.0952,0.0992,0.0985,0.10265,0.0883,0.0955,0.17,,,,
S2B_MSIL2A_20210620T183919_R070_T10SGJ_20210621T102317,2021-06-20,2B,10SGJ,0.6,7493,0.0,0.996,0.0,0.003,0.0075,0.014,0.0112,0.005,0.0041,0.0001,0.0085,0.204,142.7,6.0,#40b471,0.0
S2B_MSIL2A_20210623T184919_R113_T10SGJ_20210626T061652,2021-06-23,2B,10SGJ,7.5,7493,0.0,0.946,0.0,0.033,0.1106,0.1058,0.10735,0.1035,0.1067,0.0911,0.0946,0.137,209.16,4.0,#a69e9f,0.1524
S2A_MSIL2A_20210625T183921_R070_T11SKD_20210626T092459,2021-06-25,2A,11SKD,1.9,7510,0.0,0.996,0.0,0.003,0.0005,0.0004,0.0001,0.0001,0.0001,0.0001,0.0034,0.295,,,,
S2A_MSIL2A_20210628T184921_R113_T10SGJ_20210630T070744,2021-06-28,2A,10SGJ,0.9,7493,0.0,0.966,0.0,0.006,0.0369,0.0247,0.0252,0.0207,0.02295,0.01275,0.026,0.158,,,,
S2B_MSIL2A_20210630T183919_R070_T11SKD_20210701T140916,2021-06-30,2B,11SKD,2.4,7510,0.0,0.985,0.0,0.013,0.0097,0.0153,0.0108,0.0046,0.0023,0.0001,0.0099,0.278,168.9,5.0,#00bd94,0.0
S2A_MSIL2A_20210705T183921_R070_T10SGJ_20210710T031158,2021-07-05,2A,10SGJ,0.8,7493,0.0,0.999,0.0,0.001,0.0058,0.0046,0.0023,0.0001,0.0001,0.0001,0.0028,0.224,,,,
S2A_MSIL2A_20210708T184921_R113_T10SGJ_20210709T144158,2021-07-08,2A,10SGJ,1.8,7493,0.0,0.965,0.0,0.003,0.1029,0.0954,0.0971,0.0943,0.0972,0.0847,0.0896,0.115,235.07,1.0,#a79bb7,0.2358
S2B_MSIL2A_20210710T183919_R070_T11SKD_20210711T040049,2021-07-10,2B,11SKD,1.6,7510,0.0,0.986,0.0,0.013,0.0069,0.0108,0.0067,0.0003,0.0001,0.0001,0.0061,0.254,182.55,5.0,#00bcb0,0.0
S2B_MSIL2A_20210713T184919_R113_T10SGJ_20210714T085234,2021-07-13,2B,10SGJ,2.7,7493,0.0,0.967,0.0,0.0,0.0883,0.088,0.0881,0.0839,0.0868,0.0733,0.0787,0.153,164.27,5.0,#9ba297,0.218
S2A_MSIL2A_20210715T183921_R070_T10SGJ_20210716T115108,2021-07-15,2A,10SGJ,0.2,7493,0.0,0.999,0.0,0.001,0.0091,0.0083,0.006,0.0006,0.0001,0.0001,0.0071,0.204,,,,
S2A_MSIL2A_20210718T184921_R113_T10SGJ_20210719T072401,2021-07-18,2A,10SGJ,46.5,7493,0.0,0.64,0.0,0.335,0.1367,0.13455,0.133,0.1274,0.1393,0.1527,0.1107,0.233,181.82,5.0,#a1a09c,0.2627
S2B_MSIL2A_20210720T183919_R070_T11SKD_20210721T060740,2021-07-20,2B,11SKD,5.6,7510,0.0,0.993,0.0,0.003,0.0078,0.0117,0.0072,0.0012,0.0001,0.0001,0.0078,0.239,,,,
S2B_MSIL2A_20210723T184919_R113_T10SGJ_20210724T064902,2021-07-23,2B,10SGJ,0.6,7493,0.0,0.971,0.0,0.0,0.0861,0.0866,0.0808,0.0734,0.0773,0.0739,0.0588,0.17,190.75,5.0,#96a2a1,0.1178
S2A_MSIL2A_20210725T183921_R070_T10SGJ_20210726T164159,2021-07-25,2A,10SGJ,40.8,7493,0.0,0.089,0.128,0.782,,,,,,,,,,,,
S2A_MSIL2A_20210728T184921_R113_T11SKD_20210729T094925,2021-07-28,2A,11SKD,4.7,7510,0.0,0.991,0.0,0.0,0.0198,0.0137,0.0126,0.0074,0.0076,0.0019,0.0109,0.187,233.45,1.0,#658dff,0.0
S2B_MSIL2A_20210730T183919_R070_T10SGJ_20210731T040841,2021-07-30,2B,10SGJ,66.8,7493,0.0,0.164,0.0,0.816,,,,,,,,,,,,
S2B_MSIL2A_20210802T184919_R113_T10SGJ_20210803T110945,2021-08-02,2B,10SGJ,0.6,7493,0.0,0.982,0.0,0.0,0.0293,0.0279,0.0262,0.0197,0.0206,0.0148,0.0187,0.137,199.45,4.0,#79a8af,0.3103
S2A_MSIL2A_20210804T183921_R070_T10SGJ_20210805T042606,2021-08-04,2A,10SGJ,0.5,7493,0.0,1.0,0.0,0.0,0.0072,0.0065,0.0049,0.0001,0.0001,0.0001,0.0058,0.191,,,,
S2A_MSIL2A_20210807T184921_R113_T10SGJ_20210808T095727,2021-08-07,2A,10SGJ,0.4,7493,0.0,0.998,0.0,0.0,0.0967,0.0893,0.0795,0.0606,0.0609,0.0586,0.015,0.149,196.15,4.0,#9ca1a1,0.0033
S2B_MSIL2A_20210809T183919_R070_T10SGJ_20210810T114450,2021-08-09,2B,10SGJ,0.6,7493,0.0,1.0,0.0,0.0,0.0091,0.0126,0.009,0.0021,0.0001,0.0001,0.0053,0.212,178.93,5.0,#49b0a3,0.0
S2B_MSIL2A_20210812T184919_R113_T10SGJ_20210813T045245,2021-08-12,2B,10SGJ,5.5,7493,0.0,0.999,0.0,0.0,0.0425,0.0455,0.0362,0.0211,0.0197,0.0061,0.0003,0.518,184.26,5.0,#92a49f,-0.0348
S2A_MSIL2A_20210814T183921_R070_T10SGJ_20210815T053630,2021-08-14,2A,10SGJ,6.3,7493,0.0,0.988,0.0,0.0,0.0266,0.0219,0.0187,0.0085,0.0076,0.0001,0.0025,0.425,206.45,4.0,#89a4af,-0.0811
S2A_MSIL2A_20210817T184921_R113_T10SGJ_20210818T062759,2021-08-17,2A,10SGJ,24.6,7493,0.0,0.967,0.0,0.0,0.0993,0.0961,0.0905,0.0768,0.0803,0.0803,0.04,0.149,183.3,5.0,#9ea09c,0.0454
S2B_MSIL2A_20210819T183919_R070_T11SKD_20210820T045059,2021-08-19,2B,11SKD,2.5,7510,0.0,0.993,0.0,0.0,0.0308,0.0344,0.0301,0.0197,0.0197,0.0184,0.0068,0.233,169.91,5.0,#93a498,0.0
S2B_MSIL2A_20210822T184919_R113_T10SGJ_20210823T065524,2021-08-22,2B,10SGJ,26.2,7493,0.0,0.958,0.0,0.036,0.1777,0.1711,0.1483,0.1157,0.1134,0.10105,0.0279,0.128,192.88,4.0,#9ba1a0,-0.0133
S2A_MSIL2A_20210824T183921_R070_T10SGJ_20210825T071439,2021-08-24,2A,10SGJ,18.6,7493,0.0,1.0,0.0,0.0,0.1422,0.1195,0.0967,0.0655,0.0621,0.0507,0.0107,0.385,212.52,3.0,#95a1ad,-0.032
S2A_MSIL2A_20210827T184921_R113_T10SGJ_20210828T075023,2021-08-27,2A,10SGJ,25.3,7493,0.0,0.997,0.0,0.0,0.1186,0.1134,0.1018,0.0798,0.0798,0.0737,0.0178,0.324,187.11,5.0,#9ea09e,0.0
S2B_MSIL2A_20210829T183919_R070_T10SGJ_20210830T065823,2021-08-29,2B,10SGJ,15.1,7493,0.0,1.0,0.0,0.0,0.0227,0.0244,0.0186,0.0103,0.0074,0.0001,0.0023,0.352,190.02,5.0,#8aa5a4,-0.2214
S2B_MSIL2A_20210901T184919_R113_T10SGJ_20210902T040340,2021-09-01,2B,10SGJ,17.5,7493,0.0,0.999,0.0,0.0,0.0278,0.0307,0.0266,0.0192,0.0182,0.0147,0.013,0.164,177.88,5.0,#89a69d,-0.0877
S2A_MSIL2A_20210903T183921_R070_T11SKD_20210904T052941,2021-09-03,2A,11SKD,2.4,7510,0.0,1.0,0.0,0.0,0.0393,0.0321,0.0263,0.0155,0.0143,0.0087,0.0047,0.237,212.72,3.0,#8ea3b2,-0.0588
S2A_MSIL2A_20210906T184921_R113_T10SGJ_20210907T085907,2021-09-06,2A,10SGJ,7.9,7493,0.0,0.996,0.0,0.0,0.0053,0.0068,0.0069,0.0043,0.0041,0.0014,0.0105,0.229,,,,
S2B_MSIL2A_20210908T183919_R070_T10SGJ_20210909T062751,2021-09-08,2B,10SGJ,0.3,7493,0.0,1.0,0.0,0.0,0.0001,0.0008,0.0001,0.0001,0.0001,0.0001,0.0001,0.274,,,,
S2B_MSIL2A_20210911T184929_R113_T10SGJ_20210912T071934,2021-09-11,2B,10SGJ,4.9,7493,0.0,0.987,0.0,0.003,0.0106,0.0149,0.0116,0.0057,0.0052,0.0032,0.0067,0.132,169.42,5.0,#57af97,0.0
S2A_MSIL2A_20210913T184001_R070_T10SGJ_20210914T112708,2021-09-13,2A,10SGJ,4.4,7493,0.0,1.0,0.0,0.0,0.0007,0.0001,0.0001,0.0001,0.0001,0.0001,0.0001,0.187,,,,
S2A_MSIL2A_20210916T185021_R113_T11SKD_20210917T091507,2021-09-16,2A,11SKD,0.3,7510,0.0,0.997,0.0,0.0,0.0001,0.0001,0.0001,0.0001,0.0001,0.0001,0.0005,0.225,,,,
S2B_MSIL2A_20210918T183929_R070_T10SGJ_20210919T060308,2021-09-18,2B,10SGJ,9.8,7493,0.0,0.997,0.0,0.0,0.0001,0.0024,0.0016,0.0001,0.0001,0.0001,0.0024,0.2,,,,
S2B_MSIL2A_20210921T184959_R113_T10SGJ_20210922T115654,2021-09-21,2B,10SGJ,0.9,7493,0.0,0.995,0.0,0.0,0.04015,0.0432,0.04085,0.02755,0.0279,0.0244,0.008,0.237,158.87,6.0,#99a394,0.0089
S2A_MSIL2A_20210923T184111_R070_T11SKD_20210924T131045,2021-09-23,2A,11SKD,1.2,7510,0.0,0.994,0.0,0.0,0.0126,0.011,0.0113,0.0043,0.0038,0.0034,0.0084,0.141,205.43,4.0,#80a6b2,0.0
S2A_MSIL2A_20210926T185131_R113_T10SGJ_20210927T083951,2021-09-26,2A,10SGJ,0.2,7493,0.0,0.995,0.0,0.0,0.0069,0.0095,0.0101,0.0031,0.0014,0.0001,0.0039,0.174,133.7,6.0,#7bac7b,0.0
S2B_MSIL2A_20210928T184049_R070_T10SGJ_20210929T082511,2021-09-28,2B,10SGJ,9.3,7493,0.0,0.995,0.0,0.0,0.0001,0.0002,0.0001,0.0001,0.0001,0.0001,0.0001,0.174,,,,
S2B_MSIL2A_20211001T185119_R113_T11SKD_20211002T143821,2021-10-01,2B,11SKD,7.6,7510,0.0,0.979,0.0,0.0,0.0001,0.0029,0.0023,0.0001,0.0001,0.0001,0.0003,0.128,121.84,7.0,#69b060,0.0
S2A_MSIL2A_20211003T184221_R070_T10SGJ_20211004T055953,2021-10-03,2A,10SGJ,1.1,7493,0.0,0.966,0.0,0.002,0.1311,0.1285,0.1259,0.0969,0.0995,0.1063,0.0241,0.149,159.33,6.0,#a0a096,0.0175
S2A_MSIL2A_20211006T185251_R113_T10SGJ_20211007T064749,2021-10-06,2A,10SGJ,53.3,7493,0.0,0.243,0.0,0.684,,,,,,,,,,,,
S2B_MSIL2A_20211008T184249_R070_T10SGJ_20211009T084720,2021-10-08,2B,10SGJ,50.3,7493,0.0,0.0,0.0,1.0,,,,,,,,,,,,
S2B_MSIL2A_20211011T185319_R113_T10SGJ_20211012T034423,2021-10-11,2B,10SGJ,59.2,7493,0.0,0.091,0.084,0.823,,,,,,,,,,,,
S2A_MSIL2A_20211105T185601_R113_T10SGJ_20230129T051240,2021-11-05,2A,10SGJ,45.6,7493,0.0,0.573,0.0,0.417,0.0976,0.1074,0.1053,0.09765,0.1037,0.13185,0.0802,0.12,105.23,8.0,#9da384,0.1477
S2B_MSIL2A_20211107T184559_R070_T10SGJ_20211108T034755,2021-11-07,2B,10SGJ,13.5,7493,0.0,0.993,0.0,0.003,0.0028,0.0119,0.0146,0.0073,0.0064,0.0098,0.0088,0.167,86.11,9.0,#8cab35,0.0
S2A_MSIL2A_20211112T184631_R070_T11SKD_20211113T055455,2021-11-12,2A,11SKD,5.6,7510,0.0,0.995,0.0,0.001,0.0038,0.0027,0.0054,0.0001,0.0001,0.0001,0.0001,0.094,129.05,7.0,#90a685,0.0
S2B_MSIL2A_20211117T184649_R070_T11SKD_20211118T084034,2021-11-17,2B,11SKD,2.2,7510,0.0,0.994,0.0,0.002,0.0001,0.0005,0.0025,0.0001,0.0001,0.0001,0.0052,0.153,,,,
S2B_MSIL2A_20211120T185659_R113_T10SGJ_20211121T060250,2021-11-20,2B,10SGJ,19.7,7493,0.0,0.145,0.0,0.847,,,,,,,,,,,,
S2A_MSIL2A_20211122T184711_R070_T11SKD_20211123T082802,2021-11-22,2A,11SKD,3.5,7510,0.0,0.994,0.0,0.001,0.001,0.0008,0.0044,0.0001,0.0001,0.0001,0.0004,0.085,64.63,12.0,#a3a529,0.0
S2A_MSIL2A_20211125T185721_R113_T10SGJ_20211126T061127,2021-11-25,2A,10SGJ,0.8,7493,0.0,0.993,0.0,0.002,0.0001,0.0041,0.0067,0.0014,0.0007,0.0009,0.0031,0.068,72.36,11.0,#9aa812,0.0
S2B_MSIL2A_20211127T184719_R070_T11SKD_20211128T202223,2021-11-27,2B,11SKD,1.7,7510,0.0,0.994,0.0,0.001,0.0001,0.0048,0.0053,0.0001,0.0001,0.0001,0.0022,0.098,101.45,8.0,#7ead4c,0.0
S2B_MSIL2A_20211130T185729_R113_T11SKD_20211201T082904,2021-11-30,2B,11SKD,61.6,7510,0.0,0.923,0.0,0.073,0.0001,0.0042,0.0101,0.0072,0.0082,0.0114,0.0115,0.137,,,,
S2A_MSIL2A_20220302T184311_R070_T10SGJ_20220304T084908,2022-03-02,2A,10SGJ,37.2,7493,0.0,0.979,0.008,0.013,0.0389,0.0341,0.0321,0.0251,0.0253,0.0277,0.0113,0.046,204.24,4.0,#9ca0a4,0.0072
S2B_MSIL2A_20220307T184229_R070_T11SKD_20240531T040221,2022-03-07,2B,11SKD,10.8,7510,0.0,0.662,0.011,0.326,0.1397,0.1292,0.1211,0.1092,0.1157,0.1307,0.0482,0.064,199.47,4.0,#a39f9f,0.0506
S2B_MSIL2A_20220310T185109_R113_T11SKD_20220311T163422,2022-03-10,2B,11SKD,4.7,7510,0.0,0.992,0.007,0.0,-0.0288,-0.0198,-0.0175,-0.0181,-0.0198,-0.0195,-0.0019,0.212,,,,
S2A_MSIL2A_20220312T184151_R070_T11SKD_20220313T064344,2022-03-12,2A,11SKD,0.0,7510,0.0,0.989,0.005,0.005,-0.0364,-0.0338,-0.0275,-0.0258,-0.0282,-0.0287,-0.0022,0.278,,,,
S2B_MSIL2A_20220320T184959_R113_T11SKD_20220321T060910,2022-03-20,2B,11SKD,0.0,7510,0.0,0.987,0.004,0.005,-0.0343,-0.02485,-0.0212,-0.02,-0.0215,-0.0205,0.0008,0.287,,,,
S2A_MSIL2A_20220322T184041_R070_T10SGJ_20240525T094328,2022-03-22,2A,10SGJ,0.5,7493,0.0,0.979,0.006,0.013,-0.0295,-0.0271,-0.0224,-0.0225,-0.0248,-0.0254,-0.0024,0.251,,,,
S2A_MSIL2A_20220325T185021_R113_T11SKD_20220326T083231,2022-03-25,2A,11SKD,0.1,7510,0.0,0.991,0.004,0.0,-0.0202,-0.0158,-0.0113,-0.0117,-0.0121,-0.0111,0.0032,0.248,,,,
S2B_MSIL2A_20220327T183929_R070_T10SGJ_20220328T080934,2022-03-27,2B,10SGJ,36.5,7493,0.0,0.887,0.001,0.081,0.0597,0.0659,0.0638,0.059,0.0627,0.0756,0.0467,0.307,114.36,7.0,#9da388,0.1307
S2A_MSIL2A_20220401T183931_R070_T11SKD_20220402T082340,2022-04-01,2A,11SKD,0.0,7510,0.0,0.997,0.0,0.0,-0.0236,-0.0209,-0.0162,-0.0167,-0.0184,-0.019,0.001,0.291,,,,
S2B_MSIL2A_20220406T183919_R070_T10SGJ_20220407T082611,2022-04-06,2B,10SGJ,0.1,7493,0.0,0.984,0.0,0.008,-0.0163,-0.0081,-0.0069,-0.0077,-0.0089,-0.007,0.0072,0.299,,,,
S2B_MSIL2A_20220409T184919_R113_T11SKD_20220410T153918,2022-04-09,2B,11SKD,0.3,7510,0.0,0.998,0.0,0.0,-0.023,-0.0134,-0.0112,-0.0123,-0.0136,-0.0137,0.0023,0.291,,,,
S2B_MSIL2A_20220416T183919_R070_T11SKD_20240602T212312,2022-04-16,2B,11SKD,60.7,7510,0.0,0.508,0.0,0.487,0.1784,0.163,0.1438,0.1251,0.1268,0.1244,0.0499,0.059,208.57,4.0,#9ea0a4,0.0112
S2A_MSIL2A_20220424T184921_R113_T10SGJ_20220425T171820,2022-04-24,2A,10SGJ,0.8,7493,0.0,0.996,0.0,0.0,-0.0232,-0.0152,-0.0039,-0.0004,0.0005,0.0066,0.0093,0.295,,,,
S2B_MSIL2A_20220426T183909_R070_T10SGJ_20240524T064214,2022-04-26,2B,10SGJ,21.9,7493,0.0,0.983,0.0,0.015,-0.0381,-0.0275,-0.0251,-0.0236,-0.0266,-0.0271,0.0034,0.382,,,,
S2B_MSIL2A_20220429T184909_R113_T11SKD_20220430T143201,2022-04-29,2B,11SKD,0.2,7510,0.0,0.967,0.0,0.0,0.0488,0.0521,0.0515,0.0466,0.0493,0.0544,0.0325,0.192,113.38,7.0,#a1a18c,0.0874
S2A_MSIL2A_20220501T183921_R070_T10SGJ_20220502T114743,2022-05-01,2A,10SGJ,1.7,7493,0.0,0.998,0.0,0.0,-0.0118,-0.0094,-0.0071,-0.0102,-0.0137,-0.0152,0.0042,0.294,,,,
S2A_MSIL2A_20220504T184921_R113_T10SGJ_20220505T141638,2022-05-04,2A,10SGJ,0.0,7493,0.0,0.998,0.0,0.0,-0.0095,-0.0067,-0.006,-0.0099,-0.0116,-0.0131,0.0,0.233,,,,
S2B_MSIL2A_20220506T183919_R070_T11SKD_20220507T191847,2022-05-06,2B,11SKD,46.6,7510,0.0,0.938,0.0,0.055,0.03,0.0317,0.0298,0.0222,0.0218,0.0207,0.0235,0.208,178.61,5.0,#6aaca0,0.0
S2A_MSIL2A_20220511T183921_R070_T10SGJ_20240615T114549,2022-05-11,2A,10SGJ,55.8,7493,0.0,0.044,0.0,0.955,,,,,,,,,,,,
S2A_MSIL2A_20220514T184921_R113_T11SKD_20220517T013736,2022-05-14,2A,11SKD,0.9,7510,0.0,0.975,0.0,0.0,0.0542,0.0458,0.0473,0.044,0.0449,0.0364,0.0443,0.162,235.8,1.0,#9895f9,0.7143
S2B_MSIL2A_20220516T183919_R070_T11SKD_20220518T215329,2022-05-16,2B,11SKD,0.6,7510,0.0,0.997,0.0,0.0,-0.013,-0.0061,-0.0069,-0.0094,-0.0128,-0.0191,0.0061,0.353,,,,
S2B_MSIL2A_20220519T184919_R113_T11SKD_20220521T102624,2022-05-19,2B,11SKD,3.6,7510,0.0,0.961,0.0,0.0,0.0739,0.0729,0.0724,0.0685,0.0709,0.0649,0.0629,0.158,183.39,5.0,#9aa29d,0.1765
S2A_MSIL2A_20220521T183931_R070_T11SKD_20220522T223310,2022-05-21,2A,11SKD,0.0,7510,0.0,0.999,0.0,0.0,-0.0174,-0.0165,-0.0147,-0.0167,-0.02,-0.0246,-0.0014,0.304,,,,
S2A_MSIL2A_20220524T184921_R113_T10SGJ_20220525T100511,2022-05-24,2A,10SGJ,0.0,7493,0.0,0.99,0.0,0.0,0.0034,0.0009,0.0011,-0.0029,-0.0048,-0.0069,0.0038,0.191,,,,
S2B_MSIL2A_20220526T183919_R070_T10SGJ_20220527T170532,2022-05-26,2B,10SGJ,7.6,7493,0.0,0.968,0.0,0.0,-0.0008,0.005,0.0029,0.0001,-0.0018,-0.0047,0.0145,0.372,,,,
S2B_MSIL2A_20220529T184919_R113_T11SKD_20240611T182704,2022-05-29,2B,11SKD,7.3,7510,0.0,0.9,0.0,0.063,0.0877,0.0811,0.0815,0.0793,0.0817,0.0737,0.0741,0.121,232.95,1.0,#a49cb8,0.1875
S2A_MSIL2A_20220531T183931_R070_T10SGJ_20240619T150031,2022-05-31,2A,10SGJ,0.0,7493,0.0,0.999,0.0,0.0,0.0005,0.0015,0.0013,-0.0024,-0.0049,-0.0084,0.0064,0.225,,,,
S2A_MSIL2A_20220603T184931_R113_T11SKD_20220604T112837,2022-06-03,2A,11SKD,38.2,7510,0.0,0.0,0.0,1.0,,,,,,,,,,,,
S2B_MSIL2A_20220608T184919_R113_T10SGJ_20220609T122650,2022-06-08,2B,10SGJ,17.3,7493,0.0,0.967,0.0,0.001,0.1084,0.1014,0.1026,0.1008,0.1073,0.0985,0.1001,0.145,,,#a691f3,0.8228
S2A_MSIL2A_20220610T183931_R070_T10SGJ_20220611T190733,2022-06-10,2A,10SGJ,0.7,7493,0.0,0.998,0.0,0.0,0.0028,0.00175,0.001,-0.0026,-0.0048,-0.0085,0.0053,0.191,,,,
S2A_MSIL2A_20220613T184931_R113_T11SKD_20220614T182529,2022-06-13,2A,11SKD,11.5,7510,0.0,0.964,0.0,0.0,0.1073,0.0989,0.1007,0.0994,0.1017,0.092,0.09375,0.115,,,#b097bb,0.1691
S2B_MSIL2A_20220615T183919_R070_T11SKD_20220618T183206,2022-06-15,2B,11SKD,0.0,7510,0.0,0.997,0.0,0.0,-0.0098,-0.0053,-0.008,-0.0107,-0.0139,-0.0186,-0.0011,0.222,,,,
S2A_MSIL2A_20220620T183931_R070_T11SKD_20220621T202223,2022-06-20,2A,11SKD,69.9,7510,0.0,0.031,0.0,0.969,,,,,,,,,,,,
S2A_MSIL2A_20220623T184931_R113_T10SGJ_20220624T084023,2022-06-23,2A,10SGJ,43.0,7493,0.0,0.086,0.0,0.912,,,,,,,,,,,,
S2B_MSIL2A_20220625T183929_R070_T11SKD_20220627T232531,2022-06-25,2B,11SKD,1.9,7510,0.0,0.998,0.0,0.0,-0.0061,-0.0013,-0.0045,-0.0082,-0.012,-0.0181,0.0015,0.272,,,,
S2B_MSIL2A_20220628T184919_R113_T10SGJ_20220629T121957,2022-06-28,2B,10SGJ,0.4,7493,0.0,0.967,0.0,0.0,0.1029,0.1016,0.102,0.0984,0.1007,0.0896,0.0894,0.107,161.02,6.0,#a3a097,0.1133
S2A_MSIL2A_20220630T183931_R070_T10SGJ_20240628T155056,2022-06-30,2A,10SGJ,0.0,7493,0.0,0.995,0.0,0.0,0.0155,0.0138,0.0132,0.0089,0.0067,0.0015,0.0138,0.192,,,,
S2A_MSIL2A_20220703T184931_R113_T10SGJ_20220704T064658,2022-07-03,2A,10SGJ,42.7,7493,0.0,0.707,0.0,0.278,0.1361,0.129,0.129,0.1235,0.1349,0.1525,0.097,0.254,198.74,4.0,#a79e9d,0.177
S2B_MSIL2A_20220705T183929_R070_T11SKD_20220707T084524,2022-07-05,2B,11SKD,31.9,7510,0.0,0.834,0.0,0.147,0.021,0.021,0.0119,0.0022,-0.0018,-0.0112,0.0126,0.303,,,,
S2B_MSIL2A_20220708T184919_R113_T10SGJ_20220709T095738,2022-07-08,2B,10SGJ,0.2,7493,0.0,0.967,0.0,0.0,0.0989,0.0967,0.097,0.09345,0.0957,0.084,0.085,0.12,182.21,5.0,#a29f9b,0.1175
S2A_MSIL2A_20220710T183931_R070_T11SKD_20220712T172311,2022-07-10,2A,11SKD,0.0,7510,0.0,0.997,0.0,0.0,0.0014,0.0003,-0.0012,-0.005,-0.0089,-0.0177,0.0036,0.275,,,,
S2A_MSIL2A_20220713T184931_R113_T10SGJ_20220714T163355,2022-07-13,2A,10SGJ,0.3,7493,0.0,0.966,0.0,0.0,0.0913,0.085,0.0872,0.0844,0.087,0.0739,0.0805,0.145,235.32,1.0,#a99bb1,0.25
S2B_MSIL2A_20220715T183919_R070_T10SGJ_20220716T072904,2022-07-15,2B,10SGJ,1.4,7493,0.0,0.997,0.0,0.0,0.0081,0.0125,0.0096,0.004,0.0015,-0.0039,0.0093,0.201,175.02,5.0,#00bfa2,0.0
S2B_MSIL2A_20220718T184919_R113_T10SGJ_20240713T115127,2022-07-18,2B,10SGJ,13.1,7493,0.0,0.966,0.0,0.0,0.0783,0.0781,0.0783,0.0738,0.0765,0.0626,0.0685,0.191,161.41,6.0,#9aa296,0.203
S2A_MSIL2A_20220720T183931_R070_T11SKD_20220721T065234,2022-07-20,2A,11SKD,3.9,7510,0.0,0.997,0.0,0.0,0.0007,0.0003,0.0001,-0.0054,-0.0078,-0.0148,0.0041,0.247,,,,
S2A_MSIL2A_20220723T184931_R113_T11SKD_20220725T180526,2022-07-23,2A,11SKD,0.0,7510,0.0,0.962,0.0,0.0,0.0801,0.0734,0.0749,0.0719,0.0729,0.0637,0.0685,0.124,233.17,1.0,#a39cba,0.1282
S2B_MSIL2A_20220725T183929_R070_T10SGJ_20240716T001714,2022-07-25,2B,10SGJ,2.1,7493,0.0,0.994,0.0,0.0,0.0037,0.0081,0.0035,-0.0035,-0.0064,-0.0162,-0.0004,0.349,179.82,5.0,#3db1a4,0.0
S2B_MSIL2A_20220728T184919_R113_T10SGJ_20240717T034545,2022-07-28,2B,10SGJ,2.1,7493,0.0,0.972,0.0,0.0,0.0596,0.0579,0.05815,0.0552,0.0572,0.0466,0.0523,0.2,196.83,4.0,#99a1a2,0.2564
S2A_MSIL2A_20220730T183931_R070_T11SKD_20220731T223225,2022-07-30,2A,11SKD,5.0,7510,0.0,0.996,0.0,0.0,0.0014,-0.0006,-0.0027,-0.008,-0.0099,-0.0191,0.0004,0.331,,,,
S2A_MSIL2A_20220802T184931_R113_T10SGJ_20220803T121617,2022-08-02,2A,10SGJ,10.0,7493,0.0,0.959,0.0,0.012,0.0519,0.0455,0.0457,0.042,0.0439,0.03255,0.0431,0.166,233.22,1.0,#869bf5,0.7778
S2B_MSIL2A_20220804T183919_R070_T11SKD_20240712T163926,2022-08-04,2B,11SKD,9.0,7510,0.0,0.967,0.0,0.025,0.0036,0.0065,0.0016,-0.0043,-0.0053,-0.0157,0.0027,0.317,,,,
S2B_MSIL2A_20220807T184919_R113_T10SGJ_20240718T101433,2022-08-07,2B,10SGJ,0.7,7493,0.0,0.974,0.0,0.0,0.0297,0.0284,0.0262,0.0211,0.0215,0.0155,0.0205,0.129,205.34,4.0,#70a8b8,0.25
S2A_MSIL2A_20220809T183931_R070_T10SGJ_20220811T071608,2022-08-09,2A,10SGJ,51.4,7493,0.0,0.973,0.0,0.023,0.0108,0.007,0.0028,-0.0025,-0.0038,-0.0141,0.006,0.322,,,,
S2A_MSIL2A_20220812T184931_R113_T10SGJ_20220813T053849,2022-08-12,2A,10SGJ,0.0,7493,0.0,0.964,0.0,0.0,0.0414,0.0373,0.0374,0.0342,0.0345,0.0287,0.0349,0.115,229.11,1.0,#81a0de,0.0
S2B_MSIL2A_20220814T183919_R070_T11SKD_20220815T075834,2022-08-14,2B,11SKD,0.0,7510,0.0,0.998,0.0,0.0,0.0027,0.006,0.0023,-0.0028,-0.0049,-0.0087,0.0032,0.184,,,,
S2A_MSIL2A_20220822T184931_R113_T10SGJ_20240719T135253,2022-08-22,2A,10SGJ,0.0,7493,0.0,0.984,0.0,0.0,0.0254,0.0235,0.0231,0.0202,0.0201,0.0158,0.0222,0.124,230.6,1.0,#759ff2,0.0
S2B_MSIL2A_20220824T183919_R070_T11SKD_20240714T204640,2022-08-24,2B,11SKD,0.0,7510,0.0,1.0,0.0,0.0,-0.0011,0.0018,-0.0015,-0.0054,-0.0075,-0.0106,0.001,0.176,,,,
S2B_MSIL2A_20220827T184919_R113_T11SKD_20220829T092520,2022-08-27,2B,11SKD,0.0,7510,0.0,0.994,0.0,0.0,0.0227,0.0254,0.0234,0.0193,0.0192,0.0155,0.019,0.124,169.31,5.0,#67ad97,-0.2
S2A_MSIL2A_20220829T183931_R070_T10SGJ_20220831T070926,2022-08-29,2A,10SGJ,0.2,7493,0.0,0.998,0.0,0.0,-0.0008,-0.0015,-0.0025,-0.0061,-0.0081,-0.0113,0.0008,0.179,,,,
S2A_MSIL2A_20220901T184931_R113_T10SGJ_20220902T112630,2022-09-01,2A,10SGJ,0.0,7493,0.0,0.998,0.0,0.0,0.0079,0.0085,0.0065,0.0015,0.0005,-0.0019,0.0017,0.149,190.58,5.0,#66abac,0.0
S2B_MSIL2A_20220903T183919_R070_T11SKD_20220904T051015,2022-09-03,2B,11SKD,0.0,7510,0.0,0.998,0.0,0.0,-0.0029,0.0001,-0.003,-0.0069,-0.0092,-0.0128,0.0005,0.2,,,,
S2B_MSIL2A_20220906T184919_R113_T10SGJ_20220907T132719,2022-09-06,2B,10SGJ,1.8,7493,0.0,0.998,0.0,0.0,0.0091,0.0127,0.0097,0.0046,0.0043,0.0013,0.0061,0.158,171.64,5.0,#50b09a,0.0
S2A_MSIL2A_20220908T183931_R070_T11SKD_20220909T065925,2022-09-08,2A,11SKD,0.2,7510,0.0,0.997,0.0,0.0,0.005,0.0039,0.0033,-0.0021,-0.0037,-0.0106,0.0011,0.287,211.25,3.0,#71a7bf,0.0
S2A_MSIL2A_20220911T184951_R113_T11SKD_20240719T070740,2022-09-11,2A,11SKD,38.5,7510,0.0,0.854,0.0,0.0,0.0181,0.0172,0.0137,0.0066,0.0069,-0.0026,0.005,0.337,201.34,4.0,#75a8b3,0.0857
S2B_MSIL2A_20220913T183959_R070_T10SGJ_20240719T083246,2022-09-13,2B,10SGJ,31.4,7493,0.0,0.945,0.0,0.003,-0.0062,-0.0016,-0.0038,-0.0074,-0.0093,-0.0133,0.001,0.209,,,,
S2B_MSIL2A_20220916T185019_R113_T11SKD_20240728T214058,2022-09-16,2B,11SKD,4.4,7510,0.0,0.998,0.0,0.0,0.063,0.0636,0.0534,0.0376,0.0362,0.0298,0.0075,0.25,187.79,5.0,#97a2a0,-0.0238
S2A_MSIL2A_20220918T184041_R070_T10SGJ_20240719T051011,2022-09-18,2A,10SGJ,54.9,7493,0.0,0.987,0.0,0.0,-0.0037,-0.0049,-0.0054,-0.0083,-0.0101,-0.0156,0.0012,0.242,,,,
S2B_MSIL2A_20220923T184109_R070_T10SGJ_20220924T090738,2022-09-23,2B,10SGJ,0.0,7493,0.0,0.998,0.0,0.0,-0.0038,-0.0002,-0.0025,-0.006,-0.0078,-0.0102,-0.0005,0.166,,,,
S2B_MSIL2A_20220926T185129_R113_T10SGJ_20220927T125550,2022-09-26,2B,10SGJ,7.6,7493,0.0,0.905,0.0,0.071,0.0034,0.0078,0.0041,0.0009,0.0003,0.0005,0.0014,0.078,170.8,5.0,#2eb398,0.0
S2A_MSIL2A_20220928T184151_R070_T11SKD_20220929T100526,2022-09-28,2A,11SKD,20.1,7510,0.0,0.998,0.0,0.0,-0.0021,-0.0028,-0.0026,-0.0059,-0.0072,-0.01,0.0012,0.166,,,,
S2A_MSIL2A_20221001T185211_R113_T10SGJ_20221002T114559,2022-10-01,2A,10SGJ,0.0,7493,0.0,0.998,0.0,0.0,0.0002,0.0027,0.0022,-0.001,-0.0014,-0.002,0.0016,0.089,139.43,6.0,#5bb174,0.0
S2B_MSIL2A_20221003T184219_R070_T10SGJ_20221004T130204,2022-10-03,2B,10SGJ,0.0,7493,0.0,1.0,0.0,0.0,-0.0023,0.0012,-0.0012,-0.0049,-0.0062,-0.0083,0.0001,0.148,,,,
S2B_MSIL2A_20221006T185239_R113_T10SGJ_20240713T091041,2022-10-06,2B,10SGJ,0.0,7493,0.0,1.0,0.0,0.0,-0.0001,0.0057,0.0028,-0.001,-0.0011,-0.0013,0.0008,0.085,149.81,6.0,#21b678,0.0
S2A_MSIL2A_20221008T184301_R070_T11SKD_20221009T082739,2022-10-08,2A,11SKD,0.0,7510,0.0,1.0,0.0,0.0,-0.0017,-0.0035,-0.0032,-0.0065,-0.0077,-0.0099,0.0004,0.162,,,,
S2A_MSIL2A_20221011T185321_R113_T11SKD_20240708T181957,2022-10-11,2A,11SKD,0.2,7510,0.0,0.999,0.0,0.0,0.0048,0.0068,0.0054,0.0016,0.0013,0.0008,0.002,0.077,167.95,5.0,#65ad96,0.0
S2B_MSIL2A_20221013T184329_R070_T10SGJ_20240719T172345,2022-10-13,2B,10SGJ,0.0,7493,0.0,1.0,0.0,0.0,-0.0023,0.0014,-0.0011,-0.0047,-0.0063,-0.0075,0.0001,0.129,,,,
S2B_MSIL2A_20221016T185349_R113_T10SGJ_20240710T230958,2022-10-16,2B,10SGJ,0.0,7493,0.0,1.0,0.0,0.0,-0.0023,0.0048,0.0026,-0.0011,-0.0017,-0.0017,0.0006,0.086,144.12,6.0,#3eb472,0.0
S2A_MSIL2A_20221018T184401_R070_T10SGJ_20240714T151641,2022-10-18,2A,10SGJ,59.7,7493,0.0,0.0,0.0,0.024,,,,,,,,,,,,
S2A_MSIL2A_20221021T185421_R113_T10SGJ_20221022T213440,2022-10-21,2A,10SGJ,0.0,7493,0.0,1.0,0.0,0.0,0.0005,0.0042,0.0041,0.0007,0.0005,0.0005,0.0029,0.074,112.42,7.0,#76ae5c,0.0
S2B_MSIL2A_20221023T184429_R070_T10SGJ_20221024T114550,2022-10-23,2B,10SGJ,33.7,7493,0.0,0.94,0.0,0.059,0.003,0.0059,0.003,-0.0027,-0.0048,-0.0067,0.0008,0.132,178.23,5.0,#36b1a2,0.0
S2B_MSIL2A_20221026T185449_R113_T11SKD_20221027T071649,2022-10-26,2B,11SKD,0.3,7510,0.0,0.981,0.0,0.019,-0.0015,0.0055,0.0029,-0.0004,-0.0008,0.0,0.0009,0.072,147.59,6.0,#2fb576,0.0
S2A_MSIL2A_20221028T184501_R070_T11SKD_20221029T073626,2022-10-28,2A,11SKD,5.7,7510,0.0,0.965,0.0,0.0,0.021,0.0167,0.018,0.0143,0.0155,0.0191,0.0186,0.107,,,,
S2A_MSIL2A_20221110T185621_R113_T10SGJ_20221111T032524,2022-11-10,2A,10SGJ,0.3,7493,0.001,0.989,0.0,0.009,-0.0489,-0.039,-0.0302,-0.0264,-0.0284,-0.0234,-0.0026,0.179,,,,
S2B_MSIL2A_20221115T185639_R113_T10SGJ_20221116T115316,2022-11-15,2B,10SGJ,0.6,7493,0.001,0.999,0.0,0.0,-0.0207,-0.0097,-0.0095,-0.0107,-0.0117,-0.0107,-0.0013,0.153,,,,
S2A_MSIL2A_20221117T184651_R070_T11SKD_20221118T080418,2022-11-17,2A,11SKD,3.0,7510,0.003,0.995,0.0,0.0,-0.0382,-0.0316,-0.0245,-0.023,-0.025,-0.0245,-0.003,0.2,,,,
S2A_MSIL2A_20221120T185701_R113_T10SGJ_20221121T054432,2022-11-20,2A,10SGJ,7.3,7493,0.0,0.996,0.001,0.0,-0.0022,0.0019,0.004,0.0023,0.0014,0.0041,0.0052,0.132,,,,
S2B_MSIL2A_20221122T184709_R070_T10SGJ_20221123T053552,2022-11-22,2B,10SGJ,8.8,7493,0.0,0.737,0.001,0.255,0.0586,0.0699,0.068,0.0616,0.0651,0.0859,0.042,0.195,92.45,9.0,#a0a280,0.082
S2B_MSIL2A_20221125T185719_R113_T11SKD_20221202T063059,2022-11-25,2B,11SKD,53.2,7510,0.0,0.14,0.0,0.86,,,,,,,,,,,,
S2A_MSIL2A_20221127T184721_R070_T11SKD_20221130T211511,2022-11-27,2A,11SKD,0.6,7510,0.0,0.994,0.0,0.0,-0.018,-0.0171,-0.0122,-0.0129,-0.0139,-0.0141,-0.0007,0.158,,,,
S2A_MSIL2A_20221130T185741_R113_T10SGJ_20221202T210259,2022-11-30,2A,10SGJ,2.4,7493,0.001,0.994,0.0,0.0,-0.0189,-0.0117,-0.0082,-0.0092,-0.0105,-0.0092,-0.0006,0.123,,,,
S2B_MSIL2A_20230302T184309_R070_T11SKD_20240803T225754,2023-03-02,2B,11SKD,0.1,7510,0.0,0.903,0.047,0.0,0.03385,0.0364,0.03355,0.0278,0.0269,0.0303,0.0098,0.046,154.32,6.0,#9fa194,-0.0256
S2A_MSIL2A_20230307T184221_R070_T11SKD_20230308T033502,2023-03-07,2A,11SKD,63.3,7510,0.0,0.313,0.064,0.622,,,,,,,,,,,,
S2B_MSIL2A_20230315T185139_R113_T10SGJ_20230316T052157,2023-03-15,2B,10SGJ,12.7,7493,0.0,0.907,0.076,0.016,-0.0599,-0.0425,-0.0351,-0.0313,-0.0343,-0.0276,-0.0018,0.27,,,,
S2A_MSIL2A_20230317T184111_R070_T11SKD_20240824T085235,2023-03-17,2A,11SKD,0.1,7510,0.0,0.924,0.073,0.002,0.03,0.0242,0.02235,0.013,0.0116,0.0105,0.0023,0.046,205.8,4.0,#96a2a8,-0.07
S2A_MSIL2A_20230320T185101_R113_T11SKD_20230321T011745,2023-03-20,2A,11SKD,19.1,7510,0.0,0.903,0.061,0.035,0.0253,0.0224,0.0205,0.0124,0.0104,0.0102,0.0049,0.046,197.81,4.0,#92a3a6,-0.1538
S2B_MSIL2A_20230325T185029_R113_T11SKD_20230326T014744,2023-03-25,2B,11SKD,29.3,7510,0.0,0.905,0.032,0.061,0.0176,0.0231,0.0188,0.0116,0.0075,0.0098,0.00315,0.128,161.88,6.0,#8ea594,-0.3203
S2A_MSIL2A_20230327T184001_R070_T11SKD_20230328T011031,2023-03-27,2A,11SKD,0.2,7510,0.0,0.95,0.026,0.018,0.0504,0.0422,0.0411,0.0333,0.0346,0.0354,0.0122,0.063,208.99,4.0,#a19fa3,0.0299
S2A_MSIL2A_20230330T184951_R113_T11SKD_20230331T022645,2023-03-30,2A,11SKD,25.3,7510,0.0,0.916,0.011,0.073,0.0297,0.0252,0.0237,0.0154,0.0149,0.0148,0.0058,0.055,202.27,4.0,#96a2a6,-0.0267
S2B_MSIL2A_20230401T183929_R070_T11SKD_20240827T023056,2023-04-01,2B,11SKD,29.9,7510,0.0,0.165,0.0,0.835,,,,,,,,,,,,
S2B_MSIL2A_20230404T184919_R113_T10SGJ_20230405T042621,2023-04-04,2B,10SGJ,14.5,7493,0.0,0.966,0.017,0.014,-0.0558,-0.041,-0.0334,-0.0296,-0.0324,-0.0286,0.001,0.291,,,,
S2A_MSIL2A_20230406T183921_R070_T11SKD_20240808T061838,2023-04-06,2A,11SKD,1.6,7510,0.0,0.069,0.011,0.741,,,,,,,,,,,,
S2A_MSIL2A_20230409T184921_R113_T10SGJ_20240807T012743,2023-04-09,2A,10SGJ,0.0,7493,0.0,0.979,0.017,0.0,-0.0573,-0.0474,-0.0387,-0.0348,-0.0367,-0.0311,-0.0026,0.271,,,,
S2B_MSIL2A_20230411T183919_R070_T10SGJ_20230412T025255,2023-04-11,2B,10SGJ,60.6,7493,0.0,0.934,0.004,0.054,0.0217,0.0214,0.0166,0.0086,0.0069,0.006,0.0044,0.068,199.08,4.0,#80a6ad,-0.2537
S2B_MSIL2A_20230414T184919_R113_T10SGJ_20230415T004419,2023-04-14,2B,10SGJ,1.0,7493,0.0,0.986,0.006,0.006,-0.0535,-0.0397,-0.0323,-0.0276,-0.0289,-0.0235,0.0017,0.307,,,,
S2A_MSIL2A_20230419T184921_R113_T11SKD_20230420T014703,2023-04-19,2A,11SKD,6.1,7510,0.0,0.988,0.005,0.002,0.0291,0.0249,0.0273,0.023,0.0235,0.0233,0.0186,0.111,199.87,4.0,#a39f9f,0.0538
S2B_MSIL2A_20230421T183919_R070_T10SGJ_20230422T023516,2023-04-21,2B,10SGJ,32.7,7493,0.0,0.99,0.006,0.0,0.0326,0.033,0.0286,0.0205,0.0201,0.0208,0.0087,0.085,187.04,5.0,#94a3a0,-0.0172
S2B_MSIL2A_20230424T184919_R113_T10SGJ_20230425T162856,2023-04-24,2B,10SGJ,1.0,7493,0.0,0.991,0.005,0.0,-0.0208,-0.0128,-0.0053,-0.0011,-0.0014,0.0011,0.0187,0.303,,,,
S2A_MSIL2A_20230426T183921_R070_T10SGJ_20230427T034531,2023-04-26,2A,10SGJ,0.2,7493,0.0,0.992,0.004,0.0,-0.044,-0.0369,-0.0277,-0.0248,-0.0259,-0.023,0.001,0.328,,,,
S2A_MSIL2A_20230429T184921_R113_T11SKD_20230430T032355,2023-04-29,2A,11SKD,2.6,7510,0.0,0.987,0.002,0.006,-0.0127,-0.0124,-0.0063,-0.0059,-0.0064,-0.0068,0.0133,0.274,,,,
S2B_MSIL2A_20230501T183919_R070_T10SGJ_20240901T010922,2023-05-01,2B,10SGJ,25.7,7493,0.0,0.996,0.001,0.0,-0.0297,-0.0206,-0.0183,-0.018,-0.0214,-0.0211,0.0024,0.292,,,,
S2A_MSIL2A_20230509T184921_R113_T11SKD_20240812T112451,2023-05-09,2A,11SKD,27.7,7510,0.0,0.019,0.021,0.077,,,,,,,,,,,,
S2B_MSIL2A_20230511T183919_R070_T10SGJ_20230512T023517,2023-05-11,2B,10SGJ,3.8,7493,0.0,0.989,0.001,0.005,-0.03525,-0.02735,-0.026,-0.0249,-0.0287,-0.0297,-0.0017,0.328,,,,
S2B_MSIL2A_20230514T184919_R113_T10SGJ_20230515T030100,2023-05-14,2B,10SGJ,28.5,7493,0.0,0.82,0.0,0.173,-0.0139,-0.0095,-0.0114,-0.0144,-0.0174,-0.0167,0.0008,0.274,,,,
S2A_MSIL2A_20230516T183921_R070_T10SGJ_20230517T034731,2023-05-16,2A,10SGJ,0.1,7493,0.0,0.961,0.0,0.036,-0.026,-0.0244,-0.021,-0.0213,-0.0246,-0.0264,-0.0003,0.311,,,,
S2A_MSIL2A_20230519T184921_R113_T10SGJ_20230520T014848,2023-05-19,2A,10SGJ,0.1,7493,0.0,0.995,0.0,0.0,-0.0267,-0.0233,-0.0199,-0.0207,-0.0227,-0.0243,-0.0011,0.303,,,,
S2B_MSIL2A_20230521T183929_R070_T10SGJ_20230522T021720,2023-05-21,2B,10SGJ,6.1,7493,0.0,0.997,0.0,0.0,-0.013,-0.0087,-0.0097,-0.0133,-0.0158,-0.0205,0.002,0.312,,,,
S2B_MSIL2A_20230524T184919_R113_T10SGJ_20240907T195024,2023-05-24,2B,10SGJ,28.9,7493,0.0,0.965,0.0,0.0,0.0688,0.0618,0.0626,0.0571,0.0578,0.0426,0.0508,0.3,220.91,3.0,#9c9fae,0.0526
S2A_MSIL2A_20230526T183921_R070_T10SGJ_20230527T022743,2023-05-26,2A,10SGJ,65.8,7493,0.0,0.067,0.0,0.929,,,,,,,,,,,,
S2A_MSIL2A_20230529T184921_R113_T10SGJ_20240912T002230,2023-05-29,2A,10SGJ,41.4,7493,0.0,0.08,0.0,0.652,,,,,,,,,,,,
S2B_MSIL2A_20230531T183919_R070_T11SKD_20240909T014906,2023-05-31,2B,11SKD,17.6,7510,0.0,0.89,0.0,0.101,-0.0028,0.0005,-0.003,-0.0097,-0.0128,-0.0193,-0.0008,0.339,,,,
S2B_MSIL2A_20230603T184919_R113_T10SGJ_20240816T181839,2023-06-03,2B,10SGJ,0.1,7493,0.0,0.407,0.0,0.0,,,,,,,,,,,,
S2A_MSIL2A_20230605T183921_R070_T10SGJ_20240913T054917,2023-06-05,2A,10SGJ,18.3,7493,0.0,0.998,0.0,0.0,-0.001,-0.0027,-0.0021,-0.0065,-0.0093,-0.0169,0.0019,0.341,,,,
S2A_MSIL2A_20230608T184921_R113_T11SKD_20240913T014258,2023-06-08,2A,11SKD,31.9,7510,0.0,0.575,0.0,0.396,0.0884,0.0688,0.0681,0.0643,0.0663,0.0453,0.0609,0.324,235.72,1.0,#9896f6,0.2273
S2B_MSIL2A_20230613T184919_R113_T10SGJ_20240812T141354,2023-06-13,2B,10SGJ,40.1,7493,0.0,0.003,0.0,0.986,,,,,,,,,,,,
S2A_MSIL2A_20230615T183921_R070_T10SGJ_20230616T035757,2023-06-15,2A,10SGJ,12.1,7493,0.0,0.947,0.0,0.041,0.0192,0.0179,0.019,0.0152,0.0149,0.0152,0.021,0.348,,,,
S2A_MSIL2A_20230618T184921_R113_T11SKD_20230619T034033,2023-06-18,2A,11SKD,22.4,7510,0.0,0.771,0.0,0.195,0.0927,0.0888,0.0866,0.0814,0.082,0.0724,0.0749,0.162,212.43,3.0,#94a1ae,0.0441
S2B_MSIL2A_20230620T183919_R070_T11SKD_20230621T014159,2023-06-20,2B,11SKD,2.4,7510,0.0,0.992,0.0,0.0,0.0103,0.0144,0.0122,0.0077,0.0038,-0.0042,0.011,0.283,154.83,6.0,#00b67e,0.0
S2B_MSIL2A_20230623T184919_R113_T10SGJ_20240813T092536,2023-06-23,2B,10SGJ,9.7,7493,0.0,0.007,0.0,0.135,,,,,,,,,,,,
S2A_MSIL2A_20230625T183921_R070_T11SKD_20240814T070008,2023-06-25,2A,11SKD,20.5,7510,0.0,0.534,0.0,0.357,0.0058,0.0046,0.0029,-0.001,-0.0055,-0.0166,0.008,0.352,,,,
S2A_MSIL2A_20230628T184921_R113_T11SKD_20240814T061321,2023-06-28,2A,11SKD,5.5,7510,0.0,0.013,0.0,0.0,,,,,,,,,,,,
S2B_MSIL2A_20230630T183929_R070_T11SKD_20230701T025141,2023-06-30,2B,11SKD,0.0,7510,0.0,0.997,0.0,0.0,-0.0035,0.0012,-0.0009,-0.004,-0.008,-0.0149,0.0034,0.254,,,,
S2B_MSIL2A_20230703T184919_R113_T10SGJ_20230704T004145,2023-07-03,2B,10SGJ,0.3,7493,0.0,0.967,0.0,0.0,0.1082,0.1089,0.1119,0.1098,0.1125,0.0973,0.0994,0.187,52.12,14.0,#af9e7e,0.1149
S2A_MSIL2A_20230705T183921_R070_T11SKD_20230706T015539,2023-07-05,2A,11SKD,0.3,7510,0.0,0.995,0.0,0.0,-0.0003,0.0019,0.0036,-0.0007,-0.0048,-0.0138,0.008,0.314,,,,
S2A_MSIL2A_20230708T184921_R113_T10SGJ_20241014T134017,2023-07-08,2A,10SGJ,0.5,7493,0.0,0.181,0.0,0.068,,,,,,,,,,,,
S2B_MSIL2A_20230710T183929_R070_T11SKD_20230711T032148,2023-07-10,2B,11SKD,0.0,7510,0.0,0.996,0.0,0.0,-0.0018,0.00415,0.0031,-0.0016,-0.0051,-0.0133,0.0054,0.245,,,,
S2B_MSIL2A_20230713T184939_R113_T10SGJ_20230714T033756,2023-07-13,2B,10SGJ,0.1,7493,0.0,0.967,0.0,0.0,0.0925,0.089,0.0916,0.0877,0.0892,0.0769,0.0786,0.128,137.14,6.0,#a89e96,0.0761
S2A_MSIL2A_20230715T183921_R070_T11SKD_20241007T071034,2023-07-15,2A,11SKD,0.0,7510,0.0,0.998,0.0,0.0,-0.0076,-0.0075,-0.0061,-0.0093,-0.0131,-0.0216,0.001,0.268,,,,
S2A_MSIL2A_20230718T184921_R113_T10SGJ_20241014T064349,2023-07-18,2A,10SGJ,4.2,7493,0.0,0.006,0.0,0.0,,,,,,,,,,,,
S2B_MSIL2A_20230720T183929_R070_T10SGJ_20241029T194923,2023-07-20,2B,10SGJ,0.0,7493,0.0,0.997,0.0,0.0,0.0008,0.005,0.0035,-0.0019,-0.0049,-0.0112,0.0032,0.209,170.81,5.0,#00bb98,0.0
S2B_MSIL2A_20230723T184929_R113_T11SKD_20230724T001821,2023-07-23,2B,11SKD,23.1,7510,0.0,0.0,0.0,1.0,,,,,,,,,,,,
S2A_MSIL2A_20230725T183921_R070_T10SGJ_20240906T154600,2023-07-25,2A,10SGJ,1.1,7493,0.0,0.996,0.0,0.0,0.003,0.0027,0.0034,-0.0013,-0.0038,-0.0092,0.0053,0.2,,,,
S2A_MSIL2A_20230728T184921_R113_T10SGJ_20240911T130101,2023-07-28,2A,10SGJ,0.1,7493,0.0,0.005,0.0,0.0,,,,,,,,,,,,
S2B_MSIL2A_20230730T183929_R070_T10SGJ_20230731T014245,2023-07-30,2B,10SGJ,0.4,7493,0.0,0.996,0.0,0.0,0.0048,0.0083,0.0067,0.0016,-0.001,-0.0057,0.0065,0.192,175.1,5.0,#00bda1,0.0
S2B_MSIL2A_20230802T184919_R113_T10SGJ_20230803T003634,2023-08-02,2B,10SGJ,3.0,7493,0.0,0.964,0.0,0.0,0.0566,0.0548,0.056,0.0526,0.0545,0.0446,0.049,0.145,172.5,5.0,#9fa199,0.2088
S2A_MSIL2A_20230804T183921_R070_T11SKD_20230805T031015,2023-08-04,2A,11SKD,1.2,7510,0.0,0.989,0.0,0.0,-0.0047,-0.0044,-0.0033,-0.0057,-0.0081,-0.0156,0.0063,0.323,,,,
S2A_MSIL2A_20230807T184921_R113_T10SGJ_20240823T115518,2023-08-07,2A,10SGJ,0.0,7493,0.0,0.036,0.0,0.0,,,,,,,,,,,,
S2B_MSIL2A_20230809T183929_R070_T10SGJ_20230810T021032,2023-08-09,2B,10SGJ,2.3,7493,0.0,0.998,0.0,0.0,-0.0037,0.0005,-0.0012,-0.0054,-0.0082,-0.0127,0.0014,0.206,,,,
S2B_MSIL2A_20230812T184919_R113_T10SGJ_20241018T051857,2023-08-12,2B,10SGJ,0.5,7493,0.0,0.972,0.0,0.0,0.0241,0.0241,0.0239,0.0197,0.02085,0.0142,0.0201,0.154,179.47,5.0,#77a9a0,0.7647
S2A_MSIL2A_20230817T184921_R113_T10SGJ_20241024T064252,2023-08-17,2A,10SGJ,20.9,7493,0.0,0.481,0.0,0.491,,,,,,,,,,,,
S2B_MSIL2A_20230819T183929_R070_T11SKD_20230820T011118,2023-08-19,2B,11SKD,14.9,7510,0.0,0.95,0.0,0.027,0.059,0.0529,0.0493,0.0418,0.0469,0.0539,0.0401,0.237,218.35,3.0,#78a5c6,0.6
S2B_MSIL2A_20230822T184919_R113_T10SGJ_20241016T063951,2023-08-22,2B,10SGJ,65.2,7493,0.0,0.007,0.0,0.988,,,,,,,,,,,,
S2A_MSIL2A_20230824T183921_R070_T10SGJ_20240913T190319,2023-08-24,2A,10SGJ,1.7,7493,0.0,0.937,0.0,0.031,-0.0012,-0.002,-0.0019,-0.0055,-0.0074,-0.0106,0.0009,0.171,,,,
S2A_MSIL2A_20230827T184921_R113_T11SKD_20230828T052225,2023-08-27,2A,11SKD,0.0,7510,0.0,0.999,0.0,0.0,0.0042,0.0046,0.0039,-0.0001,-0.0013,-0.003,0.0019,0.136,183.93,5.0,#6baba5,0.0
S2B_MSIL2A_20230829T183929_R070_T11SKD_20240821T160323,2023-08-29,2B,11SKD,0.0,7510,0.0,0.999,0.0,0.0,0.0022,0.0054,0.0038,-0.001,-0.00235,-0.0055,0.0037,0.159,179.42,5.0,#00bfac,0.0
S2A_MSIL2A_20230906T184921_R113_T10SGJ_20241024T135951,2023-09-06,2A,10SGJ,3.8,7493,0.0,0.996,0.0,0.0,0.0072,0.0075,0.008,0.0049,0.0042,0.002,0.0077,0.129,,,,
S2B_MSIL2A_20230908T183919_R070_T11SKD_20240824T172409,2023-09-08,2B,11SKD,0.0,7510,0.0,0.999,0.0,0.0,-0.0063,-0.0014,-0.003,-0.0063,-0.0086,-0.0115,0.0003,0.184,,,,
S2B_MSIL2A_20230911T184939_R113_T10SGJ_20240824T204432,2023-09-11,2B,10SGJ,4.4,7493,0.0,0.995,0.0,0.0,0.0098,0.0136,0.0115,0.0072,0.0069,0.0052,0.0071,0.116,159.31,6.0,#60af8c,0.0
S2A_MSIL2A_20230913T184001_R070_T10SGJ_20241104T103229,2023-09-13,2A,10SGJ,6.6,7493,0.0,0.904,0.0,0.087,0.0045,0.0032,0.0031,-0.0019,-0.0033,-0.0055,0.0025,0.184,232.17,1.0,#839cef,0.0
S2A_MSIL2A_20230916T185021_R113_T11SKD_20240825T233500,2023-09-16,2A,11SKD,19.9,7510,0.0,0.001,0.0,0.888,,,,,,,,,,,,
S2B_MSIL2A_20230918T183939_R070_T11SKD_20230919T032601,2023-09-18,2B,11SKD,2.5,7510,0.0,0.943,0.0,0.056,-0.0056,-0.0017,-0.0034,-0.0069,-0.0091,-0.0124,-0.0005,0.201,,,,
S2B_MSIL2A_20230921T185009_R113_T10SGJ_20230922T022305,2023-09-21,2B,10SGJ,50.6,7493,0.0,0.04,0.0,0.936,,,,,,,,,,,,
S2A_MSIL2A_20230923T184111_R070_T11SKD_20230924T024654,2023-09-23,2A,11SKD,0.0,7510,0.0,0.999,0.0,0.0,-0.0044,-0.005,-0.0041,-0.007,-0.0088,-0.0116,0.0002,0.183,,,,
S2A_MSIL2A_20230926T185131_R113_T11SKD_20230927T021420,2023-09-26,2A,11SKD,7.6,7510,0.0,0.601,0.0,0.365,0.0128,0.0117,0.0108,0.0056,0.0046,0.0033,0.0092,0.111,217.85,3.0,#67a7ce,0.0
S2B_MSIL2A_20230928T184049_R070_T10SGJ_20230929T014355,2023-09-28,2B,10SGJ,0.0,7493,0.0,0.998,0.0,0.0,-0.0054,-0.0012,-0.0021,-0.0056,-0.0072,-0.0089,0.0003,0.16,,,,
S2A_MSIL2A_20231003T184221_R070_T10SGJ_20231004T022552,2023-10-03,2A,10SGJ,42.9,7493,0.0,0.064,0.0,0.934,,,,,,,,,,,,
S2A_MSIL2A_20231006T185241_R113_T10SGJ_20231007T022251,2023-10-06,2A,10SGJ,0.0,7493,0.0,1.0,0.0,0.0,-0.0019,0.0011,0.0015,-0.0019,-0.0028,-0.0033,0.0008,0.098,75.9,10.0,#9aa744,0.0
S2B_MSIL2A_20231008T184249_R070_T11SKD_20231009T012320,2023-10-08,2B,11SKD,0.0,7510,0.0,1.0,0.0,0.0,-0.0051,-0.0016,-0.0026,-0.0063,-0.0079,-0.01,-0.0006,0.162,,,,
S2B_MSIL2A_20231011T185319_R113_T11SKD_20240917T161744,2023-10-11,2B,11SKD,9.3,7510,0.0,0.539,0.0,0.227,0.0038,0.0097,0.0074,0.0014,0.0005,0.0,0.0023,0.085,141.54,6.0,#60b078,0.0
S2A_MSIL2A_20231013T184321_R070_T11SKD_20231014T012518,2023-10-13,2A,11SKD,2.8,7510,0.0,0.968,0.0,0.009,0.011,0.0083,0.012,0.0102,0.0118,0.0155,0.0169,0.178,,,,
S2A_MSIL2A_20231016T185351_R113_T10SGJ_20231017T011354,2023-10-16,2A,10SGJ,35.3,7493,0.0,0.477,0.0,0.496,,,,,,,,,,,,
S2B_MSIL2A_20231018T184359_R070_T10SGJ_20231019T155652,2023-10-18,2B,10SGJ,0.0,7493,0.0,1.0,0.0,0.0,0.0006,0.0044,0.0028,-0.0022,-0.0041,-0.0054,0.0003,0.128,136.99,6.0,#57b26f,0.0
S2B_MSIL2A_20231021T185419_R113_T10SGJ_20231021T221502,2023-10-21,2B,10SGJ,7.7,7493,0.0,0.936,0.0,0.063,0.0019,0.0081,0.007,0.002,0.0013,0.0019,0.0035,0.09,122.31,7.0,#66b15f,0.0
S2A_MSIL2A_20231023T184431_R070_T10SGJ_20231023T231900,2023-10-23,2A,10SGJ,19.0,7493,0.0,0.898,0.0,0.1,0.0274,0.0192,0.0154,0.0072,0.006,0.0037,0.0074,0.107,221.88,2.0,#68a6d7,0.0
S2A_MSIL2A_20231026T185451_R113_T10SGJ_20241107T143556,2023-10-26,2A,10SGJ,3.3,7493,0.0,1.0,0.0,0.0,-0.0028,0.001,0.0013,-0.0028,-0.0047,-0.0041,-0.0002,0.111,98.8,8.0,#83ac4f,0.0
S2B_MSIL2A_20231028T184459_R070_T11SKD_20241031T003724,2023-10-28,2B,11SKD,0.3,7510,0.0,0.999,0.0,0.0,-0.008,-0.0027,-0.0032,-0.0069,-0.0082,-0.0099,-0.0007,0.141,,,,
S2B_MSIL2A_20231031T185529_R113_T11SKD_20231031T221641,2023-10-31,2B,11SKD,15.3,7510,0.0,0.97,0.0,0.0,0.0145,0.0226,0.0215,0.0179,0.0186,0.0271,0.0194,0.098,129.7,7.0,#5eb266,0.0
S2A_MSIL2A_20231102T184531_R070_T10SGJ_20241022T213142,2023-11-02,2A,10SGJ,17.7,7493,0.0,0.0,0.0,0.0,,,,,,,,,,,,
S2A_MSIL2A_20231105T185551_R113_T11SKD_20240927T161116,2023-11-05,2A,11SKD,53.0,7510,0.0,0.002,0.0,0.0,,,,,,,,,,,,
S2B_MSIL2A_20231107T184559_R070_T10SGJ_20241112T092502,2023-11-07,2B,10SGJ,48.8,7493,0.0,0.124,0.0,0.875,,,,,,,,,,,,
S2B_MSIL2A_20231110T185619_R113_T11SKD_20231110T220758,2023-11-10,2B,11SKD,4.5,7510,0.0,1.0,0.0,0.0,-0.0034,0.0044,0.0027,-0.0018,-0.0028,-0.0017,0.0011,0.103,143.58,6.0,#42b472,0.0
S2A_MSIL2A_20231112T184621_R070_T10SGJ_20231112T223601,2023-11-12,2A,10SGJ,45.7,7493,0.0,0.96,0.0,0.013,0.0385,0.035,0.0357,0.0293,0.032,0.0416,0.0305,0.12,210.25,3.0,#81a5b7,0.875
S2B_MSIL2A_20231117T184649_R070_T10SGJ_20240902T054928,2023-11-17,2B,10SGJ,47.4,7493,0.0,0.0,0.0,0.837,,,,,,,,,,,,
S2B_MSIL2A_20231120T185659_R113_T10SGJ_20240927T053625,2023-11-20,2B,10SGJ,0.0,7493,0.0,0.995,0.0,0.0,-0.0124,-0.0026,-0.0028,-0.0054,-0.0068,-0.0058,-0.0009,0.096,,,,
S2A_MSIL2A_20231122T184701_R070_T10SGJ_20231122T230810,2023-11-22,2A,10SGJ,10.6,7493,0.0,0.942,0.0,0.01,0.0469,0.0426,0.0465,0.043,0.0505,0.0838,0.0725,0.111,,,,
S2A_MSIL2A_20231125T185721_R113_T10SGJ_20231125T231557,2023-11-25,2A,10SGJ,4.3,7493,0.003,0.994,0.0,0.0,-0.0064,-0.0011,0.0003,-0.0022,-0.0026,-0.0026,0.0004,0.072,,,,
S2B_MSIL2A_20231127T184719_R070_T11SKD_20231127T223623,2023-11-27,2B,11SKD,0.2,7510,0.0,0.995,0.0,0.0,-0.0011,0.0026,0.0012,-0.0022,-0.0034,-0.0038,0.0003,0.081,152.13,6.0,#28b57c,0.0
S2B_MSIL2A_20231130T185739_R113_T11SKD_20241031T042024,2023-11-30,2B,11SKD,66.1,7510,0.0,0.023,0.0,0.833,,,,,,,,,,,,
S2A_MSIL2A_20240304T185251_R113_T11SKD_20240305T003714,2024-03-04,2A,11SKD,52.7,7510,0.0,0.17,0.0,0.83,,,,,,,,,,,,
S2B_MSIL2A_20240306T184229_R070_T11SKD_20240307T002611,2024-03-06,2B,11SKD,24.7,7510,0.0,0.087,0.045,0.868,,,,,,,,,,,,
S2B_MSIL2A_20240309T185109_R113_T11SKD_20240309T232248,2024-03-09,2B,11SKD,67.0,7510,0.0,0.181,0.244,0.575,,,,,,,,,,,,
S2A_MSIL2A_20240311T184151_R070_T11SKD_20240313T144126,2024-03-11,2A,11SKD,50.7,7510,0.0,0.572,0.001,0.426,0.0392,0.0314,0.029,0.0189,0.0172,0.0179,0.0074,0.068,211.38,3.0,#95a1ac,-0.0798
S2A_MSIL2A_20240314T185131_R113_T10SGJ_20240315T021431,2024-03-14,2A,10SGJ,6.2,7493,0.0,0.99,0.008,0.0,-0.0373,-0.0293,-0.0212,-0.0192,-0.0212,-0.0167,0.0018,0.204,,,,
S2B_MSIL2A_20240316T184019_R070_T11SKD_20240317T010056,2024-03-16,2B,11SKD,0.0,7510,0.0,0.99,0.007,0.0,-0.0052,-0.0077,-0.0078,-0.0103,-0.0094,-0.0119,-0.0001,0.107,,,,
S2B_MSIL2A_20240319T185009_R113_T11SKD_20240319T230659,2024-03-19,2B,11SKD,0.0,7510,0.0,0.989,0.007,0.0,-0.0564,-0.042,-0.036,-0.0312,-0.0329,-0.0283,-0.0028,0.27,,,,
S2A_MSIL2A_20240321T184041_R070_T11SKD_20240322T011940,2024-03-21,2A,11SKD,0.0,7510,0.0,0.991,0.007,0.0,-0.0452,-0.04,-0.0321,-0.0288,-0.0304,-0.0297,-0.0019,0.291,,,,
S2A_MSIL2A_20240324T185021_R113_T10SGJ_20240325T033835,2024-03-24,2A,10SGJ,69.2,7493,0.0,0.605,0.01,0.384,0.0511,0.0416,0.0427,0.03535,0.0355,0.0346,0.0174,0.046,214.27,3.0,#a39ea3,0.0042
S2B_MSIL2A_20240326T183929_R070_T11SKD_20240327T004822,2024-03-26,2B,11SKD,41.3,7510,0.0,0.788,0.004,0.206,0.0313,0.0286,0.0215,0.0119,0.0094,0.0087,0.0032,0.046,206.71,4.0,#88a4b0,-0.1678
S2A_MSIL2A_20240331T183921_R070_T11SKD_20240401T034455,2024-03-31,2A,11SKD,60.2,7510,0.0,0.921,0.008,0.07,0.0235,0.01,0.0092,0.0024,0.0045,-0.0002,0.0034,0.083,231.79,1.0,#7b9df5,0.8333
S2A_MSIL2A_20240403T184911_R113_T11SKD_20240404T024816,2024-04-03,2A,11SKD,26.9,7510,0.0,0.575,0.004,0.42,0.0387,0.0319,0.0273,0.0178,0.0164,0.0147,0.0096,0.041,213.89,3.0,#8da3b4,-0.0933
S2B_MSIL2A_20240408T184919_R113_T10SGJ_20240411T084621,2024-04-08,2B,10SGJ,2.4,7493,0.0,0.99,0.005,0.0,-0.0208,-0.0124,-0.008,-0.0069,-0.0082,-0.007,0.0067,0.229,,,,
S2A_MSIL2A_20240410T183921_R070_T11SKD_20240411T021513,2024-04-10,2A,11SKD,16.2,7510,0.0,0.971,0.005,0.018,0.051,0.0429,0.0422,0.034,0.0363,0.0363,0.0163,0.063,209.61,4.0,#a09fa4,0.061
S2A_MSIL2A_20240413T184921_R113_T11SKD_20240414T034705,2024-04-13,2A,11SKD,60.8,7510,0.0,0.139,0.0,0.861,,,,,,,,,,,,
S2B_MSIL2A_20240415T183919_R070_T10SGJ_20240416T002401,2024-04-15,2B,10SGJ,10.2,7493,0.0,0.957,0.004,0.034,-0.0284,-0.0213,-0.0192,-0.0198,-0.0228,-0.0231,0.0009,0.278,,,,
S2B_MSIL2A_20240418T184919_R113_T11SKD_20240419T002051,2024-04-18,2B,11SKD,0.0,7510,0.0,0.983,0.001,0.011,-0.039,-0.03025,-0.026,-0.0251,-0.0269,-0.027,-0.001,0.307,,,,
S2A_MSIL2A_20240420T183921_R070_T10SGJ_20240421T052555,2024-04-20,2A,10SGJ,0.3,7493,0.0,0.97,0.001,0.022,-0.0181,-0.0176,-0.0144,-0.0163,-0.0186,-0.021,-0.0005,0.274,,,,
S2A_MSIL2A_20240423T184931_R113_T10SGJ_20240424T032310,2024-04-23,2A,10SGJ,69.3,7493,0.0,0.556,0.0,0.443,0.0372,0.0245,0.0173,0.0101,0.0088,0.0041,0.005,0.249,226.2,2.0,#80a1d3,-0.1461
S2B_MSIL2A_20240425T183919_R070_T11SKD_20240426T013918,2024-04-25,2B,11SKD,35.8,7510,0.0,0.438,0.0,0.557,,,,,,,,,,,,
S2B_MSIL2A_20240428T184919_R113_T10SGJ_20240428T234120,2024-04-28,2B,10SGJ,4.8,7493,0.0,0.989,0.0,0.0,0.0117,0.0144,0.0148,0.0117,0.0101,0.0058,0.0183,0.27,,,,
S2A_MSIL2A_20240430T183921_R070_T11SKD_20240501T011605,2024-04-30,2A,11SKD,0.2,7510,0.0,0.998,0.0,0.0,-0.0319,-0.0286,-0.024,-0.0232,-0.0259,-0.0294,0.001,0.36,,,,
S2A_MSIL2A_20240503T184921_R113_T10SGJ_20240504T022400,2024-05-03,2A,10SGJ,0.7,7493,0.0,0.976,0.0,0.0,-0.0083,-0.0061,-0.0031,-0.0061,-0.0076,-0.0096,0.0051,0.282,,,,
S2B_MSIL2A_20240505T183919_R070_T10SGJ_20240505T231747,2024-05-05,2B,10SGJ,36.8,7493,0.0,0.744,0.0,0.255,0.0234,0.0245,0.0226,0.0161,0.0144,0.0148,0.0115,0.046,176.7,5.0,#8ca59c,-0.2267
S2B_MSIL2A_20240508T184919_R113_T11SKD_20240508T234208,2024-05-08,2B,11SKD,0.0,7510,0.0,0.961,0.0,0.0,0.0514,0.0498,0.0492,0.0452,0.0446,0.0399,0.0427,0.183,199.98,4.0,#8ea4a8,-0.1364
S2A_MSIL2A_20240510T183921_R070_T11SKD_20240511T010757,2024-05-10,2A,11SKD,0.5,7510,0.0,0.999,0.0,0.0,-0.0246,-0.0228,-0.0198,-0.0205,-0.0238,-0.029,-0.0001,0.344,,,,
S2A_MSIL2A_20240513T184921_R113_T10SGJ_20240514T024438,2024-05-13,2A,10SGJ,3.0,7493,0.0,0.838,0.0,0.155,-0.0071,-0.0062,-0.00535,-0.0096,-0.0122,-0.0147,0.0008,0.263,,,,
S2B_MSIL2A_20240515T183919_R070_T10SGJ_20240516T010936,2024-05-15,2B,10SGJ,0.0,7493,0.0,0.998,0.0,0.0,-0.0082,-0.0053,-0.0072,-0.0116,-0.0149,-0.0191,-0.0017,0.266,,,,
S2B_MSIL2A_20240518T184919_R113_T10SGJ_20240518T231100,2024-05-18,2B,10SGJ,0.3,7493,0.0,0.968,0.0,0.0,0.0658,0.0615,0.0628,0.0597,0.0614,0.051,0.0565,0.274,223.79,2.0,#a19eac,0.2099
S2A_MSIL2A_20240520T183921_R070_T11SKD_20240521T022402,2024-05-20,2A,11SKD,5.0,7510,0.0,0.985,0.0,0.013,-0.0123,-0.0123,-0.0102,-0.0138,-0.0165,-0.0223,-0.0002,0.339,,,,
S2A_MSIL2A_20240523T184921_R113_T11SKD_20240524T025052,2024-05-23,2A,11SKD,19.8,7510,0.0,0.322,0.0,0.645,,,,,,,,,,,,
S2B_MSIL2A_20240525T183919_R070_T11SKD_20240525T231731,2024-05-25,2B,11SKD,2.7,7510,0.0,0.992,0.0,0.0,0.0055,0.0121,0.0099,0.0061,0.0023,-0.0054,0.014,0.312,,,,
S2B_MSIL2A_20240528T184919_R113_T10SGJ_20240529T061746,2024-05-28,2B,10SGJ,1.1,7493,0.0,0.964,0.0,0.0,0.091,0.0836,0.08465,0.0823,0.0848,0.0704,0.0752,0.188,234.02,1.0,#a89bb1,0.1497
S2A_MSIL2A_20240530T183921_R070_T10SGJ_20240531T022320,2024-05-30,2A,10SGJ,8.9,7493,0.0,0.998,0.0,0.0,-0.0039,-0.0041,-0.0035,-0.0072,-0.0103,-0.0153,0.0015,0.237,,,,
S2A_MSIL2A_20240602T184921_R113_T10SGJ_20240603T032329,2024-06-02,2A,10SGJ,3.8,7493,0.0,0.967,0.0,0.0,0.1047,0.093,0.0962,0.0948,0.098,0.0807,0.0913,0.219,,,#bd8ddb,0.3137
S2B_MSIL2A_20240604T183919_R070_T11SKD_20240604T234025,2024-06-04,2B,11SKD,0.0,7510,0.0,0.998,0.0,0.0,-0.0014,0.0037,0.0022,-0.0019,-0.0049,-0.0106,0.0059,0.233,,,,
S2B_MSIL2A_20240607T184919_R113_T10SGJ_20240608T003436,2024-06-07,2B,10SGJ,0.3,7493,0.0,0.971,0.0,0.0,0.1098,0.1036,0.106,0.1037,0.107,0.0928,0.0946,0.137,,,#ad9ba1,0.1535
S2A_MSIL2A_20240609T183921_R070_T10SGJ_20240610T024930,2024-06-09,2A,10SGJ,0.6,7493,0.0,0.995,0.0,0.0,0.0103,0.0098,0.0111,0.0065,0.004,-0.0023,0.0122,0.22,,,,
S2A_MSIL2A_20240612T184921_R113_T10SGJ_20240613T042103,2024-06-12,2A,10SGJ,0.1,7493,0.0,0.967,0.0,0.0,0.1162,0.1047,0.1089,0.1071,0.1111,0.0929,0.101,0.132,,,#b994bb,0.2469
S2B_MSIL2A_20240614T183919_R070_T11SKD_20240615T002120,2024-06-14,2B,11SKD,0.0,7510,0.0,0.982,0.0,0.0,0.0125,0.0178,0.0163,0.0104,0.0073,0.0004,0.0143,0.22,136.28,6.0,#52b36c,0.0
S2B_MSIL2A_20240617T184919_R113_T10SGJ_20240618T011401,2024-06-17,2B,10SGJ,1.5,7493,0.0,0.964,0.0,0.003,0.1115,0.1075,0.1096,0.1078,0.11,0.0997,0.098,0.12,139.33,6.0,#ad9c99,0.1009
S2A_MSIL2A_20240619T183921_R070_T10SGJ_20240620T022220,2024-06-19,2A,10SGJ,0.1,7493,0.0,0.965,0.0,0.0,0.0102,0.0094,0.0109,0.0067,0.0057,0.0058,0.0173,0.237,,,,
S2A_MSIL2A_20240622T184921_R113_T10SGJ_20240623T023318,2024-06-22,2A,10SGJ,0.3,7493,0.0,0.967,0.0,0.0,0.1212,0.1087,0.1139,0.1134,0.1179,0.0992,0.1085,0.153,,,#cf87cb,0.3147
S2B_MSIL2A_20240624T183919_R070_T10SGJ_20240625T002515,2024-06-24,2B,10SGJ,4.9,7493,0.0,0.994,0.0,0.0,0.0088,0.0127,0.0097,0.0046,0.0019,-0.004,0.0093,0.205,173.12,5.0,#00be9d,0.0
S2B_MSIL2A_20240627T184919_R113_T10SGJ_20240628T002848,2024-06-27,2B,10SGJ,0.4,7493,0.0,0.967,0.0,0.0,0.1012,0.09895,0.1003,0.0971,0.0996,0.0874,0.0886,0.107,152.02,6.0,#a69f96,0.1282
S2A_MSIL2A_20240629T183921_R070_T11SKD_20240630T032900,2024-06-29,2A,11SKD,0.0,7510,0.0,0.997,0.0,0.0,0.0016,0.0012,0.0007,-0.0031,-0.0061,-0.0122,0.0053,0.227,,,,
S2A_MSIL2A_20240702T184921_R113_T10SGJ_20240703T025645,2024-07-02,2A,10SGJ,0.2,7493,0.0,0.966,0.0,0.0,0.1088,0.095,0.0986,0.0985,0.1017,0.0873,0.0949,0.115,,,#d27cf8,0.3077
S2B_MSIL2A_20240704T183919_R070_T11SKD_20240706T004110,2024-07-04,2B,11SKD,0.0,7510,0.0,0.997,0.0,0.0,-0.0009,0.002,-0.0015,-0.0063,-0.0097,-0.016,0.0004,0.223,,,,
S2B_MSIL2A_20240707T184919_R113_T10SGJ_20240707T234523,2024-07-07,2B,10SGJ,0.1,7493,0.0,0.969,0.0,0.0,0.053,0.04275,0.0438,0.0402,0.04245,0.0304,0.0391,0.158,234.21,1.0,#9799e7,0.5056
S2A_MSIL2A_20240709T183921_R070_T10SGJ_20240710T024627,2024-07-09,2A,10SGJ,0.0,7493,0.0,0.996,0.0,0.0,0.0077,0.0069,0.0067,0.0015,-0.0006,-0.0064,0.0072,0.223,,,,
S2A_MSIL2A_20240712T184931_R113_T10SGJ_20240713T041841,2024-07-12,2A,10SGJ,1.2,7493,0.0,0.982,0.0,0.0,0.0172,0.0131,0.012,0.0053,0.0043,-0.0027,0.0067,0.269,217.16,3.0,#73a6c7,0.0
S2B_MSIL2A_20240717T184919_R113_T10SGJ_20240718T001152,2024-07-17,2B,10SGJ,0.2,7493,0.0,0.965,0.0,0.0,0.0744,0.0759,0.078,0.0755,0.0794,0.0733,0.0711,0.145,62.84,12.0,#a9a16f,0.3071
S2A_MSIL2A_20240719T183921_R070_T11SKD_20240720T024459,2024-07-19,2A,11SKD,4.6,7510,0.0,0.978,0.0,0.0,0.0367,0.0311,0.0273,0.0143,0.0137,0.0025,0.0018,0.463,202.28,4.0,#92a3a8,-0.0246
S2A_MSIL2A_20240722T184921_R113_T10SGJ_20240723T050005,2024-07-22,2A,10SGJ,5.7,7493,0.0,0.626,0.0,0.328,0.0388,0.03,0.0297,0.0248,0.0275,0.0169,0.0274,0.233,235.0,1.0,#7587ff,0.0
S2B_MSIL2A_20240724T183919_R070_T11SKD_20240725T080119,2024-07-24,2B,11SKD,20.3,7510,0.0,0.0,0.0,1.0,,,,,,,,,,,,
S2B_MSIL2A_20240727T184919_R113_T10SGJ_20240727T214609,2024-07-27,2B,10SGJ,0.1,7493,0.0,0.963,0.0,0.0,0.0515,0.058,0.06,0.057,0.0617,0.0648,0.0551,0.247,67.15,12.0,#a1a636,0.5529
S2A_MSIL2A_20240729T183921_R070_T10SGJ_20240730T023050,2024-07-29,2A,10SGJ,0.0,7493,0.0,0.998,0.0,0.0,0.006,0.0043,0.003,-0.0018,-0.0042,-0.009,0.0039,0.217,,,,
S2A_MSIL2A_20240801T184921_R113_T11SKD_20240802T020250,2024-08-01,2A,11SKD,0.6,7510,0.0,0.966,0.0,0.0,0.0309,0.0242,0.0239,0.0191,0.0198,0.0156,0.0224,0.2,235.53,1.0,#717eff,0.0
S2B_MSIL2A_20240806T184919_R113_T10SGJ_20240806T231154,2024-08-06,2B,10SGJ,0.0,7493,0.0,0.964,0.0,0.0,0.0527,0.0516,0.0512,0.0473,0.04855,0.0407,0.0436,0.111,188.78,5.0,#95a3a0,0.1445
S2A_MSIL2A_20240808T183921_R070_T11SKD_20240809T012502,2024-08-08,2A,11SKD,24.9,7510,0.0,0.297,0.0,0.675,,,,,,,,,,,,
S2A_MSIL2A_20240811T184921_R113_T10SGJ_20240812T013357,2024-08-11,2A,10SGJ,24.3,7493,0.0,0.778,0.0,0.116,0.0996,0.10115,0.10075,0.0952,0.10645,0.1511,0.1295,0.116,,,,
S2B_MSIL2A_20240813T183919_R070_T11SKD_20240813T224159,2024-08-13,2B,11SKD,0.0,7510,0.0,0.999,0.0,0.0,0.0039,0.0073,0.0049,-0.0001,-0.0023,-0.0059,0.005,0.185,,,,
S2B_MSIL2A_20240816T184919_R113_T10SGJ_20240816T230724,2024-08-16,2B,10SGJ,0.0,7493,0.0,0.984,0.0,0.0,0.0245,0.0258,0.0246,0.0201,0.0199,0.0161,0.0192,0.107,173.98,5.0,#7aa99b,-0.125
S2A_MSIL2A_20240818T183921_R070_T11SKD_20240819T015050,2024-08-18,2A,11SKD,0.0,7510,0.0,0.999,0.0,0.0,0.0001,-0.0007,-0.0011,-0.005,-0.0071,-0.0111,0.003,0.211,,,,
S2A_MSIL2A_20240821T184921_R113_T10SGJ_20240822T022354,2024-08-21,2A,10SGJ,0.0,7493,0.0,0.997,0.0,0.0,0.0207,0.0197,0.0205,0.0165,0.016,0.0124,0.0186,0.129,184.05,5.0,#8fa4a0,0.0
S2B_MSIL2A_20240823T183919_R070_T10SGJ_20240824T000559,2024-08-23,2B,10SGJ,36.7,7493,0.0,0.894,0.0,0.083,0.0086,0.0133,0.0094,0.0035,0.0008,-0.0033,0.0102,0.264,,,,
S2B_MSIL2A_20240826T184919_R113_T11SKD_20240826T222522,2024-08-26,2B,11SKD,0.0,7510,0.0,0.999,0.0,0.0,0.0001,0.0051,0.0027,-0.0026,-0.0037,-0.0055,0.0004,0.141,142.93,6.0,#40b471,0.0
S2A_MSIL2A_20240828T183921_R070_T11SKD_20240829T011944,2024-08-28,2A,11SKD,0.0,7510,0.0,0.999,0.0,0.0,0.01,0.0074,0.0059,-0.0009,-0.0027,-0.0067,0.0016,0.195,214.49,3.0,#6ca7c6,0.0
S2A_MSIL2A_20240831T184921_R113_T10SGJ_20240901T011152,2024-08-31,2A,10SGJ,7.4,7493,0.0,0.645,0.0,0.243,0.0314,0.029,0.0281,0.0224,0.0252,0.0291,0.0348,0.162,,,,
S2B_MSIL2A_20240902T183919_R070_T10SGJ_20240902T225006,2024-09-02,2B,10SGJ,0.8,7493,0.0,0.999,0.0,0.0,0.0001,0.0047,0.0023,-0.003,-0.0051,-0.0087,0.0031,0.188,,,,
S2B_MSIL2A_20240905T184919_R113_T10SGJ_20240906T010501,2024-09-05,2B,10SGJ,0.0,7493,0.0,0.999,0.0,0.0,0.0111,0.015,0.0119,0.0055,0.005,0.0026,0.005,0.159,171.28,5.0,#68ad99,-0.6667
S2A_MSIL2A_20240907T183921_R070_T11SKD_20240908T014752,2024-09-07,2A,11SKD,6.1,7510,0.0,0.963,0.0,0.0,0.0466,0.0428,0.0416,0.0343,0.0383,0.0504,0.0381,0.203,222.73,2.0,#6fa5d5,0.3333
S2A_MSIL2A_20240910T184931_R113_T10SGJ_20240911T005949,2024-09-10,2A,10SGJ,0.0,7493,0.0,0.999,0.0,0.0,0.0075,0.0088,0.0092,0.0055,0.0046,0.0028,0.0087,0.124,60.1,13.0,#a8a33e,0.0
S2B_MSIL2A_20240912T183919_R070_T10SGJ_20240913T001358,2024-09-12,2B,10SGJ,1.5,7493,0.0,0.999,0.0,0.0,-0.0051,-0.0001,-0.0023,-0.0066,-0.0085,-0.0115,-0.0004,0.169,,,,
S2A_MSIL2A_20240920T185051_R113_T10SGJ_20240921T005645,2024-09-20,2A,10SGJ,0.9,7493,0.0,0.999,0.0,0.0,0.0011,0.0034,0.0032,-0.0004,-0.0017,-0.0026,0.0023,0.111,118.47,7.0,#72af63,0.0
S2B_MSIL2A_20240922T184009_R070_T10SGJ_20240922T225505,2024-09-22,2B,10SGJ,0.0,7493,0.0,0.999,0.0,0.0,-0.0048,-0.0011,-0.003,-0.0069,-0.0093,-0.0119,-0.0008,0.183,,,,
S2B_MSIL2A_20240925T185039_R113_T10SGJ_20240925T225613,2024-09-25,2B,10SGJ,0.0,7493,0.0,0.999,0.0,0.0,0.0015,0.0074,0.0052,0.0009,0.0001,-0.0005,0.003,0.128,142.07,6.0,#43b470,0.0
S2A_MSIL2A_20240927T184141_R070_T11SKD_20240928T001552,2024-09-27,2A,11SKD,0.0,7510,0.0,0.999,0.0,0.0,-0.0066,-0.0063,-0.0054,-0.0085,-0.0105,-0.0131,-0.0002,0.184,,,,
S2A_MSIL2A_20240930T185211_R113_T10SGJ_20241001T005349,2024-09-30,2A,10SGJ,0.0,7493,0.0,0.999,0.0,0.0,0.0,0.0028,0.0025,-0.001,-0.0021,-0.0026,0.002,0.107,133.27,6.0,#69af72,0.0
S2B_MSIL2A_20241002T184119_R070_T11SKD_20241003T000142,2024-10-02,2B,11SKD,0.0,7510,0.0,1.0,0.0,0.0,-0.0089,-0.0035,-0.0052,-0.0087,-0.0108,-0.0132,-0.0008,0.184,,,,
S2B_MSIL2A_20241005T185139_R113_T10SGJ_20241005T225935,2024-10-05,2B,10SGJ,4.2,7493,0.0,1.0,0.0,0.0,0.0014,0.0072,0.0044,-0.0001,-0.0009,-0.0012,0.0015,0.107,141.19,6.0,#44b46f,0.0
S2A_MSIL2A_20241007T184251_R070_T10SGJ_20241007T223555,2024-10-07,2A,10SGJ,27.6,7493,0.0,0.94,0.0,0.052,-0.0007,-0.0022,-0.0012,-0.0052,-0.0061,-0.0093,0.004,0.226,,,,
S2A_MSIL2A_20241010T185311_R113_T11SKD_20241011T001554,2024-10-10,2A,11SKD,10.8,7510,0.0,0.965,0.0,0.0,0.0402,0.0396,0.0385,0.0341,0.0372,0.0478,0.0357,0.096,204.14,4.0,#6ba9b9,0.875
S2B_MSIL2A_20241012T184229_R070_T11SKD_20241012T235149,2024-10-12,2B,11SKD,0.5,7510,0.0,1.0,0.0,0.0,-0.0053,-0.0007,-0.0023,-0.006,-0.0077,-0.0096,0.0006,0.167,,,,
S2B_MSIL2A_20241015T185249_R113_T11SKD_20241015T225017,2024-10-15,2B,11SKD,0.0,7510,0.0,1.0,0.0,0.0,0.0016,0.0076,0.0047,0.0003,-0.0001,-0.0002,0.0008,0.072,144.15,6.0,#51b277,0.0
S2A_MSIL2A_20241020T185421_R113_T11SKD_20241021T005659,2024-10-20,2A,11SKD,0.4,7510,0.0,1.0,0.0,0.0,-0.0029,0.0011,0.0014,-0.0018,-0.0023,-0.0025,0.0011,0.072,,,,
S2B_MSIL2A_20241022T184339_R070_T11SKD_20241022T230538,2024-10-22,2B,11SKD,10.8,7510,0.0,0.969,0.0,0.0,0.0294,0.035,0.0324,0.029,0.0322,0.0438,0.0336,0.12,,,,
S2A_MSIL2A_20241027T184501_R070_T10SGJ_20241027T220048,2024-10-27,2A,10SGJ,10.8,7493,0.0,1.0,0.0,0.0,-0.0031,-0.0029,-0.0015,-0.005,-0.0063,-0.0078,0.0009,0.132,,,,
S2B_MSIL2A_20241104T185449_R113_T11SKD_20241104T205941,2024-11-04,2B,11SKD,2.2,7510,0.0,0.967,0.0,0.0,0.0193,0.0282,0.0262,0.0217,0.0236,0.0308,0.0176,0.128,102.15,8.0,#8ba967,0.1881
S2A_MSIL2A_20241106T184551_R070_T11SKD_20241106T223151,2024-11-06,2A,11SKD,13.2,7510,0.0,0.998,0.0,0.0,0.0068,0.0051,0.006,0.0026,0.0024,0.0032,0.0073,0.099,,,,
S2A_MSIL2A_20241109T185611_R113_T10SGJ_20241109T222751,2024-11-09,2A,10SGJ,0.2,7493,0.0,0.999,0.0,0.0,-0.0063,-0.0009,0.0,-0.0024,-0.0028,-0.0031,0.001,0.081,,,,
S2B_MSIL2A_20241111T184519_R070_T11SKD_20241111T212349,2024-11-11,2B,11SKD,53.6,7510,0.0,0.013,0.0,0.987,,,,,,,,,,,,
S2B_MSIL2A_20241114T185539_R113_T11SKD_20241114T212258,2024-11-14,2B,11SKD,40.8,7510,0.0,0.92,0.0,0.078,0.0227,0.0245,0.0192,0.0129,0.0111,0.0112,0.0107,0.175,195.43,4.0,#71a9ae,-0.6923
S2A_MSIL2A_20241116T184641_R070_T10SGJ_20241116T222659,2024-11-16,2A,10SGJ,17.2,7493,0.0,0.961,0.001,0.011,0.0332,0.0326,0.0347,0.032,0.034,0.0437,0.0265,0.171,73.79,11.0,#a99f87,0.1538
S2B_MSIL2A_20241121T184609_R070_T11SKD_20241121T210927,2024-11-21,2B,11SKD,50.8,7510,0.0,0.327,0.026,0.645,,,,,,,,,,,,
S2B_MSIL2A_20241124T185629_R113_T11SKD_20241124T205116,2024-11-24,2B,11SKD,4.1,7510,0.0,0.993,0.004,0.003,-0.0295,-0.0171,-0.015,-0.0155,-0.017,-0.0147,-0.0024,0.141,,,,
S2A_MSIL2A_20241129T185741_R113_T11SKD_20241129T221848,2024-11-29,2A,11SKD,0.5,7510,0.0,0.995,0.001,0.0,-0.0141,-0.0087,-0.0068,-0.0085,-0.0102,-0.0092,-0.0014,0.124,,,,
S2B_MSIL2A_20250301T184219_R070_T10SGJ_20250301T223204,2025-03-01,2B,10SGJ,3.9,7493,0.0,0.995,0.004,0.0,-0.0271,-0.018,-0.0162,-0.0178,-0.0208,-0.0216,-0.0025,0.22,,,,
S2C_MSIL2A_20250309T185241_R113_T10SGJ_20250309T230504,2025-03-09,2C,10SGJ,4.7,7493,0.0,0.994,0.004,0.0,-0.0128,-0.0106,-0.0068,-0.0089,-0.0119,-0.011,0.0018,0.192,,,,
S2B_MSIL2A_20250311T184059_R070_T11SKD_20250311T223810,2025-03-11,2B,11SKD,0.0,7510,0.0,0.995,0.004,0.0,-0.0244,-0.016,-0.0144,-0.0161,-0.0187,-0.0213,-0.0017,0.282,,,,
S2C_MSIL2A_20250316T184141_R070_T11SKD_20250317T002414,2025-03-16,2C,11SKD,10.8,7510,0.0,0.003,0.622,0.374,,,,,,,,,,,,
S2C_MSIL2A_20250319T185131_R113_T10SGJ_20250319T235200,2025-03-19,2C,10SGJ,67.9,7493,0.0,0.017,0.0,0.983,,,,,,,,,,,,
S2B_MSIL2A_20250324T184929_R113_T11SKD_20250324T225002,2025-03-24,2B,11SKD,0.0,7510,0.0,0.99,0.006,0.0,-0.0519,-0.0395,-0.0343,-0.0314,-0.0337,-0.0315,-0.0037,0.284,,,,
S2C_MSIL2A_20250326T184031_R070_T11SKD_20250326T234817,2025-03-26,2C,11SKD,0.1,7510,0.0,0.989,0.004,0.0,-0.0373,-0.0332,-0.0257,-0.02435,-0.0271,-0.0276,-0.0001,0.283,,,,
S2A_MSIL2A_20250328T184821_R070_T11SKD_20250329T025214,2025-03-28,2A,11SKD,39.1,7510,0.0,0.601,0.0,0.399,0.1124,0.0951,0.0873,0.0739,0.0756,0.0804,0.0366,0.103,217.73,3.0,#9e9faa,0.0223
S2C_MSIL2A_20250329T185021_R113_T11SKD_20250330T000214,2025-03-29,2C,11SKD,1.8,7510,0.0,0.974,0.002,0.01,0.0022,0.0039,0.00925,0.0063,0.0059,0.0094,0.00945,0.258,,,,
S2B_MSIL2A_20250403T184919_R113_T10SGJ_20250403T225702,2025-04-03,2B,10SGJ,53.3,7493,0.0,0.092,0.0,0.902,,,,,,,,,,,,
S2C_MSIL2A_20250405T183941_R070_T10SGJ_20250406T012006,2025-04-05,2C,10SGJ,12.9,7493,0.0,0.965,0.024,0.0,0.0947,0.094,0.0954,0.0902,0.0958,0.1083,0.0346,0.103,81.65,10.0,#aa9e90,0.0479
S2C_MSIL2A_20250408T184941_R113_T11SKD_20250409T000215,2025-04-08,2C,11SKD,10.9,7510,0.0,0.813,0.0,0.183,0.0306,0.0253,0.0233,0.0167,0.0162,0.0163,0.0144,0.15,216.67,3.0,#82a4be,-0.122
S2B_MSIL2A_20250410T183919_R070_T10SGJ_20250410T222621,2025-04-10,2B,10SGJ,68.6,7493,0.0,0.003,0.0,0.997,,,,,,,,,,,,
S2B_MSIL2A_20250413T184919_R113_T10SGJ_20250413T224344,2025-04-13,2B,10SGJ,0.0,7493,0.0,0.993,0.0,0.0,-0.00685,-0.0008,-0.0005,-0.0042,-0.0059,-0.0068,0.0042,0.246,,,,
S2C_MSIL2A_20250415T183941_R070_T10SGJ_20250416T004212,2025-04-15,2C,10SGJ,5.3,7493,0.0,0.99,0.0,0.0,-0.0165,-0.015,-0.0113,-0.0135,-0.0169,-0.0174,0.0028,0.284,,,,
S2A_MSIL2A_20250417T184821_R070_T11SKD_20250418T022513,2025-04-17,2A,11SKD,6.7,7510,0.0,0.991,0.0,0.003,-0.0147,-0.0144,-0.0127,-0.0159,-0.0183,-0.0219,-0.0009,0.275,,,,
S2C_MSIL2A_20250418T184941_R113_T10SGJ_20250418T234256,2025-04-18,2C,10SGJ,0.1,7493,0.0,0.986,0.0,0.0,0.01125,0.0095,0.0126,0.0097,0.0077,0.0056,0.0196,0.221,,,,
S2B_MSIL2A_20250420T183919_R070_T11SKD_20250420T223736,2025-04-20,2B,11SKD,0.1,7510,0.0,0.993,0.0,0.0,-0.019,-0.013,-0.0136,-0.0161,-0.0193,-0.0222,-0.0008,0.28,,,,
S2B_MSIL2A_20250423T184919_R113_T10SGJ_20250423T223539,2025-04-23,2B,10SGJ,1.7,7493,0.0,0.985,0.0,0.0,0.0147,0.018,0.018,0.0147,0.0136,0.0101,0.0176,0.238,107.08,8.0,#87aa68,0.0
S2C_MSIL2A_20250428T184941_R113_T10SGJ_20250428T232913,2025-04-28,2C,10SGJ,3.6,7493,0.0,0.982,0.0,0.0,0.0224,0.0178,0.0216,0.0184,0.0165,0.0123,0.0279,0.25,,,,
S2B_MSIL2A_20250430T183919_R070_T10SGJ_20250430T205337,2025-04-30,2B,10SGJ,33.9,7493,0.0,0.703,0.0,0.295,0.0031,0.0062,0.0009,-0.0063,-0.0105,-0.0167,0.0012,0.325,,,,
S2C_MSIL2A_20250505T183941_R070_T11SKD_20250505T230918,2025-05-05,2C,11SKD,0.5,7510,0.0,0.998,0.0,0.0,-0.0144,-0.0125,-0.00975,-0.0115,-0.0156,-0.0187,0.0044,0.289,,,,
S2A_MSIL2A_20250507T184821_R070_T11SKD_20250507T220715,2025-05-07,2A,11SKD,0.0,7510,0.0,0.999,0.0,0.0,-0.0145,-0.014,-0.0128,-0.0154,-0.0189,-0.024,-0.0011,0.316,,,,
S2C_MSIL2A_20250508T184941_R113_T10SGJ_20250508T235713,2025-05-08,2C,10SGJ,0.0,7493,0.0,0.964,0.0,0.0,0.0364,0.0284,0.0312,0.0295,0.03,0.024,0.0351,0.25,,,,
S2B_MSIL2A_20250510T183919_R070_T10SGJ_20250510T220128,2025-05-10,2B,10SGJ,12.4,7493,0.0,0.997,0.0,0.0,0.0081,0.0105,0.0068,0.0013,-0.0015,-0.0073,0.007,0.282,,,,
S2C_MSIL2A_20250515T183941_R070_T10SGJ_20250515T233917,2025-05-15,2C,10SGJ,8.9,7493,0.0,0.966,0.0,0.0,-0.0032,0.002,0.0055,0.005,0.0028,0.0034,0.0241,0.391,,,,
S2C_MSIL2A_20250518T184931_R113_T11SKD_20250518T224158,2025-05-18,2C,11SKD,1.1,7510,0.0,0.977,0.0,0.0,0.0293,0.0193,0.0225,0.0197,0.0186,0.0117,0.0273,0.271,,,,
S2B_MSIL2A_20250520T183919_R070_T10SGJ_20250520T223512,2025-05-20,2B,10SGJ,0.0,7493,0.0,0.997,0.0,0.0,0.0027,0.0067,0.0048,0.0003,-0.0021,-0.0057,0.0074,0.263,,,,
S2B_MSIL2A_20250523T184919_R113_T11SKD_20250523T225147,2025-05-23,2B,11SKD,3.9,7510,0.0,0.964,0.0,0.0,0.0828,0.0785,0.0788,0.0756,0.0773,0.069,0.0681,0.124,217.18,3.0,#a29ea5,0.1018
S2C_MSIL2A_20250525T183941_R070_T11SKD_20250525T225714,2025-05-25,2C,11SKD,3.3,7510,0.0,0.962,0.0,0.0,-0.0014,0.003,0.007,0.0076,0.0057,0.0062,0.0295,0.436,,,,
S2A_MSIL2A_20250527T184831_R070_T11SKD_20250528T012214,2025-05-27,2A,11SKD,0.0,7510,0.0,0.998,0.0,0.0,-0.0036,-0.0036,-0.0029,-0.0059,-0.0091,-0.0152,0.0038,0.312,,,,
S2C_MSIL2A_20250528T184941_R113_T10SGJ_20250528T232214,2025-05-28,2C,10SGJ,0.3,7493,0.0,0.971,0.0,0.001,0.0532,0.0349,0.0389,0.038,0.04095,0.03,0.046,0.188,,,,
S2B_MSIL2A_20250530T183919_R070_T11SKD_20250530T222847,2025-05-30,2B,11SKD,0.0,7510,0.0,0.999,0.0,0.0,-0.0067,-0.0031,-0.0058,-0.0092,-0.0124,-0.0181,0.0005,0.263,,,,
S2B_MSIL2A_20250602T184919_R113_T10SGJ_20250602T223229,2025-06-02,2B,10SGJ,0.0,7493,0.0,0.989,0.0,0.0,0.0281,0.0237,0.024,0.0201,0.0207,0.013,0.0201,0.213,223.22,2.0,#80a3cb,0.7143
S2C_MSIL2A_20250604T183941_R070_T11SKD_20250605T011214,2025-06-04,2C,11SKD,0.2,7510,0.0,0.993,0.0,0.0,-0.0045,-0.0033,-0.0024,-0.0053,-0.0088,-0.013,0.0039,0.302,,,,
S2C_MSIL2A_20250607T184941_R113_T11SKD_20250608T005311,2025-06-07,2C,11SKD,5.0,7510,0.0,0.965,0.0,0.0,0.0724,0.0591,0.0639,0.0631,0.0645,0.051,0.0684,0.275,,,,
S2B_MSIL2A_20250609T183919_R070_T11SKD_20250609T223027,2025-06-09,2B,11SKD,2.7,7510,0.0,0.997,0.0,0.0,-0.0042,-0.0005,-0.0035,-0.0071,-0.0107,-0.0183,0.0002,0.273,,,,
S2B_MSIL2A_20250612T184919_R113_T10SGJ_20250612T234122,2025-06-12,2B,10SGJ,0.4,7493,0.0,0.975,0.0,0.0,0.1023,0.1005,0.1024,0.0995,0.1015,0.0921,0.091,0.137,96.74,8.0,#a99e91,0.1053
S2C_MSIL2A_20250614T183941_R070_T10SGJ_20250614T231215,2025-06-14,2C,10SGJ,8.3,7493,0.0,0.965,0.0,0.0,0.0015,0.0043,0.0067,0.0054,0.0018,-0.0015,0.0194,0.301,,,,
S2A_MSIL2A_20250616T184831_R070_T10SGJ_20250617T053724,2025-06-16,2A,10SGJ,0.1,7493,0.0,0.978,0.0,0.0,0.0138,0.0145,0.0147,0.0097,0.0083,0.0047,0.0133,0.234,117.73,7.0,#81ab6f,0.0
S2C_MSIL2A_20250617T184941_R113_T10SGJ_20250617T234722,2025-06-17,2C,10SGJ,0.2,7493,0.0,0.987,0.0,0.0,0.0065,0.0057,0.0057,0.0005,-0.001,-0.0013,0.0055,0.12,,,#9484ff,0.0
S2B_MSIL2A_20250619T183919_R070_T11SKD_20250619T223631,2025-06-19,2B,11SKD,0.1,7510,0.0,0.995,0.0,0.0,0.0044,0.0094,0.0068,0.0029,-0.0001,-0.0058,0.0088,0.213,,,,
S2B_MSIL2A_20250622T184919_R113_T10SGJ_20250622T211617,2025-06-22,2B,10SGJ,8.3,7493,0.0,0.958,0.0,0.009,0.1131,0.1005,0.1025,0.1006,0.1045,0.088,0.0933,0.138,,,#ae97c3,0.2108
S2C_MSIL2A_20250624T183941_R070_T11SKD_20250625T001021,2025-06-24,2C,11SKD,15.1,7510,0.0,0.295,0.0,0.686,,,,,,,,,,,,
S2C_MSIL2A_20250627T184941_R113_T10SGJ_20250627T234511,2025-06-27,2C,10SGJ,0.4,7493,0.0,0.967,0.0,0.0,0.1166,0.1051,0.1093,0.1077,0.1104,0.0973,0.1065,0.137,,,,
S2B_MSIL2A_20250629T183919_R070_T11SKD_20250629T223247,2025-06-29,2B,11SKD,0.0,7510,0.0,0.998,0.0,0.0,-0.003,0.0003,-0.003,-0.0073,-0.0105,-0.0172,0.0007,0.255,,,,
S2B_MSIL2A_20250702T184919_R113_T10SGJ_20250702T221755,2025-07-02,2B,10SGJ,4.0,7493,0.0,0.967,0.0,0.0,0.0783,0.0709,0.0731,0.0699,0.0736,0.05975,0.06595,0.158,234.46,1.0,#a79bb6,0.319
S2C_MSIL2A_20250704T183941_R070_T11SKD_20250705T001219,2025-07-04,2C,11SKD,2.6,7510,0.0,0.991,0.0,0.0,0.0054,0.0062,0.0071,0.0038,0.0002,-0.0048,0.0137,0.242,,,,
S2A_MSIL2A_20250706T184831_R070_T11SKD_20250706T215715,2025-07-06,2A,11SKD,0.0,7510,0.0,0.997,0.0,0.0,0.0044,0.0036,0.0032,-0.0013,-0.0042,-0.0107,0.006,0.234,,,,
S2C_MSIL2A_20250707T184941_R113_T10SGJ_20250707T235518,2025-07-07,2C,10SGJ,0.3,7493,0.0,0.966,0.0,0.0,0.0785,0.0663,0.0702,0.0681,0.0697,0.0584,0.0703,0.15,,,,
S2B_MSIL2A_20250709T183919_R070_T11SKD_20250709T234451,2025-07-09,2B,11SKD,0.0,7510,0.0,0.997,0.0,0.0,0.0056,0.0098,0.0067,0.0014,-0.0017,-0.0071,0.0066,0.213,179.82,5.0,#00c3af,0.0
S2B_MSIL2A_20250712T184919_R113_T10SGJ_20250712T223121,2025-07-12,2B,10SGJ,0.1,7493,0.0,0.964,0.0,0.0,0.0831,0.0798,0.0812,0.07895,0.082,0.0671,0.0741,0.2,218.49,3.0,#a89da0,0.2392
S2C_MSIL2A_20250714T183941_R070_T11SKD_20250715T000814,2025-07-14,2C,11SKD,0.0,7510,0.0,0.992,0.0,0.0,0.0005,0.0,-0.0017,-0.0065,-0.0113,-0.0209,0.0016,0.378,,,,
S2C_MSIL2A_20250717T184941_R113_T10SGJ_20250717T230622,2025-07-17,2C,10SGJ,0.0,7493,0.0,0.966,0.0,0.0,0.0871,0.0795,0.0823,0.0802,0.0821,0.0719,0.081,0.147,,,,
S2B_MSIL2A_20250719T183919_R070_T10SGJ_20250719T223322,2025-07-19,2B,10SGJ,0.0,7493,0.0,0.997,0.0,0.0,0.0063,0.01,0.0063,0.0011,-0.0015,-0.0074,0.0068,0.228,,,,
S2C_MSIL2A_20250724T183941_R070_T10SGJ_20250725T000814,2025-07-24,2C,10SGJ,1.8,7493,0.0,0.996,0.0,0.0,-0.0081,-0.0072,-0.0073,-0.0099,-0.0132,-0.0184,0.0027,0.275,,,,
S2A_MSIL2A_20250726T184831_R070_T10SGJ_20250727T003916,2025-07-26,2A,10SGJ,21.9,7493,0.0,0.004,0.0,0.995,,,,,,,,,,,,
S2C_MSIL2A_20250727T184941_R113_T10SGJ_20250727T215914,2025-07-27,2C,10SGJ,19.9,7493,0.0,0.679,0.0,0.296,0.0501,0.0374,0.0345,0.0281,0.0287,0.0229,0.031,0.171,232.63,1.0,#5d8dff,0.0
S2B_MSIL2A_20250729T183919_R070_T11SKD_20250729T224016,2025-07-29,2B,11SKD,0.3,7510,0.0,0.998,0.0,0.0,-0.0024,0.0003,-0.0033,-0.0077,-0.0106,-0.0168,-0.0007,0.235,,,,
S2B_MSIL2A_20250801T184919_R113_T10SGJ_20250801T223959,2025-08-01,2B,10SGJ,9.6,7493,0.0,0.699,0.0,0.28,0.0566,0.0525,0.0489,0.0411,0.0407,0.0325,0.0354,0.133,210.06,3.0,#8aa4b2,-0.0364
S2C_MSIL2A_20250803T183941_R070_T11SKD_20250803T234505,2025-08-03,2C,11SKD,0.0,7510,0.0,0.997,0.0,0.0,-0.0004,0.0003,0.0003,-0.0028,-0.0056,-0.0087,0.0074,0.21,,,,
S2C_MSIL2A_20250806T184941_R113_T10SGJ_20250806T232413,2025-08-06,2C,10SGJ,0.0,7493,0.0,0.971,0.0,0.0,0.0421,0.0358,0.0372,0.034,0.0344,0.029,0.0376,0.12,,,,
S2B_MSIL2A_20250808T183919_R070_T10SGJ_20250808T223716,2025-08-08,2B,10SGJ,0.0,7493,0.0,0.999,0.0,0.0,-0.0028,0.0002,-0.0032,-0.0073,-0.0099,-0.0144,-0.0001,0.212,,,,
S2B_MSIL2A_20250811T184919_R113_T10SGJ_20250811T223207,2025-08-11,2B,10SGJ,0.0,7493,0.0,0.998,0.0,0.0,0.0019,0.0064,0.0029,-0.0025,-0.0036,-0.0059,0.0,0.158,167.47,5.0,#39b294,0.0
S2C_MSIL2A_20250813T183941_R070_T11SKD_20250813T234116,2025-08-13,2C,11SKD,0.1,7510,0.0,0.997,0.0,0.0,-0.0016,-0.0005,-0.0002,-0.0036,-0.006,-0.0097,0.0064,0.235,,,,
S2A_MSIL2A_20250815T184831_R070_T10SGJ_20250815T214915,2025-08-15,2A,10SGJ,0.0,7493,0.0,0.999,0.0,0.0,-0.0006,-0.0016,-0.0024,-0.0066,-0.0088,-0.0133,0.0014,0.217,,,,
S2C_MSIL2A_20250816T184941_R113_T10SGJ_20250816T235117,2025-08-16,2C,10SGJ,2.2,7493,0.0,0.972,0.0,0.0,0.034,0.03,0.031,0.0272,0.0274,0.0221,0.0319,0.15,,,,
S2B_MSIL2A_20250818T183919_R070_T10SGJ_20250818T222742,2025-08-18,2B,10SGJ,0.0,7493,0.0,0.998,0.0,0.0,-0.0011,0.0029,0.0,-0.0045,-0.0069,-0.0109,0.0024,0.206,,,,
S2B_MSIL2A_20250821T184919_R113_T10SGJ_20250821T221857,2025-08-21,2B,10SGJ,4.2,7493,0.0,0.999,0.0,0.0,0.0096,0.0124,0.0103,0.0053,0.0048,0.0017,0.007,0.142,168.73,5.0,#5aaf96,0.0
S2C_MSIL2A_20250823T183941_R070_T11SKD_20250824T000120,2025-08-23,2C,11SKD,16.7,7510,0.0,0.643,0.0,0.35,-0.0065,-0.0042,-0.0032,-0.00705,-0.008,-0.0103,0.0032,0.271,,,,
S2C_MSIL2A_20250826T184941_R113_T10SGJ_20250826T234313,2025-08-26,2C,10SGJ,58.3,7493,0.0,0.0,0.0,1.0,,,,,,,,,,,,
S2B_MSIL2A_20250828T183919_R070_T10SGJ_20250829T062027,2025-08-28,2B,10SGJ,0.0,7493,0.0,0.999,0.0,0.0,-0.0113,-0.0065,-0.0082,-0.0124,-0.0154,-0.0213,-0.0025,0.25,,,,
S2B_MSIL2A_20250831T184919_R113_T10SGJ_20250831T224258,2025-08-31,2B,10SGJ,0.5,7493,0.0,0.993,0.0,0.0,0.0209,0.0242,0.0222,0.0161,0.0163,0.0123,0.0155,0.175,165.7,5.0,#70ac94,0.1429
S2C_MSIL2A_20250902T183941_R070_T11SKD_20250902T232813,2025-09-02,2C,11SKD,34.8,7510,0.0,0.227,0.0,0.768,,,,,,,,,,,,
S2A_MSIL2A_20250904T184831_R070_T11SKD_20250904T220018,2025-09-04,2A,11SKD,6.3,7510,0.0,0.576,0.0,0.41,0.0345,0.0281,0.0265,0.0185,0.02,0.0199,0.0201,0.217,221.32,2.0,#71a5d0,0.0
S2C_MSIL2A_20250905T184931_R113_T10SGJ_20250906T001400,2025-09-05,2C,10SGJ,0.2,7493,0.0,0.999,0.0,0.0,0.0117,0.0113,0.0123,0.0066,0.0061,0.0035,0.0113,0.15,,,,
S2A_MSIL2A_20250907T185821_R113_T10SGJ_20250907T215416,2025-09-07,2A,10SGJ,10.2,7493,0.0,0.964,0.0,0.0,0.0656,0.0707,0.0712,0.0671,0.0742,0.094,0.062,0.209,86.3,9.0,#9ba56f,0.4104
S2B_MSIL2A_20250910T184919_R113_T11SKD_20250910T224340,2025-09-10,2B,11SKD,69.8,7510,0.0,0.252,0.0,0.744,,,,,,,,,,,,
S2C_MSIL2A_20250912T184001_R070_T11SKD_20250913T004015,2025-09-12,2C,11SKD,42.0,7510,0.0,0.334,0.0,0.651,,,,,,,,,,,,
S2C_MSIL2A_20250915T185031_R113_T10SGJ_20250916T012207,2025-09-15,2C,10SGJ,0.0,7493,0.0,0.999,0.0,0.0,0.002,0.0033,0.0037,-0.0013,-0.0024,-0.002,0.0037,0.11,,,,
S2B_MSIL2A_20250917T183919_R070_T10SGJ_20250917T234521,2025-09-17,2B,10SGJ,0.0,7493,0.0,0.999,0.0,0.0,-0.001,0.0026,0.0003,-0.0054,-0.0074,-0.0118,-0.0002,0.225,168.88,5.0,#00bb94,0.0
S2B_MSIL2A_20250920T184959_R113_T11SKD_20250920T224559,2025-09-20,2B,11SKD,25.6,7510,0.0,0.891,0.0,0.096,0.0087,0.0117,0.0061,-0.0006,-0.0018,-0.0037,0.0019,0.168,196.12,4.0,#37afb8,0.0
S2C_MSIL2A_20250922T184121_R070_T11SKD_20250922T232800,2025-09-22,2C,11SKD,0.1,7510,0.0,0.999,0.0,0.0,-0.0079,-0.0063,-0.0046,-0.0081,-0.0104,-0.0122,0.0019,0.192,,,,
S2A_MSIL2A_20250924T184831_R070_T11SKD_20250924T220613,2025-09-24,2A,11SKD,0.5,7510,0.0,0.999,0.0,0.0,-0.0029,-0.0039,-0.0037,-0.0077,-0.0094,-0.0125,-0.0001,0.184,,,,
S2C_MSIL2A_20250925T185141_R113_T11SKD_20250925T234419,2025-09-25,2C,11SKD,60.2,7510,0.0,0.002,0.0,0.998,,,,,,,,,,,,
S2B_MSIL2A_20250927T184039_R070_T11SKD_20250927T234438,2025-09-27,2B,11SKD,0.3,7510,0.0,0.999,0.0,0.0,-0.0065,-0.0017,-0.0034,-0.0076,-0.0097,-0.0123,-0.0005,0.184,,,,
S2A_MSIL2A_20251004T184831_R070_T10SGJ_20251004T215716,2025-10-04,2A,10SGJ,12.3,7493,0.0,1.0,0.0,0.0,0.003,0.0016,0.0016,-0.0037,-0.0051,-0.0074,0.0004,0.133,224.63,2.0,#81a2ce,0.0
S2C_MSIL2A_20251005T185251_R113_T10SGJ_20251005T221214,2025-10-05,2C,10SGJ,4.7,7493,0.0,1.0,0.0,0.0,0.0032,0.0053,0.0059,0.0002,-0.0003,-0.0002,0.0037,0.077,95.53,8.0,#84ac48,0.0
S2B_MSIL2A_20251007T184149_R070_T11SKD_20251007T233707,2025-10-07,2B,11SKD,0.5,7510,0.0,0.997,0.0,0.003,-0.0024,0.0018,0.0002,-0.0056,-0.0076,-0.0102,-0.0006,0.162,156.98,6.0,#00b682,0.0
S2B_MSIL2A_20251010T185219_R113_T11SKD_20251010T223821,2025-10-10,2B,11SKD,0.2,7510,0.0,1.0,0.0,0.0,0.003,0.01,0.0082,0.0022,0.0013,0.001,0.003,0.094,123.45,7.0,#64b15f,0.0
S2C_MSIL2A_20251012T184341_R070_T11SKD_20251012T220220,2025-10-12,2C,11SKD,0.0,7510,0.0,1.0,0.0,0.0,-0.0029,-0.0006,0.0011,-0.0036,-0.0053,-0.005,0.0027,0.116,,,,
S2A_MSIL2A_20251017T185831_R113_T11SKD_20251017T220317,2025-10-17,2A,11SKD,0.1,7510,0.0,1.0,0.0,0.0,-0.0061,-0.0012,-0.0001,-0.0045,-0.006,-0.0065,-0.0003,0.095,,,,
S2B_MSIL2A_20251020T185329_R113_T11SKD_20251020T210250,2025-10-20,2B,11SKD,0.0,7510,0.0,1.0,0.0,0.0,-0.0017,0.0061,0.0044,-0.0012,-0.0019,-0.0023,0.0002,0.077,125.55,7.0,#61b161,0.0
S2A_MSIL2A_20251024T184831_R070_T11SKD_20251024T214521,2025-10-24,2A,11SKD,63.3,7510,0.0,0.965,0.0,0.0,0.1017,0.0958,0.0963,0.0895,0.0966,0.1143,0.075,0.055,200.95,4.0,#a19fa0,0.1967
S2B_MSIL2A_20251027T184359_R070_T10SGJ_20251027T223153,2025-10-27,2B,10SGJ,0.2,7493,0.0,1.0,0.0,0.0,0.0008,0.0054,0.0038,-0.0027,-0.0045,-0.0054,-0.0001,0.094,136.55,6.0,#62b072,0.0
S2B_MSIL2A_20251030T185429_R113_T11SKD_20251030T211118,2025-10-30,2B,11SKD,3.6,7510,0.0,0.965,0.0,0.0,0.03015,0.0387,0.0369,0.0305,0.033,0.0429,0.0287,0.089,116.05,7.0,#7cad67,0.4098
S2C_MSIL2A_20251101T184541_R070_T10SGJ_20251101T212412,2025-11-01,2C,10SGJ,0.0,7493,0.0,1.0,0.0,0.0,-0.004,-0.0005,0.0016,-0.0037,-0.0045,-0.0043,0.0025,0.09,,,,
S2C_MSIL2A_20251104T185601_R113_T11SKD_20251104T214108,2025-11-04,2C,11SKD,12.2,7510,0.0,1.0,0.0,0.0,0.0048,0.0073,0.008,0.0013,0.0007,0.0014,0.005,0.068,97.8,8.0,#81ad48,0.0
S2B_MSIL2A_20251106T184459_R070_T11SKD_20251106T222434,2025-11-06,2B,11SKD,0.2,7510,0.0,1.0,0.0,0.0,0.0003,0.0049,0.0033,-0.0029,-0.0049,-0.0058,-0.0003,0.092,134.05,6.0,#60b16e,0.0
S2B_MSIL2A_20251109T185519_R113_T10SGJ_20251109T204846,2025-11-09,2B,10SGJ,2.3,7493,0.0,1.0,0.0,0.0,-0.0028,0.0063,0.0051,-0.0007,-0.0012,-0.0007,0.0011,0.068,121.76,7.0,#67b15e,0.0
S2C_MSIL2A_20251111T184631_R070_T11SKD_20251111T213312,2025-11-11,2C,11SKD,29.1,7510,0.0,0.965,0.0,0.0,0.10135,0.1008,0.0974,0.0876,0.0949,0.1204,0.071,0.103,181.47,5.0,#99a29d,0.1802
S2B_MSIL2A_20251119T185559_R113_T11SKD_20251119T205445,2025-11-19,2B,11SKD,20.4,7510,0.0,0.853,0.0,0.138,0.1233,0.1211,0.11765,0.1178,0.1217,0.12245,0.1438,0.111,,,,
S2C_MSIL2A_20251121T184711_R070_T10SGJ_20251121T212709,2025-11-21,2C,10SGJ,50.9,7493,0.0,0.923,0.0,0.076,0.0162,0.0145,0.0104,0.0015,-0.0015,-0.0022,0.0036,0.107,208.76,4.0,#5faac1,0.0
S2C_MSIL2A_20251124T185731_R113_T10SGJ_20251124T214117,2025-11-24,2C,10SGJ,0.3,7493,0.0,0.996,0.0,0.0,-0.0043,0.0008,0.0034,-0.001,-0.0026,0.0007,0.0049,0.09,,,,
S2A_MSIL2A_20251126T185831_R113_T10SGJ_20251126T215609,2025-11-26,2A,10SGJ,0.2,7493,0.0,0.995,0.0,0.0,-0.0112,-0.0044,-0.0024,-0.0054,-0.0065,-0.0061,-0.0004,0.086,,,,
S2B_MSIL2A_20251129T185639_R113_T10SGJ_20251129T204514,2025-11-29,2B,10SGJ,18.9,7493,0.0,0.965,0.0,0.0,0.054,0.0602,0.057,0.0505,0.0535,0.0643,0.0396,0.094,140.67,6.0,#96a48d,0.121
S2C_MSIL2A_20260304T185251_R113_T11SKD_20260304T225811,2026-03-04,2C,11SKD,58.5,7510,0.0,0.027,0.0,0.971,,,,,,,,,,,,
S2A_MSIL2A_20260306T185831_R113_T11SKD_20260306T234116,2026-03-06,2A,11SKD,0.0,7510,0.0,0.998,0.001,0.0,-0.0218,-0.0166,-0.0115,-0.0127,-0.0143,-0.0149,-0.0002,0.201,,,,
S2B_MSIL2A_20260309T185119_R113_T11SKD_20260309T224304,2026-03-09,2B,11SKD,0.2,7510,0.0,0.997,0.001,0.0,-0.0222,-0.0129,-0.0106,-0.012,-0.0134,-0.0126,-0.0006,0.202,,,,
S2C_MSIL2A_20260311T184201_R070_T10SGJ_20260312T002409,2026-03-11,2C,10SGJ,9.5,7493,0.0,0.997,0.0,0.0,-0.0199,-0.0163,-0.0115,-0.0132,-0.0157,-0.0155,0.002,0.217,,,,
S2C_MSIL2A_20260314T185141_R113_T10SGJ_20260315T000413,2026-03-14,2C,10SGJ,3.0,7493,0.0,0.961,0.0,0.004,0.0372,0.0384,0.0395,0.0345,0.0366,0.0424,0.0266,0.141,113.1,7.0,#a0a28a,0.1173
S2B_MSIL2A_20260316T185059_R070_T10SGJ_20260316T223455,2026-03-16,2B,10SGJ,27.2,7493,0.0,0.966,0.005,0.001,0.0735,0.0719,0.0726,0.0663,0.0733,0.0846,0.0479,0.271,146.42,6.0,#a49f95,0.1598
S2B_MSIL2A_20260319T185009_R113_T11SKD_20260319T224403,2026-03-19,2B,11SKD,0.0,7510,0.0,0.997,0.0,0.0,-0.0115,-0.0049,-0.0054,-0.0086,-0.0099,-0.0101,-0.0012,0.158,,,,
S2C_MSIL2A_20260321T184051_R070_T10SGJ_20260322T005116,2026-03-21,2C,10SGJ,41.2,7493,0.0,0.963,0.0,0.0,0.0396,0.0407,0.0425,0.0392,0.0423,0.0519,0.0371,0.213,82.39,10.0,#9ea470,0.4247
S2C_MSIL2A_20260324T185031_R113_T11SKD_20260324T215217,2026-03-24,2C,11SKD,0.0,7510,0.0,0.999,0.0,0.0,-0.0056,-0.0043,-0.002,-0.0052,-0.0062,-0.0062,0.0027,0.137,,,,
S2B_MSIL2A_20260326T183919_R070_T10SGJ_20260326T235923,2026-03-26,2B,10SGJ,17.6,7493,0.0,0.992,0.0,0.0,-0.0025,0.0024,0.0032,0.0006,-0.0002,-0.0001,0.0101,0.23,,,,
S2B_MSIL2A_20260329T184919_R113_T11SKD_20260329T223928,2026-03-29,2B,11SKD,0.7,7510,0.0,0.999,0.0,0.0,-0.0069,-0.0014,-0.0023,-0.0052,-0.0068,-0.0076,0.0,0.184,,,,
S2C_MSIL2A_20260403T184921_R113_T11SKD_20260403T233913,2026-04-03,2C,11SKD,0.2,7510,0.0,0.999,0.0,0.0,0.0036,0.0025,0.0044,0.0001,-0.0022,-0.0043,0.0075,0.196,,,,
S2B_MSIL2A_20260405T183919_R070_T11SKD_20260405T235650,2026-04-05,2B,11SKD,4.8,7510,0.0,0.965,0.0,0.008,0.0159,0.0259,0.0265,0.0231,0.0222,0.0369,0.0298,0.235,,,,
S2B_MSIL2A_20260408T184919_R113_T11SKD_20260408T223722,2026-04-08,2B,11SKD,27.4,7510,0.0,0.321,0.0,0.672,,,,,,,,,,,,
S2C_MSIL2A_20260413T184921_R113_T11SKD_20260413T223110,2026-04-13,2C,11SKD,24.1,7510,0.0,0.989,0.0,0.01,0.0104,0.0076,0.0073,0.002,0.0007,0.0017,0.0032,0.064,213.96,3.0,#78a6bf,0.0
S2B_MSIL2A_20260418T184919_R113_T10SGJ_20260418T223701,2026-04-18,2B,10SGJ,1.2,7493,0.0,0.999,0.0,0.0,-0.0181,-0.0106,-0.0101,-0.0129,-0.0146,-0.0161,-0.0018,0.242,,,,
S2C_MSIL2A_20260420T183921_R070_T10SGJ_20260421T000409,2026-04-20,2C,10SGJ,21.1,7493,0.0,0.967,0.0,0.0,-0.0067,-0.0057,-0.0025,-0.0041,-0.00665,-0.0091,0.0116,0.304,,,,
S2C_MSIL2A_20260423T184921_R113_T10SGJ_20260423T230910,2026-04-23,2C,10SGJ,0.1,7493,0.0,0.999,0.0,0.0,-0.0004,-0.0005,0.0009,-0.004,-0.0064,-0.0073,0.0029,0.23,,,,
S2B_MSIL2A_20260428T184919_R113_T10SGJ_20260428T223109,2026-04-28,2B,10SGJ,58.8,7493,0.0,0.674,0.0,0.32,0.0219,0.02,0.0134,0.0048,0.0021,-0.0021,0.0023,0.225,208.57,4.0,#71a8bb,-0.9231
S2C_MSIL2A_20260430T183921_R070_T10SGJ_20260430T235212,2026-04-30,2C,10SGJ,4.1,7493,0.0,0.933,0.0,0.059,-0.0048,-0.0044,-0.004,-0.0079,-0.0107,-0.0136,0.0036,0.234,,,,
S2B_MSIL2A_20260508T184919_R113_T10SGJ_20260508T223807,2026-05-08,2B,10SGJ,6.1,7493,0.0,0.97,0.0,0.0,0.0386,0.0357,0.0354,0.0323,0.0328,0.0271,0.0298,0.124,216.19,3.0,#94a1b1,0.0909
S2C_MSIL2A_20260510T183921_R070_T11SKD_20260510T233916,2026-05-10,2C,11SKD,0.0,7510,0.0,0.999,0.0,0.0,-0.0055,-0.0054,-0.004,-0.0059,-0.0084,-0.0118,0.0052,0.23,,,,
S2C_MSIL2A_20260513T184921_R113_T10SGJ_20260513T235009,2026-05-13,2C,10SGJ,0.1,7493,0.0,0.966,0.0,0.0,0.0619,0.0559,0.0586,0.0562,0.0566,0.0518,0.0569,0.129,,,,
S2A_MSIL2A_20260515T185831_R113_T10SGJ_20260516T025522,2026-05-15,2A,10SGJ,0.0,7493,0.0,0.971,0.0,0.0,0.0627,0.0546,0.0568,0.0557,0.0571,0.0486,0.0546,0.129,,,,
S2C_MSIL2A_20260520T183921_R070_T10SGJ_20260521T064542,2026-05-20,2C,10SGJ,23.2,7493,0.0,0.964,0.0,0.0,-0.0096,-0.0052,0.0022,0.005,0.0046,0.0087,0.0282,0.414,,,,
S2A_MSIL2A_20260522T184831_R070_T11SKD_20260523T023713,2026-05-22,2A,11SKD,22.0,7510,0.0,0.513,0.0,0.485,0.054,0.0365,0.026,0.0111,0.0068,-0.0032,0.0089,0.3,223.08,2.0,#6ca5d8,-0.913
S2C_MSIL2A_20260523T184921_R113_T10SGJ_20260523T234313,2026-05-23,2C,10SGJ,0.2,7493,0.0,0.964,0.0,0.0,0.0868,0.0771,0.081,0.0795,0.0808,0.0712,0.0792,0.133,,,,
S2B_MSIL2A_20260525T183919_R070_T10SGJ_20260525T223217,2026-05-25,2B,10SGJ,4.2,7493,0.0,0.996,0.0,0.0,0.00855,0.0134,0.0111,0.0063,0.0036,-0.0012,0.0104,0.215,164.6,5.0,#00ba8c,0.0
S2C_MSIL2A_20260530T183921_R070_T11SKD_20260530T232508,2026-05-30,2C,11SKD,24.3,7510,0.0,0.662,0.0,0.327,0.0079,0.0076,0.0056,0.0011,-0.0045,-0.0123,0.0142,0.349,,,,
S2C_MSIL2A_20260602T184921_R113_T11SKD_20260602T234853,2026-06-02,2C,11SKD,3.4,7510,0.0,0.962,0.0,0.0,0.02205,0.0217,0.0234,0.0185,0.0195,0.0258,0.0294,0.16,,,,
S2B_MSIL2A_20260607T184919_R113_T10SGJ_20260607T224035,2026-06-07,2B,10SGJ,0.5,7493,0.0,0.967,0.0,0.0,0.1094,0.1052,0.1073,0.1045,0.1075,0.0967,0.0955,0.107,195.35,4.0,#aa9d9b,0.1429
S2C_MSIL2A_20260609T183921_R070_T11SKD_20260609T232110,2026-06-09,2C,11SKD,3.2,7510,0.0,0.993,0.0,0.0,0.001,0.0031,0.0049,0.0017,-0.0023,-0.0075,0.0127,0.255,,,,
S2A_MSIL2A_20260611T184831_R070_T11SKD_20260612T023012,2026-06-11,2A,11SKD,0.0,7510,0.0,0.998,0.0,0.0,-0.0017,-0.0013,-0.0006,-0.0053,-0.0086,-0.014,0.0026,0.208,,,,
S2C_MSIL2A_20260612T184921_R113_T10SGJ_20260612T233713,2026-06-12,2C,10SGJ,0.2,7493,0.0,0.967,0.0,0.0,0.123,0.1093,0.1148,0.1123,0.1155,0.0994,0.1091,0.116,,,#c48bd6,0.3333
S2B_MSIL2A_20260614T183919_R070_T10SGJ_20260614T224241,2026-06-14,2B,10SGJ,0.0,7493,0.0,0.997,0.0,0.0,0.0027,0.0078,0.0061,-0.0001,-0.0035,-0.0097,0.0053,0.225,158.01,6.0,#00b783,0.0
S2B_MSIL2A_20260617T184919_R113_T10SGJ_20260617T223902,2026-06-17,2B,10SGJ,1.8,7493,0.0,0.974,0.0,0.0,0.0202,0.0192,0.0176,0.0089,0.0084,0.0029,0.0073,0.158,191.39,4.0,#7da8a8,-0.1852
S2C_MSIL2A_20260619T183921_R070_T11SKD_20260619T233627,2026-06-19,2C,11SKD,21.7,7510,0.0,0.209,0.0,0.712,,,,,,,,,,,,
S2C_MSIL2A_20260622T184921_R113_T10SGJ_20260622T235211,2026-06-22,2C,10SGJ,0.9,7493,0.0,0.968,0.0,0.0,0.0869,0.07235,0.0782,0.0757,0.0792,0.0626,0.0776,0.146,,,,
S2B_MSIL2A_20260624T183919_R070_T10SGJ_20260624T223210,2026-06-24,2B,10SGJ,0.0,7493,0.0,0.996,0.0,0.0,0.007,0.012,0.0098,0.0033,-0.0003,-0.0059,0.0074,0.192,140.22,6.0,#48b46f,0.0
S2B_MSIL2A_20260627T184919_R113_T11SKD_20260627T224223,2026-06-27,2B,11SKD,0.8,7510,0.0,0.962,0.0,0.003,0.0884,0.089,0.0891,0.0845,0.0856,0.0765,0.0758,0.133,141.33,6.0,#9fa191,0.0595
S2C_MSIL2A_20260629T183921_R070_T11SKD_20260629T233012,2026-06-29,2C,11SKD,5.5,7510,0.0,0.997,0.0,0.0,-0.0099,-0.0079,-0.0068,-0.0104,-0.0151,-0.021,0.0019,0.253,,,,
S2A_MSIL2A_20260701T184831_R070_T11SKD_20260702T023007,2026-07-01,2A,11SKD,1.6,7510,0.0,0.962,0.0,0.0,-0.0107,-0.0066,-0.0048,-0.0057,-0.0094,-0.0167,0.0135,0.394,,,,
S2C_MSIL2A_20260702T184921_R113_T10SGJ_20260702T235216,2026-07-02,2C,10SGJ,3.5,7493,0.0,0.967,0.0,0.0,0.1104,0.0983,0.1018,0.0998,0.1018,0.0867,0.0977,0.154,,,#be89ed,0.3226
S2B_MSIL2A_20260704T183919_R070_T11SKD_20260704T223035,2026-07-04,2B,11SKD,0.0,7510,0.0,0.994,0.0,0.0,-0.0058,-0.0017,-0.0046,-0.0091,-0.0132,-0.0212,-0.0001,0.266,,,,
S2B_MSIL2A_20260707T184919_R113_T10SGJ_20260707T224253,2026-07-07,2B,10SGJ,0.3,7493,0.0,0.967,0.0,0.0,0.0981,0.0956,0.0962,0.0919,0.0952,0.0828,0.0836,0.107,181.68,5.0,#a1a09b,0.1658
S2C_MSIL2A_20260709T183921_R070_T10SGJ_20260709T232952,2026-07-09,2C,10SGJ,0.0,7493,0.0,0.997,0.0,0.0,-0.0038,-0.0021,-0.0012,-0.0057,-0.0091,-0.0128,0.0047,0.209,,,,
S2A_MSIL2A_20260714T185831_R113_T10SGJ_20260715T024413,2026-07-14,2A,10SGJ,24.6,7493,0.0,0.541,0.0,0.451,0.0121,0.0081,0.006,0.0037,0.0029,0.0006,0.0048,0.158,230.97,1.0,#4093ff,0.0
S2B_MSIL2A_20260717T184919_R113_T10SGJ_20260717T223312,2026-07-17,2B,10SGJ,0.1,7493,0.0,0.968,0.0,0.0,0.0813,0.0787,0.0792,0.0745,0.0762,0.0672,0.06765,0.098,188.15,5.0,#9ea09e,0.1104
S2C_MSIL2A_20260719T183921_R070_T10SGJ_20260719T233121,2026-07-19,2C,10SGJ,7.9,7493,0.0,0.997,0.0,0.0,-0.0067,-0.0056,-0.005,-0.0091,-0.0122,-0.0189,0.0026,0.271,,,,
S2A_MSIL2A_20260721T184831_R070_T11SKD_20260722T025414,2026-07-21,2A,11SKD,66.9,7510,0.0,0.0,0.0,1.0,,,,,,,,,,,,
S2C_MSIL2A_20260722T184921_R113_T10SGJ_20260722T234914,2026-07-22,2C,10SGJ,4.2,7493,0.0,0.965,0.0,0.0,0.0827,0.0747,0.0773,0.0731,0.0753,0.0633,0.0736,0.128,235.23,1.0,#9f97e0,0.8889
S2B_MSIL2A_20260724T183919_R070_T10SGJ_20260724T223143,2026-07-24,2B,10SGJ,0.0,7493,0.0,0.997,0.0,0.0,0.006,0.0092,0.0065,0.0009,-0.0015,-0.0058,0.006,0.183,170.32,5.0,#00bc97,0.0
S2B_MSIL2A_20260727T184919_R113_T10SGJ_20260727T224036,2026-07-27,2B,10SGJ,0.1,7493,0.0,0.971,0.0,0.0,0.0638,0.0627,0.0625,0.0582,0.059,0.0527,0.0524,0.094,179.58,5.0,#9aa29c,0.0645
S2C_MSIL2A_20260729T183921_R070_T11SKD_20260729T233215,2026-07-29,2C,11SKD,0.0,7510,0.0,0.997,0.0,0.0,0.0015,0.0024,0.0027,-0.0015,-0.0045,-0.0083,0.0081,0.214,,,,
S2C_MSIL2A_20260801T184921_R113_T11SKD_20260801T233406,2026-08-01,2C,11SKD,2.0,7510,0.0,0.963,0.0,0.0,0.0637,0.0563,0.0588,0.0546,0.0547,0.0479,0.0556,0.112,,,#a396e3,0.0
S2A_MSIL2A_20260803T185831_R113_T11SKD_20260804T045713,2026-08-03,2A,11SKD,0.0,7510,0.0,0.966,0.0,0.0,0.0404,0.0345,0.036,0.032,0.0323,0.0257,0.0332,0.124,234.4,1.0,#9799e2,0.0
S2B_MSIL2A_20260806T184919_R113_T10SGJ_20260806T224126,2026-08-06,2B,10SGJ,0.0,7493,0.0,0.973,0.0,0.0,0.0473,0.0474,0.0469,0.0421,0.043,0.0355,0.0389,0.129,174.25,5.0,#90a59b,0.1233
S2C_MSIL2A_20260808T183921_R070_T10SGJ_20260808T233201,2026-08-08,2C,10SGJ,23.9,7493,0.0,0.987,0.0,0.0,0.0034,0.004,0.0043,-0.0017,-0.0034,-0.0077,0.0068,0.324,,,,
S2A_MSIL2A_20260810T184831_R070_T11SKD_20260811T043612,2026-08-10,2A,11SKD,8.3,7510,0.0,0.978,0.0,0.0,0.0107,0.0107,0.0104,0.0044,0.004,0.0016,0.0144,0.329,,,,
S2C_MSIL2A_20260811T184921_R113_T10SGJ_20260812T000210,2026-08-11,2C,10SGJ,11.3,7493,0.0,0.966,0.0,0.0,0.0352,0.031,0.033,0.0277,0.0273,0.0215,0.03135,0.196,,,,
S2B_MSIL2A_20260813T183919_R070_T10SGJ_20260813T223243,2026-08-13,2B,10SGJ,62.7,7493,0.0,0.737,0.0,0.252,0.0318,0.0308,0.0218,0.0107,0.0084,-0.003,0.0076,0.304,206.09,4.0,#6fa8b9,-0.5897
S2B_MSIL2A_20260816T184919_R113_T11SKD_20260816T224133,2026-08-16,2B,11SKD,1.2,7510,0.0,0.969,0.0,0.0,0.035,0.0356,0.0348,0.03,0.0311,0.0254,0.0294,0.145,177.81,5.0,#79a99e,0.4783
S2C_MSIL2A_20260818T183921_R070_T11SKD_20260818T234111,2026-08-18,2C,11SKD,0.9,7510,0.0,0.998,0.0,0.0,-0.011,-0.0088,-0.0072,-0.0107,-0.0135,-0.0177,0.0021,0.231,,,,
S2C_MSIL2A_20260821T184911_R113_T10SGJ_20260822T000756,2026-08-21,2C,10SGJ,40.2,7493,0.0,0.651,0.0,0.318,0.0719,0.06315,0.0645,0.05925,0.0651,0.0705,0.0554,0.146,228.44,1.0,#9b9ebb,0.4317
S2A_MSIL2A_20260823T185831_R113_T10SGJ_20260824T045211,2026-08-23,2A,10SGJ,15.1,7493,0.0,0.447,0.0,0.533,,,,,,,,,,,,
S2B_MSIL2A_20260826T184919_R113_T10SGJ_20260826T223721,2026-08-26,2B,10SGJ,11.3,7493,0.0,0.5,0.0,0.469,0.0265,0.0285,0.0276,0.0183,0.0181,0.0122,0.0182,0.146,169.47,5.0,#73ab97,0.0
S2A_MSIL2A_20260830T184831_R070_T10SGJ_20260831T044811,2026-08-30,2A,10SGJ,0.0,7493,0.0,0.999,0.0,0.0,-0.0013,-0.0016,-0.0011,-0.0067,-0.009,-0.0133,0.0005,0.204,,,,
S2C_MSIL2A_20260831T184921_R113_T10SGJ_20260901T001409,2026-08-31,2C,10SGJ,0.2,7493,0.0,0.997,0.0,0.0,0.0174,0.0165,0.0173,0.0111,0.0104,0.0079,0.0149,0.167,177.76,5.0,#8aa69d,0.0
S2B_MSIL2A_20260905T184919_R113_T11SKD_20260905T224919,2026-09-05,2B,11SKD,52.9,7510,0.0,0.004,0.0,0.996,,,,,,,,,,,,
S2C_MSIL2A_20260907T183921_R070_T10SGJ_20260907T232614,2026-09-07,2C,10SGJ,0.1,7493,0.0,0.999,0.0,0.0,-0.0032,-0.0019,-0.0003,-0.005,-0.0067,-0.0087,0.0033,0.158,,,,
S2C_MSIL2A_20260910T184931_R113_T11SKD_20260911T102908,2026-09-10,2C,11SKD,36.2,7510,0.0,0.914,0.0,0.075,0.0141,0.0125,0.0114,0.0039,0.0031,0.0004,0.0096,0.15,220.82,3.0,#66a6d5,0.0
S2A_MSIL2A_20260912T185831_R113_T10SGJ_20260913T025118,2026-09-12,2A,10SGJ,3.6,7493,0.0,0.999,0.0,0.0,0.0124,0.0135,0.015,0.0097,0.0089,0.00655,0.0114,0.103,98.82,8.0,#8baa60,0.0
S2B_MSIL2A_20260915T184919_R113_T10SGJ_20260915T224119,2026-09-15,2B,10SGJ,6.3,7493,0.0,0.999,0.0,0.0,0.0027,0.009,0.008,0.0013,0.0005,0.0001,0.0024,0.124,118.76,7.0,#6cb05d,0.0
S2C_MSIL2A_20260917T184021_R070_T11SKD_20260917T233814,2026-09-17,2C,11SKD,25.9,7510,0.0,0.793,0.0,0.167,0.0197,0.0179,0.0163,0.0077,0.006,0.006,0.0113,0.124,207.58,4.0,#6ca8bc,0.0
S2A_MSIL2A_20260919T184831_R070_T10SGJ_20260920T023113,2026-09-19,2A,10SGJ,0.0,7493,0.0,0.999,0.0,0.0,-0.0005,-0.0008,0.0005,-0.0053,-0.0069,-0.0101,0.0005,0.16,,,,
S2C_MSIL2A_20260920T185051_R113_T11SKD_20260920T231609,2026-09-20,2C,11SKD,47.9,7510,0.0,0.962,0.0,0.0,0.0299,0.0307,0.031,0.0229,0.0243,0.0321,0.0259,0.137,160.46,6.0,#7baa90,0.0
S2B_MSIL2A_20260922T184009_R070_T11SKD_20260923T000345,2026-09-22,2B,11SKD,5.4,7510,0.0,0.843,0.0,0.14,-0.0042,-0.0019,-0.0029,-0.0046,-0.0043,-0.0041,0.004,0.23,,,,
S2B_MSIL2A_20260925T185029_R113_T10SGJ_20260925T224348,2026-09-25,2B,10SGJ,37.2,7493,0.0,0.788,0.0,0.123,0.0181,0.0223,0.0193,0.0106,0.0096,0.0073,0.01,0.094,169.86,5.0,#6dac98,-0.7143
S2C_MSIL2A_20260930T185201_R113_T10SGJ_20260930T221307,2026-09-30,2C,10SGJ,0.0,7493,0.0,0.999,0.0,0.0,0.0011,0.0035,0.005,-0.0007,-0.0012,-0.001,0.0041,0.081,,,,
S2A_MSIL2A_20261002T185831_R113_T11SKD_20261002T233503,2026-10-02,2A,11SKD,7.4,7510,0.0,0.978,0.0,0.0,0.0088,0.0106,0.0099,0.0034,0.0021,0.0011,0.0049,0.098,162.85,6.0,#71ac92,0.0
