id,date,sat,tile,cloud_cover,n_mask,f_nodata,f_water,f_ice,f_cloud,B01,B02,B03,B04,B05,B08,B11,aot,hue,fu,swatch,ndci
S2A_MSIL2A_20170311T185151_R113_T10SGJ_20210208T213823,2017-03-11,2A,10SGJ,18.5,13008,0.0,0.681,0.001,0.317,0.1109,0.10365,0.106,0.10435,0.111,0.1149,0.0383,0.075,63.15,12.0,#ad9d94,0.0479
S2A_MSIL2A_20170331T184921_R113_T10SGJ_20210209T033042,2017-03-31,2A,10SGJ,19.6,13008,0.0,0.026,0.0,0.974,,,,,,,,,,,,
S2A_MSIL2A_20170420T184921_R113_T11SKD_20210209T091746,2017-04-20,2A,11SKD,35.7,13004,0.0,0.998,0.0,0.0,0.026,0.0264,0.0261,0.0231,0.0238,0.0231,0.0254,0.145,168.08,5.0,#6fac97,0.0
S2A_MSIL2A_20170427T183921_R070_T10SGJ_20210209T111112,2017-04-27,2A,10SGJ,25.3,13008,0.0,1.0,0.0,0.0,0.0119,0.0046,0.0046,0.0002,0.0001,0.0001,0.0016,0.104,232.75,1.0,#829cf6,0.0
S2A_MSIL2A_20170510T184921_R113_T10SGJ_20210209T143429,2017-05-10,2A,10SGJ,1.4,13008,0.0,0.999,0.0,0.0,0.0415,0.0448,0.0427,0.0371,0.037,0.0358,0.0323,0.117,158.48,6.0,#8da692,-0.0105
S2A_MSIL2A_20170517T183921_R070_T10SGJ_20210209T161350,2017-05-17,2A,10SGJ,12.1,13008,0.0,0.999,0.0,0.0,0.0219,0.0135,0.0125,0.0067,0.007,0.0039,0.0047,0.133,225.73,2.0,#87a1cc,0.0698
S2A_MSIL2A_20170530T184921_R113_T11SKD_20210209T191756,2017-05-30,2A,11SKD,2.1,13004,0.0,0.946,0.0,0.048,0.1116,0.1284,0.1265,0.1185,0.119,0.1182,0.1009,0.108,87.0,9.0,#9ca472,0.014
S2A_MSIL2A_20170606T183921_R070_T10SGJ_20210209T205824,2017-06-06,2A,10SGJ,1.5,13008,0.0,0.999,0.0,0.0,0.0164,0.0106,0.0102,0.0045,0.0044,0.0015,0.0039,0.104,220.69,3.0,#7fa4c7,-0.0909
S2A_MSIL2A_20170619T184921_R113_T10SGJ_20210210T001337,2017-06-19,2A,10SGJ,1.7,13008,0.0,0.966,0.0,0.034,0.021,0.0166,0.0151,0.008,0.008,0.0031,0.004,0.129,209.98,4.0,#8ca3b1,0.0
S2A_MSIL2A_20170626T183921_R070_T10SGJ_20210210T015305,2017-06-26,2A,10SGJ,0.7,13008,0.0,0.998,0.0,0.0,0.0235,0.02,0.0214,0.0163,0.0164,0.0115,0.0162,0.125,206.52,4.0,#87a4b1,0.3333
S2B_MSIL2A_20170704T184919_R113_T11SKD_20210210T044752,2017-07-04,2B,11SKD,1.0,13004,0.0,0.96,0.0,0.036,0.0934,0.1176,0.1143,0.1079,0.1092,0.1094,0.0972,0.087,84.25,9.0,#94a852,0.0573
S2A_MSIL2A_20170709T184921_R113_T10SGJ_20210210T063521,2017-07-09,2A,10SGJ,0.8,13008,0.0,0.99,0.0,0.007,0.089,0.1013,0.1049,0.1028,0.1054,0.1032,0.0957,0.127,51.1,14.0,#b1a132,0.1548
S2B_MSIL2A_20170711T183919_R070_T10SGJ_20210210T073718,2017-07-11,2B,10SGJ,0.3,13008,0.0,0.999,0.0,0.0,0.0094,0.015,0.0114,0.0068,0.0068,0.0036,0.008,0.107,158.03,6.0,#40b387,0.0
S2A_MSIL2A_20170716T183921_R070_T10SGJ_20210210T095217,2017-07-16,2A,10SGJ,0.9,13008,0.0,0.999,0.0,0.0,0.0063,0.0029,0.0043,0.0002,0.0001,0.0001,0.0026,0.125,,,#a697d5,0.0
S2B_MSIL2A_20170724T184919_R113_T10SGJ_20210210T140113,2017-07-24,2B,10SGJ,22.9,13008,0.0,0.996,0.0,0.001,0.0707,0.09,0.086,0.0778,0.0797,0.0769,0.069,0.075,95.62,8.0,#8da95e,0.0974
S2A_MSIL2A_20170729T184921_R113_T11SKD_20210210T161545,2017-07-29,2A,11SKD,2.7,13004,0.0,0.63,0.0,0.324,0.0777,0.0861,0.0868,0.0797,0.083,0.0865,0.0777,0.133,93.54,9.0,#88ab4b,0.4521
S2B_MSIL2A_20170731T183919_R070_T10SGJ_20210210T173621,2017-07-31,2B,10SGJ,0.8,13008,0.0,0.999,0.0,0.0,0.0077,0.0128,0.0083,0.0023,0.0027,0.0001,0.0036,0.182,173.57,5.0,#48b09c,0.0
S2A_MSIL2A_20170805T183921_R070_T11SKD_20210210T195548,2017-08-05,2A,11SKD,56.0,13004,0.0,0.0,0.0,1.0,,,,,,,,,,,,
S2B_MSIL2A_20170813T184919_R113_T11SKD_20210131T203157,2017-08-13,2B,11SKD,2.3,13004,0.0,0.997,0.0,0.0,0.0399,0.0533,0.0512,0.0443,0.0453,0.044,0.0408,0.087,100.8,8.0,#83ac56,0.125
S2A_MSIL2A_20170818T184921_R113_T10SGJ_20210201T045743,2017-08-18,2A,10SGJ,6.8,13008,0.0,0.998,0.0,0.0,0.0455,0.0459,0.0443,0.0358,0.0364,0.0343,0.0286,0.075,175.32,5.0,#91a49b,0.04
S2B_MSIL2A_20170820T183919_R070_T10SGJ_20201015T042032,2017-08-20,2B,10SGJ,1.1,13008,0.0,0.999,0.0,0.0,0.0026,0.0096,0.0058,0.0001,0.0012,0.0001,0.0019,0.214,147.66,6.0,#43b379,0.0
S2A_MSIL2A_20170825T183921_R070_T10SGJ_20210201T100637,2017-08-25,2A,10SGJ,0.9,13008,0.0,0.999,0.0,0.0,0.0092,0.0054,0.0068,0.0008,0.0018,0.0001,0.002,0.158,212.22,3.0,#88a4b5,0.0
S2B_MSIL2A_20170902T184909_R113_T11SKD_20210201T171756,2017-09-02,2B,11SKD,0.2,13004,0.0,0.999,0.0,0.0,0.0118,0.0181,0.0148,0.0064,0.0075,0.0041,0.0038,0.141,157.11,6.0,#7baa8e,0.1746
S2A_MSIL2A_20170907T184921_R113_T11SKD_20210201T204658,2017-09-07,2A,11SKD,19.0,13004,0.0,0.469,0.0,0.531,,,,,,,,,,,,
S2B_MSIL2A_20170909T184049_R070_T11SKD_20210201T225338,2017-09-09,2B,11SKD,8.4,13004,0.0,0.999,0.0,0.001,0.0263,0.0284,0.0215,0.012,0.013,0.0092,0.0042,0.126,191.35,4.0,#86a6a6,0.0602
S2A_MSIL2A_20170914T184001_R070_T11SKD_20210202T022918,2017-09-14,2A,11SKD,31.8,13004,0.0,0.952,0.0,0.028,0.0099,0.0059,0.0068,0.0007,0.0016,0.0001,0.0023,0.157,217.26,3.0,#85a3bd,0.0
S2B_MSIL2A_20170922T185049_R113_T10SGJ_20210202T081610,2017-09-22,2B,10SGJ,66.0,13008,0.0,0.445,0.0,0.553,,,,,,,,,,,,
S2A_MSIL2A_20170927T185131_R113_T10SGJ_20210202T103953,2017-09-27,2A,10SGJ,0.2,13008,0.0,0.999,0.0,0.0,0.0058,0.0069,0.0095,0.0039,0.0043,0.0025,0.0043,0.071,94.45,8.0,#8ea95e,0.0
S2A_MSIL2A_20171004T184221_R070_T10SGJ_20210202T134928,2017-10-04,2A,10SGJ,0.2,13008,0.0,1.0,0.0,0.0,0.0001,0.0001,0.0011,0.0001,0.0001,0.0001,0.0005,0.116,,,,
S2B_MSIL2A_20171012T185309_R113_T10SGJ_20201019T211551,2017-10-12,2B,10SGJ,1.5,13008,0.0,1.0,0.0,0.0,0.0031,0.0117,0.0104,0.0041,0.0047,0.0035,0.0025,0.104,109.42,7.0,#7cad5d,0.1579
S2A_MSIL2A_20171017T185401_R113_T11SKD_20201015T001923,2017-10-17,2A,11SKD,62.3,13004,0.0,0.0,0.0,1.0,,,,,,,,,,,,
S2B_MSIL2A_20171019T184349_R070_T11SKD_20201015T010125,2017-10-19,2B,11SKD,15.4,13004,0.0,0.948,0.0,0.035,0.0018,0.0083,0.0059,0.0001,0.0006,0.0001,0.002,0.079,132.28,7.0,#56b267,0.0
S2A_MSIL2A_20171024T184441_R070_T10SGJ_20201015T015902,2017-10-24,2A,10SGJ,0.2,13008,0.0,1.0,0.0,0.0,0.0001,0.0001,0.0004,0.0001,0.0001,0.0001,0.0003,0.079,,,,
S2A_MSIL2A_20171106T185601_R113_T11SKD_20201014T182925,2017-11-06,2A,11SKD,17.6,13004,0.0,1.0,0.0,0.0,0.0022,0.001,0.0032,0.0001,0.0002,0.0001,0.0006,0.062,78.88,10.0,#a2a276,0.0
S2A_MSIL2A_20171113T184631_R070_T11SKD_20201014T193657,2017-11-13,2A,11SKD,32.6,13004,0.0,1.0,0.0,0.0,0.0067,0.001,0.0024,0.0001,0.0001,0.0001,0.0012,0.092,,,,
S2B_MSIL2A_20171118T184639_R070_T11SKD_20201014T204855,2017-11-18,2B,11SKD,2.5,13004,0.0,1.0,0.0,0.0,0.0001,0.0055,0.0019,0.0001,0.0001,0.0001,0.0001,0.066,156.0,6.0,#00b77f,0.0
S2B_MSIL2A_20171121T185659_R113_T10SGJ_20201014T212923,2017-11-21,2B,10SGJ,48.4,13008,0.0,0.031,0.161,0.808,,,,,,,,,,,,
S2B_MSIL2A_20171128T184719_R070_T10SGJ_20201014T224749,2017-11-28,2B,10SGJ,1.6,13008,0.0,1.0,0.0,0.0,0.0001,0.0007,0.0001,0.0001,0.0001,0.0001,0.0001,0.071,,,,
S2A_MSIL2A_20180303T184251_R070_T11SKD_20201013T055855,2018-03-03,2A,11SKD,20.1,13004,0.0,0.968,0.003,0.029,0.0229,0.0205,0.0273,0.0285,0.0328,0.0375,0.0248,0.145,,,,
S2A_MSIL2A_20180306T185231_R113_T10SGJ_20201013T071634,2018-03-06,2A,10SGJ,48.5,13008,0.0,0.0,0.0,1.0,,,,,,,,,,,,
S2B_MSIL2A_20180308T184209_R070_T11SKD_20201013T081459,2018-03-08,2B,11SKD,35.5,13004,0.0,0.998,0.0,0.001,0.0346,0.0458,0.046,0.0452,0.0511,0.057,0.0252,0.145,59.33,13.0,#aba070,0.1285
S2B_MSIL2A_20180318T184059_R070_T11SKD_20201013T105742,2018-03-18,2B,11SKD,8.7,13004,0.0,1.0,0.0,0.0,0.0001,0.003,0.0007,0.0001,0.0001,0.0003,0.0018,0.092,,,,
S2A_MSIL2A_20180323T184031_R070_T11SKD_20201013T130422,2018-03-23,2A,11SKD,17.9,13004,0.0,0.994,0.0,0.006,0.015,0.0101,0.0106,0.006,0.0064,0.006,0.0056,0.096,221.3,2.0,#85a3c4,0.3333
S2A_MSIL2A_20180326T185011_R113_T10SGJ_20201013T143223,2018-03-26,2A,10SGJ,2.1,13008,0.0,1.0,0.0,0.0,0.0001,0.0001,0.0001,0.0001,0.0001,0.0004,0.0088,0.145,,,,
S2B_MSIL2A_20180328T183949_R070_T10SGJ_20201013T154932,2018-03-28,2B,10SGJ,1.2,13008,0.0,1.0,0.0,0.0,0.0001,0.0001,0.0001,0.0001,0.0001,0.0001,0.0001,0.145,,,,
S2A_MSIL2A_20180402T183921_R070_T10SGJ_20201012T172350,2018-04-02,2A,10SGJ,35.4,13008,0.0,0.723,0.0,0.27,0.0094,0.0051,0.0074,0.0042,0.0059,0.0049,0.0103,0.145,,,,
S2B_MSIL2A_20180407T183919_R070_T11SKD_20201012T193617,2018-04-07,2B,11SKD,23.5,13004,0.0,0.284,0.0,0.716,,,,,,,,,,,,
S2A_MSIL2A_20180412T183931_R070_T11SKD_20201012T212423,2018-04-12,2A,11SKD,33.4,13004,0.0,1.0,0.0,0.0,0.0229,0.0168,0.0157,0.0095,0.0102,0.0101,0.0043,0.087,217.54,3.0,#93a1b4,0.0631
S2A_MSIL2A_20180415T184921_R113_T11SKD_20201012T223705,2018-04-15,2A,11SKD,38.9,13004,0.0,0.0,0.0,1.0,,,,,,,,,,,,
S2B_MSIL2A_20180417T183919_R070_T11SKD_20201012T233405,2018-04-17,2B,11SKD,12.7,13004,0.0,1.0,0.0,0.0,0.0001,0.0003,0.0001,0.0001,0.0001,0.0001,0.0004,0.145,,,,
S2B_MSIL2A_20180420T184919_R113_T11SKD_20201013T003947,2018-04-20,2B,11SKD,0.8,13004,0.0,0.998,0.0,0.001,0.0341,0.042,0.0361,0.0288,0.0284,0.0274,0.0229,0.075,162.27,6.0,#83a893,-0.0351
S2A_MSIL2A_20180422T183921_R070_T10SGJ_20201013T011708,2018-04-22,2A,10SGJ,2.6,13008,0.0,0.998,0.0,0.002,0.0164,0.0121,0.0128,0.0093,0.0107,0.0096,0.0087,0.112,224.09,2.0,#8da1c3,0.5385
S2A_MSIL2A_20180425T185031_R113_T11SKD_20201013T023055,2018-04-25,2A,11SKD,0.6,13004,0.0,0.999,0.0,0.0,0.0321,0.0333,0.0307,0.0243,0.0243,0.0239,0.0179,0.075,178.26,5.0,#90a49d,0.0
S2B_MSIL2A_20180427T183919_R070_T10SGJ_20201013T033251,2018-04-27,2B,10SGJ,1.3,13008,0.0,0.998,0.0,0.001,0.0204,0.0245,0.02,0.0152,0.0161,0.0157,0.0144,0.123,179.92,5.0,#5fada2,0.36
S2A_MSIL2A_20180502T183921_R070_T11SKD_20201012T045910,2018-05-02,2A,11SKD,10.2,13004,0.0,0.924,0.0,0.071,0.0098,0.0064,0.0061,0.0017,0.0024,0.0001,0.004,0.137,228.39,1.0,#7aa1e1,0.0
S2B_MSIL2A_20180507T183919_R070_T10SGJ_20201012T070810,2018-05-07,2B,10SGJ,0.8,13008,0.0,1.0,0.0,0.0,0.0068,0.0099,0.005,0.0002,0.0002,0.0001,0.0016,0.104,193.19,4.0,#2fb0b5,0.0
S2A_MSIL2A_20180512T183921_R070_T10SGJ_20201012T085911,2018-05-12,2A,10SGJ,67.1,13008,0.0,0.054,0.0,0.942,,,,,,,,,,,,
S2A_MSIL2A_20180515T184941_R113_T10SGJ_20201012T100932,2018-05-15,2A,10SGJ,61.5,13008,0.0,0.078,0.086,0.836,,,,,,,,,,,,
S2B_MSIL2A_20180517T183919_R070_T11SKD_20201012T110828,2018-05-17,2B,11SKD,61.2,13004,0.0,0.051,0.0,0.949,,,,,,,,,,,,
S2B_MSIL2A_20180520T184919_R113_T11SKD_20201026T102521,2018-05-20,2B,11SKD,53.4,13004,0.0,0.0,0.0,1.0,,,,,,,,,,,,
S2A_MSIL2A_20180522T183921_R070_T11SKD_20201012T125730,2018-05-22,2A,11SKD,60.4,13004,0.0,0.11,0.0,0.888,,,,,,,,,,,,
S2B_MSIL2A_20180527T183919_R070_T10SGJ_20201012T145233,2018-05-27,2B,10SGJ,27.7,13008,0.0,0.999,0.0,0.0,0.0125,0.0178,0.0135,0.0085,0.0087,0.0041,0.0105,0.151,168.97,5.0,#27b396,0.0
S2A_MSIL2A_20180601T183931_R070_T10SGJ_20201011T223559,2018-06-01,2A,10SGJ,0.6,13008,0.0,0.999,0.0,0.0,0.0079,0.0072,0.008,0.0037,0.0037,0.0006,0.0058,0.124,167.81,5.0,#8ca697,0.0
S2A_MSIL2A_20180604T184921_R113_T10SGJ_20201026T151329,2018-06-04,2A,10SGJ,4.5,13008,0.0,0.988,0.0,0.009,0.0886,0.1008,0.0997,0.0951,0.0963,0.0948,0.0858,0.079,80.99,10.0,#9ba661,0.0606
S2B_MSIL2A_20180606T183929_R070_T10SGJ_20201026T174515,2018-06-06,2B,10SGJ,27.3,13008,0.0,0.927,0.0,0.071,0.0726,0.0791,0.0757,0.069,0.0769,0.0922,0.0616,0.275,145.84,6.0,#8fa68c,0.348
S2B_MSIL2A_20180609T184919_R113_T11SKD_20201026T203441,2018-06-09,2B,11SKD,32.3,13004,0.0,0.706,0.0,0.291,0.113,0.1201,0.1153,0.1088,0.1161,0.1358,0.0932,0.17,145.34,6.0,#99a390,0.1896
S2A_MSIL2A_20180611T183921_R070_T10SGJ_20201026T215957,2018-06-11,2A,10SGJ,0.4,13008,0.0,0.998,0.0,0.0,0.0024,0.0018,0.0032,0.0001,0.0001,0.0001,0.002,0.133,,,,
S2A_MSIL2A_20180614T184921_R113_T10SGJ_20201027T004723,2018-06-14,2A,10SGJ,1.3,13008,0.0,0.933,0.0,0.061,0.1068,0.1275,0.1257,0.1194,0.12065,0.1207,0.1074,0.096,78.11,10.0,#99a74e,0.0495
S2B_MSIL2A_20180616T183929_R070_T10SGJ_20201027T022451,2018-06-16,2B,10SGJ,0.3,13008,0.0,0.999,0.0,0.0,0.0102,0.0178,0.015,0.0099,0.0098,0.0061,0.012,0.126,140.47,6.0,#46b46e,0.0
S2B_MSIL2A_20180619T184919_R113_T10SGJ_20201012T000922,2018-06-19,2B,10SGJ,2.9,13008,0.0,0.765,0.0,0.225,0.1103,0.1382,0.135,0.1276,0.1277,0.1239,0.115,0.141,82.46,10.0,#96a851,0.004
S2A_MSIL2A_20180621T183921_R070_T10SGJ_20201012T004208,2018-06-21,2A,10SGJ,0.4,13008,0.0,0.999,0.0,0.0,0.0074,0.008,0.009,0.0041,0.004,0.0002,0.0064,0.133,106.65,8.0,#8aa96c,0.0
S2A_MSIL2A_20180624T184921_R113_T10SGJ_20201012T015157,2018-06-24,2A,10SGJ,1.0,13008,0.0,0.751,0.0,0.241,0.1149,0.1356,0.1337,0.1267,0.1268,0.1255,0.1121,0.083,79.28,10.0,#9ba65b,0.0034
S2B_MSIL2A_20180626T183919_R070_T10SGJ_20201012T024943,2018-06-26,2B,10SGJ,0.2,13008,0.0,0.998,0.0,0.0,0.0087,0.0164,0.0134,0.0077,0.0073,0.003,0.0103,0.125,141.2,6.0,#43b46f,0.0
S2B_MSIL2A_20180629T184919_R113_T10SGJ_20201012T035951,2018-06-29,2B,10SGJ,1.4,13008,0.0,0.706,0.0,0.287,0.105,0.1334,0.1295,0.1213,0.1215,0.1206,0.1095,0.083,86.35,9.0,#92a953,0.0084
S2A_MSIL2A_20180704T184931_R113_T10SGJ_20201011T115213,2018-07-04,2A,10SGJ,0.6,13008,0.0,0.981,0.0,0.016,0.0854,0.1007,0.1022,0.0978,0.0998,0.0982,0.0918,0.141,70.65,11.0,#9fa644,0.1429
S2B_MSIL2A_20180706T183919_R070_T11SKD_20201027T025422,2018-07-06,2B,11SKD,5.6,13004,0.0,0.999,0.0,0.0,0.0049,0.0137,0.01,0.0046,0.0043,0.0001,0.0093,0.179,169.68,5.0,#00bd96,0.0
S2B_MSIL2A_20180709T185019_R113_T10SGJ_20201011T135748,2018-07-09,2B,10SGJ,0.8,13008,0.0,0.992,0.0,0.005,0.0839,0.105,0.1024,0.095,0.096,0.0951,0.0869,0.079,88.74,9.0,#90a952,0.0581
S2A_MSIL2A_20180711T183921_R070_T10SGJ_20201011T143355,2018-07-11,2A,10SGJ,0.8,13008,0.0,0.999,0.0,0.0,0.0054,0.0056,0.0059,0.0001,0.0003,0.0001,0.0047,0.149,129.29,7.0,#88a97f,0.0
S2A_MSIL2A_20180714T184921_R113_T10SGJ_20201011T154218,2018-07-14,2A,10SGJ,5.6,13008,0.0,0.997,0.0,0.0,0.0966,0.1132,0.1133,0.1053,0.107,0.1006,0.0943,0.112,79.78,10.0,#9aa758,0.0717
S2B_MSIL2A_20180716T183929_R070_T10SGJ_20201011T164004,2018-07-16,2B,10SGJ,0.3,13008,0.0,0.999,0.0,0.0,0.0042,0.0104,0.0061,0.0001,0.0002,0.0001,0.0027,0.145,161.12,6.0,#32b48a,0.0
S2B_MSIL2A_20180719T184919_R113_T10SGJ_20201011T174521,2018-07-19,2B,10SGJ,0.4,13008,0.0,0.998,0.0,0.0,0.0637,0.08265,0.079,0.0728,0.0738,0.0756,0.0679,0.112,100.99,8.0,#85ab59,0.0926
S2A_MSIL2A_20180721T183921_R070_T10SGJ_20201011T182055,2018-07-21,2A,10SGJ,10.3,13008,0.0,0.791,0.0,0.184,0.0438,0.038,0.034,0.0224,0.0239,0.0155,0.0153,0.232,208.16,4.0,#8aa4b0,0.0955
S2A_MSIL2A_20180724T184921_R113_T10SGJ_20201011T192859,2018-07-24,2A,10SGJ,2.0,13008,0.0,0.997,0.0,0.0,0.0734,0.0817,0.0815,0.0762,0.0801,0.0796,0.0725,0.145,90.43,9.0,#90a958,0.3451
S2B_MSIL2A_20180726T184029_R070_T10SGJ_20201011T202542,2018-07-26,2B,10SGJ,0.7,13008,0.0,0.998,0.0,0.0,0.02,0.0269,0.0217,0.0126,0.0147,0.0095,0.0048,0.271,163.01,6.0,#89a794,0.1186
S2B_MSIL2A_20180729T184919_R113_T10SGJ_20201011T213156,2018-07-29,2B,10SGJ,10.5,13008,0.0,0.983,0.0,0.008,0.0533,0.0627,0.0619,0.0577,0.0636,0.0761,0.06665,0.271,,,,
S2A_MSIL2A_20180731T183921_R070_T10SGJ_20201011T220632,2018-07-31,2A,10SGJ,28.2,13008,0.0,0.998,0.0,0.0,0.0618,0.053,0.0458,0.032,0.0328,0.0235,0.0084,0.236,208.51,4.0,#97a1a9,0.0167
S2A_MSIL2A_20180803T184921_R113_T10SGJ_20201010T203314,2018-08-03,2A,10SGJ,0.2,13008,0.0,0.997,0.0,0.0,0.0658,0.0698,0.0678,0.0615,0.0644,0.0658,0.0629,0.246,156.26,6.0,#64af8a,0.875
S2B_MSIL2A_20180805T184019_R070_T10SGJ_20201010T214304,2018-08-05,2B,10SGJ,0.1,13008,0.0,0.999,0.0,0.0,0.0134,0.0192,0.0139,0.0074,0.0076,0.0023,0.0076,0.178,174.98,5.0,#4eb09e,0.0
S2B_MSIL2A_20180808T184909_R113_T10SGJ_20201010T230610,2018-08-08,2B,10SGJ,0.2,13008,0.0,0.997,0.0,0.0,0.0836,0.0897,0.0795,0.0657,0.0692,0.0695,0.0441,0.334,178.09,5.0,#92a49c,0.0749
S2A_MSIL2A_20180810T183921_R070_T10SGJ_20201010T234854,2018-08-10,2A,10SGJ,1.2,13008,0.0,0.998,0.0,0.001,0.0205,0.0201,0.0215,0.0142,0.0169,0.0109,0.0045,0.306,142.9,6.0,#9ea292,0.1222
S2A_MSIL2A_20180813T184921_R113_T10SGJ_20201011T011139,2018-08-13,2A,10SGJ,4.4,13008,0.0,0.998,0.0,0.0,0.0395,0.0469,0.0458,0.041,0.0425,0.03875,0.0381,0.178,102.77,8.0,#89aa64,0.2055
S2B_MSIL2A_20180815T184019_R070_T11SKD_20201011T021850,2018-08-15,2B,11SKD,5.5,13004,0.0,0.988,0.0,0.005,0.013,0.0174,0.0112,0.0042,0.005,0.0001,0.0038,0.17,186.9,5.0,#55aeaa,0.5
S2B_MSIL2A_20180818T184909_R113_T10SGJ_20201011T034507,2018-08-18,2B,10SGJ,0.1,13008,0.0,0.999,0.0,0.0,0.0193,0.0315,0.0274,0.0218,0.0217,0.0209,0.0211,0.096,129.67,7.0,#5eb266,-0.0769
S2A_MSIL2A_20180820T183921_R070_T10SGJ_20201011T042801,2018-08-20,2A,10SGJ,0.2,13008,0.0,0.999,0.0,0.0,0.0059,0.0056,0.0053,0.0014,0.0023,0.0001,0.0049,0.149,221.25,2.0,#6fa5d2,0.0
S2A_MSIL2A_20180823T184921_R113_T11SKD_20201011T055234,2018-08-23,2A,11SKD,0.1,13004,0.0,0.998,0.0,0.0,0.0315,0.038,0.0366,0.0314,0.0319,0.0307,0.0297,0.108,118.47,7.0,#7eac6e,0.1282
S2B_MSIL2A_20180825T183909_R070_T10SGJ_20201027T035118,2018-08-25,2B,10SGJ,0.2,13008,0.0,0.999,0.0,0.0,0.0001,0.0026,0.0001,0.0001,0.0001,0.0001,0.0014,0.21,,,,
S2B_MSIL2A_20180828T185019_R113_T10SGJ_20201103T094419,2018-08-28,2B,10SGJ,0.3,13008,0.0,0.999,0.0,0.0,0.0199,0.0304,0.0264,0.0206,0.0212,0.019,0.0197,0.117,127.64,7.0,#63b166,0.25
S2A_MSIL2A_20180902T184921_R113_T10SGJ_20201011T073631,2018-09-02,2A,10SGJ,0.2,13008,0.0,0.999,0.0,0.0,0.0167,0.0206,0.0195,0.014,0.0148,0.0122,0.0135,0.141,145.16,6.0,#74ac83,0.4444
S2B_MSIL2A_20180904T184019_R070_T10SGJ_20201011T084307,2018-09-04,2B,10SGJ,0.5,13008,0.0,0.999,0.0,0.0,0.0017,0.0086,0.0038,0.0001,0.0001,0.0001,0.0008,0.247,159.6,6.0,#07b587,0.0
S2B_MSIL2A_20180907T184909_R113_T10SGJ_20201011T095312,2018-09-07,2B,10SGJ,0.3,13008,0.0,0.999,0.0,0.0,0.0085,0.0173,0.0142,0.0084,0.009,0.0074,0.0094,0.083,133.11,6.0,#54b367,0.0
S2A_MSIL2A_20180909T183921_R070_T11SKD_20201008T231613,2018-09-09,2A,11SKD,2.7,13004,0.0,0.999,0.0,0.0,0.0001,0.0001,0.0001,0.0001,0.0001,0.0001,0.0001,0.149,,,,
S2A_MSIL2A_20180912T184951_R113_T11SKD_20201009T002432,2018-09-12,2A,11SKD,10.9,13004,0.0,0.997,0.0,0.0,0.0299,0.0362,0.0376,0.0336,0.0356,0.0378,0.0359,0.137,65.84,12.0,#a1a606,0.0
S2B_MSIL2A_20180914T183949_R070_T10SGJ_20201009T012046,2018-09-14,2B,10SGJ,27.9,13008,0.0,1.0,0.0,0.0,0.0023,0.009,0.0054,0.0001,0.0001,0.0001,0.0032,0.112,152.13,6.0,#00b67a,0.0
S2B_MSIL2A_20180917T185019_R113_T11SKD_20201009T021305,2018-09-17,2B,11SKD,0.1,13004,0.0,0.999,0.0,0.0,0.0025,0.0117,0.0095,0.0041,0.0045,0.0031,0.0065,0.092,135.64,6.0,#51b36a,0.0
S2A_MSIL2A_20180919T184031_R070_T10SGJ_20210614T020621,2018-09-19,2A,10SGJ,0.8,13008,0.0,0.998,0.0,0.0,0.0002,0.0001,0.0001,0.0001,0.0001,0.0001,0.0001,0.162,,,,
S2A_MSIL2A_20180922T185101_R113_T10SGJ_20201009T034502,2018-09-22,2A,10SGJ,0.7,13008,0.0,0.999,0.0,0.0,0.0026,0.007,0.0079,0.0035,0.0039,0.0024,0.006,0.104,84.63,9.0,#8faa3c,0.0
S2B_MSIL2A_20180924T184109_R070_T10SGJ_20201009T043337,2018-09-24,2B,10SGJ,0.1,13008,0.0,0.999,0.0,0.0,0.0001,0.0026,0.0002,0.0001,0.0001,0.0001,0.0002,0.117,,,,
S2B_MSIL2A_20180927T185129_R113_T10SGJ_20201009T054002,2018-09-27,2B,10SGJ,0.1,13008,0.0,0.997,0.0,0.0,0.0116,0.0195,0.017,0.0114,0.0131,0.016,0.0163,0.104,165.62,5.0,#00ba8e,0.0
S2A_MSIL2A_20180929T184141_R070_T10SGJ_20201009T061235,2018-09-29,2A,10SGJ,29.1,13008,0.0,0.999,0.0,0.0,0.0001,0.0002,0.0014,0.0001,0.0001,0.0001,0.0035,0.149,,,,
S2A_MSIL2A_20181002T185211_R113_T10SGJ_20201009T071746,2018-10-02,2A,10SGJ,45.7,13008,0.0,0.997,0.0,0.002,0.0527,0.0523,0.0514,0.0466,0.0522,0.0571,0.0378,0.071,172.35,5.0,#9ca199,0.2414
S2B_MSIL2A_20181007T185249_R113_T10SGJ_20201009T091624,2018-10-07,2B,10SGJ,3.6,13008,0.0,1.0,0.0,0.0,0.0071,0.0169,0.0152,0.0091,0.0097,0.008,0.0098,0.071,122.29,7.0,#65b15e,0.0
S2A_MSIL2A_20181009T184251_R070_T10SGJ_20201009T094849,2018-10-09,2A,10SGJ,0.1,13008,0.0,1.0,0.0,0.0,0.0001,0.0001,0.0001,0.0001,0.0001,0.0001,0.0001,0.104,,,,
S2A_MSIL2A_20181012T185321_R113_T11SKD_20201009T104748,2018-10-12,2A,11SKD,0.1,13004,0.0,1.0,0.0,0.0,0.0014,0.0048,0.0059,0.0007,0.0013,0.0001,0.002,0.075,95.39,8.0,#83ad44,0.0
S2B_MSIL2A_20181014T184329_R070_T11SKD_20201009T113648,2018-10-14,2B,11SKD,3.5,13004,0.001,0.999,0.0,0.0,0.0001,0.0014,0.0001,0.0001,0.0001,0.0001,0.0002,0.112,,,,
S2B_MSIL2A_20181017T185359_R113_T11SKD_20201009T123848,2018-10-17,2B,11SKD,0.1,13004,0.0,1.0,0.0,0.0,0.0001,0.0048,0.0036,0.0001,0.0001,0.0001,0.0008,0.066,126.45,7.0,#61b163,0.0
S2A_MSIL2A_20181019T184401_R070_T10SGJ_20201009T130900,2018-10-19,2A,10SGJ,0.1,13008,0.0,1.0,0.0,0.0,0.0001,0.0001,0.0013,0.0001,0.0001,0.0001,0.0003,0.092,,,,
S2A_MSIL2A_20181022T185421_R113_T10SGJ_20201009T141041,2018-10-22,2A,10SGJ,0.6,13008,0.0,1.0,0.0,0.0,0.0001,0.0031,0.0043,0.0001,0.0004,0.0001,0.0009,0.071,91.66,9.0,#87ac40,0.0
S2B_MSIL2A_20181024T184439_R070_T11SKD_20201009T150134,2018-10-24,2B,11SKD,16.9,13004,0.0,1.0,0.0,0.0,0.0001,0.0019,0.0001,0.0001,0.0001,0.0001,0.0001,0.1,,,,
S2B_MSIL2A_20181027T185459_R113_T10SGJ_20201009T160027,2018-10-27,2B,10SGJ,64.6,13008,0.0,0.997,0.0,0.0,0.0381,0.0472,0.0458,0.0409,0.0457,0.0541,0.0395,0.112,107.55,8.0,#7cad58,0.6316
S2A_MSIL2A_20181029T184501_R070_T11SKD_20201009T162909,2018-10-29,2A,11SKD,60.7,13004,0.0,0.895,0.0,0.103,0.0779,0.0739,0.0757,0.07,0.0795,0.0991,0.0653,0.145,195.3,4.0,#9da0a0,0.5026
S2A_MSIL2A_20181101T185521_R113_T11SKD_20201008T144802,2018-11-01,2A,11SKD,33.0,13004,0.0,0.455,0.0,0.545,,,,,,,,,,,,
S2B_MSIL2A_20181103T184529_R070_T10SGJ_20201008T153347,2018-11-03,2B,10SGJ,56.4,13008,0.0,0.967,0.0,0.032,0.0001,0.0072,0.0075,0.0052,0.009,0.0091,0.0158,0.141,,,,
S2B_MSIL2A_20181106T185559_R113_T11SKD_20201008T162812,2018-11-06,2B,11SKD,0.7,13004,0.0,1.0,0.0,0.0,0.0001,0.002,0.0017,0.0001,0.0001,0.0001,0.002,0.066,,,,
S2A_MSIL2A_20181108T184601_R070_T11SKD_20201008T165452,2018-11-08,2A,11SKD,8.2,13004,0.0,1.0,0.0,0.0,0.0001,0.0001,0.0011,0.0001,0.0001,0.0001,0.0017,0.096,,,,
S2A_MSIL2A_20181111T185621_R113_T11SKD_20201008T174750,2018-11-11,2A,11SKD,6.0,13004,0.0,1.0,0.0,0.0,0.0001,0.0001,0.0001,0.0001,0.0001,0.0001,0.0003,0.066,,,,
S2B_MSIL2A_20181116T185639_R113_T10SGJ_20201008T191305,2018-11-16,2B,10SGJ,0.2,13008,0.0,1.0,0.0,0.0,0.0001,0.0029,0.0024,0.0001,0.0001,0.0001,0.0004,0.066,119.89,7.0,#6cb05f,0.0
S2A_MSIL2A_20181118T184641_R070_T11SKD_20201008T193834,2018-11-18,2A,11SKD,1.9,13004,0.001,0.999,0.0,0.0,0.0001,0.0001,0.0004,0.0001,0.0001,0.0001,0.0006,0.071,,,,
S2B_MSIL2A_20181123T184709_R070_T10SGJ_20201008T211143,2018-11-23,2B,10SGJ,69.7,13008,0.0,0.005,0.995,0.0,,,,,,,,,,,,
S2A_MSIL2A_20181128T184721_R070_T10SGJ_20201008T222515,2018-11-28,2A,10SGJ,68.6,13008,0.0,0.741,0.0,0.258,0.0266,0.0144,0.0123,0.0059,0.0077,0.0069,0.0126,0.104,,,,
S2B_MSIL2A_20190303T184259_R070_T10SGJ_20201109T074254,2019-03-03,2B,10SGJ,67.6,13008,0.0,0.028,0.579,0.393,,,,,,,,,,,,
S2B_MSIL2A_20190306T185239_R113_T11SKD_20201030T185740,2019-03-06,2B,11SKD,49.9,13004,0.0,0.0,0.064,0.936,,,,,,,,,,,,
S2A_MSIL2A_20190308T184211_R070_T10SGJ_20201007T042817,2019-03-08,2A,10SGJ,57.2,13008,0.0,0.39,0.048,0.563,,,,,,,,,,,,
S2A_MSIL2A_20190311T185201_R113_T10SGJ_20201007T053159,2019-03-11,2A,10SGJ,28.4,13008,0.0,0.883,0.0,0.116,0.0073,0.0042,0.0052,0.0021,0.0019,0.0021,0.0073,0.104,,,,
S2B_MSIL2A_20190313T184139_R070_T10SGJ_20201007T062455,2019-03-13,2B,10SGJ,24.2,13008,0.0,1.0,0.0,0.0,0.0001,0.0001,0.0001,0.0001,0.0001,0.0001,0.0001,0.145,,,,
S2A_MSIL2A_20190318T184101_R070_T10SGJ_20201007T075302,2019-03-18,2A,10SGJ,0.7,13008,0.0,1.0,0.0,0.0,0.0001,0.0001,0.0001,0.0001,0.0001,0.0001,0.0001,0.145,,,,
S2B_MSIL2A_20190323T184039_R070_T10SGJ_20201007T095455,2019-03-23,2B,10SGJ,63.5,13008,0.0,0.047,0.612,0.341,,,,,,,,,,,,
S2A_MSIL2A_20190328T184031_R070_T11SKD_20201007T113807,2019-03-28,2A,11SKD,35.9,13004,0.0,0.0,0.046,0.954,,,,,,,,,,,,
S2A_MSIL2A_20190331T184941_R113_T11SKD_20201007T124615,2019-03-31,2A,11SKD,0.7,13004,0.0,1.0,0.0,0.0,0.0001,0.0001,0.0001,0.0001,0.0001,0.0001,0.001,0.145,,,,
S2B_MSIL2A_20190402T183929_R070_T11SKD_20201006T213340,2019-04-02,2B,11SKD,65.6,13004,0.0,0.002,0.573,0.425,,,,,,,,,,,,
S2A_MSIL2A_20190407T183921_R070_T11SKD_20201006T231631,2019-04-07,2A,11SKD,60.2,13004,0.0,0.0,0.0,1.0,,,,,,,,,,,,
S2A_MSIL2A_20190410T184921_R113_T11SKD_20201007T002709,2019-04-10,2A,11SKD,5.9,13004,0.0,1.0,0.0,0.0,0.0001,0.0001,0.0001,0.0001,0.0001,0.0001,0.0007,0.145,,,,
S2B_MSIL2A_20190412T183929_R070_T10SGJ_20201007T012543,2019-04-12,2B,10SGJ,26.2,13008,0.0,0.999,0.0,0.001,0.0078,0.0106,0.0053,0.0004,0.0007,0.0008,0.0025,0.079,199.12,4.0,#00b1bf,0.0
S2B_MSIL2A_20190415T184919_R113_T10SGJ_20201007T023615,2019-04-15,2B,10SGJ,68.1,13008,0.0,0.831,0.015,0.154,0.1022,0.104,0.0949,0.0863,0.0882,0.0866,0.0544,0.092,183.24,5.0,#9da19d,0.0289
S2A_MSIL2A_20190417T183921_R070_T11SKD_20201007T031226,2019-04-17,2A,11SKD,8.7,13004,0.0,1.0,0.0,0.0,0.0055,0.0013,0.0021,0.0001,0.0001,0.0001,0.0018,0.117,,,,
S2B_MSIL2A_20190422T183929_R070_T10SGJ_20201105T153553,2019-04-22,2B,10SGJ,0.9,13008,0.0,1.0,0.0,0.0,0.0122,0.0156,0.00985,0.0045,0.005,0.0044,0.0043,0.083,192.24,4.0,#4aaeb2,0.5556
S2B_MSIL2A_20190425T184929_R113_T10SGJ_20201105T183829,2019-04-25,2B,10SGJ,0.7,13008,0.0,1.0,0.0,0.0,0.0164,0.018,0.0125,0.0048,0.0044,0.0024,0.0023,0.075,194.9,4.0,#74a9ad,-0.087
S2A_MSIL2A_20190427T183921_R070_T10SGJ_20201105T201101,2019-04-27,2A,10SGJ,0.7,13008,0.0,1.0,0.0,0.0,0.0192,0.0147,0.0133,0.0074,0.0081,0.0064,0.0059,0.083,215.75,3.0,#80a4be,0.1892
S2B_MSIL2A_20190502T183929_R070_T10SGJ_20201006T092031,2019-05-02,2B,10SGJ,1.7,13008,0.0,0.999,0.0,0.001,0.0183,0.0208,0.0149,0.0092,0.0094,0.009,0.0059,0.096,194.09,4.0,#77a8ab,0.0294
S2B_MSIL2A_20190505T184929_R113_T10SGJ_20201006T103205,2019-05-05,2B,10SGJ,0.8,13008,0.0,0.998,0.0,0.001,0.0608,0.0729,0.0665,0.0586,0.0587,0.059,0.0477,0.087,138.97,6.0,#8ea788,0.0046
S2A_MSIL2A_20190507T183921_R070_T10SGJ_20201006T110900,2019-05-07,2A,10SGJ,24.0,13008,0.0,0.997,0.0,0.003,0.0178,0.0146,0.0151,0.0113,0.0128,0.0104,0.0115,0.202,218.0,3.0,#83a4c0,0.8571
S2A_MSIL2A_20190510T184921_R113_T11SKD_20201006T122322,2019-05-10,2A,11SKD,1.0,13004,0.0,0.997,0.0,0.0,0.0663,0.0719,0.0699,0.0637,0.0637,0.0631,0.0545,0.083,130.7,7.0,#97a48a,0.0
S2B_MSIL2A_20190512T183929_R070_T10SGJ_20201006T132644,2019-05-12,2B,10SGJ,18.4,13008,0.0,0.999,0.0,0.001,0.0172,0.0188,0.0121,0.0054,0.0054,0.003,0.0033,0.112,200.56,4.0,#6baab5,0.0
S2A_MSIL2A_20190517T183921_R070_T10SGJ_20201006T151749,2019-05-17,2A,10SGJ,45.8,13008,0.0,0.692,0.0,0.307,0.0668,0.0615,0.0644,0.0604,0.0662,0.0722,0.0455,0.145,152.92,6.0,#aa9d98,0.1629
S2A_MSIL2A_20190520T184921_R113_T11SKD_20201006T163052,2019-05-20,2A,11SKD,25.6,13004,0.0,0.998,0.0,0.001,0.1025,0.1076,0.1031,0.0951,0.0951,0.0919,0.0809,0.112,159.84,6.0,#96a395,0.0
S2B_MSIL2A_20190525T184929_R113_T10SGJ_20201006T182346,2019-05-25,2B,10SGJ,62.0,13008,0.0,0.109,0.046,0.845,,,,,,,,,,,,
S2A_MSIL2A_20190530T184921_R113_T10SGJ_20201006T201014,2019-05-30,2A,10SGJ,60.4,13008,0.0,0.015,0.001,0.984,,,,,,,,,,,,
S2B_MSIL2A_20190601T183929_R070_T11SKD_20201005T205817,2019-06-01,2B,11SKD,13.2,13004,0.0,0.999,0.0,0.001,0.0183,0.0207,0.0133,0.0064,0.0062,0.0014,0.0055,0.139,199.95,4.0,#58acb8,-0.125
S2B_MSIL2A_20190604T184929_R113_T10SGJ_20201005T221129,2019-06-04,2B,10SGJ,11.1,13008,0.0,0.801,0.0,0.195,0.0985,0.1227,0.1158,0.1069,0.1082,0.1073,0.0947,0.071,100.2,8.0,#8da967,0.0506
S2A_MSIL2A_20190606T183921_R070_T10SGJ_20201005T224849,2019-06-06,2A,10SGJ,11.7,13008,0.0,0.999,0.0,0.0,0.0226,0.0205,0.0191,0.0137,0.0138,0.0108,0.0127,0.092,205.66,4.0,#7ba7b5,0.0476
S2A_MSIL2A_20190609T184921_R113_T10SGJ_20201006T000218,2019-06-09,2A,10SGJ,4.4,13008,0.0,0.618,0.0,0.373,0.1124,0.131,0.1265,0.1186,0.1183,0.1194,0.1033,0.083,96.75,8.0,#97a673,-0.0099
S2B_MSIL2A_20190611T183929_R070_T10SGJ_20201006T010425,2019-06-11,2B,10SGJ,0.8,13008,0.0,0.999,0.0,0.0,0.0132,0.0158,0.0102,0.0036,0.0033,0.0005,0.0038,0.1,194.65,4.0,#50adb4,0.0
S2B_MSIL2A_20190614T184929_R113_T10SGJ_20201006T021806,2019-06-14,2B,10SGJ,9.9,13008,0.0,0.127,0.0,0.0,,,,,,,,,,,,
S2A_MSIL2A_20190616T183921_R070_T10SGJ_20201006T025512,2019-06-16,2A,10SGJ,9.1,13008,0.0,0.999,0.0,0.0,0.0165,0.0136,0.0123,0.0064,0.0069,0.0018,0.0042,0.144,207.21,4.0,#85a5b2,0.102
S2A_MSIL2A_20190619T184921_R113_T10SGJ_20201106T010740,2019-06-19,2A,10SGJ,1.8,13008,0.0,0.965,0.0,0.03,0.1101,0.1248,0.1221,0.1169,0.119,0.1157,0.105,0.083,87.06,9.0,#9aa66b,0.0811
S2B_MSIL2A_20190621T183929_R070_T11SKD_20201006T051040,2019-06-21,2B,11SKD,1.2,13004,0.0,0.999,0.0,0.0,0.0088,0.0136,0.0092,0.0044,0.0041,0.0003,0.0058,0.121,174.76,5.0,#34b29e,0.0
S2B_MSIL2A_20190624T184929_R113_T10SGJ_20201006T055906,2019-06-24,2B,10SGJ,2.9,13008,0.0,0.98,0.0,0.018,0.1004,0.1222,0.1185,0.1118,0.1135,0.1123,0.1008,0.104,85.23,9.0,#93a853,0.0717
S2A_MSIL2A_20190626T183921_R070_T10SGJ_20201006T063648,2019-06-26,2A,10SGJ,1.2,13008,0.0,0.999,0.0,0.0,0.0136,0.0137,0.0139,0.0097,0.0097,0.0058,0.0115,0.122,165.45,5.0,#7ea995,0.0
S2A_MSIL2A_20190629T184921_R113_T10SGJ_20201006T075112,2019-06-29,2A,10SGJ,54.5,13008,0.0,0.912,0.0,0.083,0.123,0.1375,0.1351,0.1266,0.1264,0.125,0.1065,0.222,95.17,8.0,#9da47d,-0.005
S2B_MSIL2A_20190701T183929_R070_T10SGJ_20201005T075934,2019-07-01,2B,10SGJ,1.3,13008,0.0,0.997,0.0,0.0,0.0188,0.0257,0.023,0.0185,0.0197,0.0196,0.0224,0.145,168.36,5.0,#00bb93,0.0
S2B_MSIL2A_20190704T184929_R113_T10SGJ_20201005T092335,2019-07-04,2B,10SGJ,1.4,13008,0.0,0.98,0.0,0.018,0.1079,0.1322,0.1298,0.1242,0.1255,0.1256,0.1141,0.096,81.34,10.0,#97a851,0.0605
S2A_MSIL2A_20190706T183921_R070_T10SGJ_20201005T100704,2019-07-06,2A,10SGJ,0.8,13008,0.0,0.999,0.0,0.0,0.0087,0.0082,0.0083,0.0038,0.0037,0.0001,0.0057,0.162,185.9,5.0,#7ca8a4,0.0
S2A_MSIL2A_20190709T184921_R113_T10SGJ_20201005T113216,2019-07-09,2A,10SGJ,1.6,13008,0.0,0.97,0.0,0.026,0.1079,0.1251,0.1241,0.1178,0.1188,0.1149,0.105,0.112,78.17,10.0,#9ca65c,0.0376
S2B_MSIL2A_20190711T183929_R070_T10SGJ_20201005T124257,2019-07-11,2B,10SGJ,0.8,13008,0.0,0.999,0.0,0.0,0.0001,0.0049,0.0013,0.0001,0.0001,0.0001,0.0008,0.138,172.52,5.0,#00be9c,0.0
S2B_MSIL2A_20190714T184929_R113_T10SGJ_20201005T141005,2019-07-14,2B,10SGJ,0.6,13008,0.0,0.992,0.0,0.006,0.0807,0.0983,0.0955,0.0892,0.0903,0.0882,0.0813,0.079,88.31,9.0,#90a953,0.0651
S2A_MSIL2A_20190716T183921_R070_T10SGJ_20201005T145512,2019-07-16,2A,10SGJ,38.2,13008,0.0,0.98,0.0,0.018,0.0001,0.0001,0.001,0.0004,0.0017,0.0001,0.0047,0.158,,,,
S2A_MSIL2A_20190719T184921_R113_T10SGJ_20201005T162510,2019-07-19,2A,10SGJ,0.7,13008,0.0,0.998,0.0,0.0,0.087,0.1024,0.1008,0.0945,0.0961,0.0925,0.085,0.108,84.32,9.0,#97a75c,0.0777
S2B_MSIL2A_20190721T183929_R070_T11SKD_20201005T174511,2019-07-21,2B,11SKD,1.8,13004,0.0,0.91,0.0,0.062,0.0079,0.0141,0.0097,0.0039,0.0048,0.0001,0.0078,0.198,158.47,6.0,#00b882,0.0
S2B_MSIL2A_20190724T184929_R113_T10SGJ_20201005T191301,2019-07-24,2B,10SGJ,1.4,13008,0.0,0.947,0.0,0.041,0.0824,0.1023,0.0991,0.0925,0.0944,0.0912,0.0854,0.096,92.13,9.0,#8daa55,0.118
S2A_MSIL2A_20190726T183921_R070_T10SGJ_20201109T145236,2019-07-26,2A,10SGJ,37.5,13008,0.0,0.875,0.0,0.099,0.0207,0.017,0.0152,0.0078,0.0092,0.0001,0.008,0.231,210.99,3.0,#70a7bf,0.8462
S2A_MSIL2A_20190729T184921_R113_T11SKD_20201106T050510,2019-07-29,2A,11SKD,0.9,13004,0.0,0.997,0.0,0.0,0.068,0.0807,0.0797,0.0732,0.0749,0.0753,0.067,0.112,88.41,9.0,#92a957,0.1206
S2B_MSIL2A_20190731T183929_R070_T11SKD_20201005T203319,2019-07-31,2B,11SKD,0.2,13004,0.0,0.999,0.0,0.0,0.0044,0.0099,0.0061,0.0009,0.0014,0.0001,0.0035,0.143,159.72,6.0,#21b588,0.0
S2B_MSIL2A_20190803T184929_R113_T10SGJ_20201004T200821,2019-08-03,2B,10SGJ,2.2,13008,0.0,0.998,0.0,0.0,0.0501,0.0658,0.0623,0.0553,0.0561,0.0565,0.0504,0.104,100.99,8.0,#84ac58,0.0755
S2A_MSIL2A_20190805T183921_R070_T11SKD_20201004T204357,2019-08-05,2A,11SKD,6.8,13004,0.0,0.942,0.0,0.055,0.0368,0.0366,0.0385,0.0344,0.0399,0.0475,0.044,0.247,,,,
S2A_MSIL2A_20190808T184921_R113_T10SGJ_20201004T215439,2019-08-08,2A,10SGJ,16.7,13008,0.0,0.964,0.0,0.033,0.0556,0.0653,0.0636,0.0564,0.0581,0.0581,0.0504,0.129,108.5,8.0,#8ea874,0.1241
S2B_MSIL2A_20190810T183929_R070_T11SKD_20201004T225325,2019-08-10,2B,11SKD,40.0,13004,0.0,0.884,0.0,0.086,0.031,0.0344,0.0256,0.016,0.0163,0.0103,0.0121,0.145,194.82,4.0,#72a9ad,0.037
S2B_MSIL2A_20190813T184929_R113_T11SKD_20201005T000443,2019-08-13,2B,11SKD,0.2,13004,0.0,0.998,0.0,0.0,0.0358,0.0497,0.0462,0.0394,0.03965,0.038,0.0357,0.096,106.06,8.0,#7fad5a,0.0327
S2A_MSIL2A_20190815T183931_R070_T10SGJ_20201005T004053,2019-08-15,2A,10SGJ,0.4,13008,0.0,0.999,0.0,0.0,0.0034,0.0026,0.0027,0.0001,0.0001,0.0001,0.0011,0.149,204.46,4.0,#80a6b1,0.0
S2A_MSIL2A_20190818T184921_R113_T10SGJ_20201005T015233,2019-08-18,2A,10SGJ,0.3,13008,0.0,0.998,0.0,0.0,0.0325,0.04,0.0391,0.0332,0.0338,0.0319,0.0305,0.108,107.46,8.0,#87aa68,0.1
S2B_MSIL2A_20190820T183929_R070_T10SGJ_20201005T025246,2019-08-20,2B,10SGJ,0.2,13008,0.0,0.999,0.0,0.0,0.0012,0.0069,0.0032,0.0001,0.0001,0.0001,0.0012,0.149,154.52,6.0,#00b77d,0.0
S2B_MSIL2A_20190823T184919_R113_T10SGJ_20201005T040434,2019-08-23,2B,10SGJ,0.2,13008,0.0,0.997,0.0,0.0,0.0296,0.0389,0.0366,0.0304,0.0333,0.0369,0.0327,0.117,131.45,7.0,#58b266,0.7143
S2A_MSIL2A_20190825T183921_R070_T10SGJ_20201005T044143,2019-08-25,2A,10SGJ,0.5,13008,0.0,0.999,0.0,0.0,0.0035,0.0028,0.0029,0.0001,0.0001,0.0001,0.0019,0.139,213.4,3.0,#85a4b8,0.0
S2A_MSIL2A_20190828T184921_R113_T10SGJ_20201005T055728,2019-08-28,2A,10SGJ,1.8,13008,0.0,0.999,0.0,0.0,0.0166,0.019,0.0181,0.0115,0.0129,0.0087,0.0103,0.149,160.75,6.0,#7daa91,0.3684
S2B_MSIL2A_20190830T183919_R070_T10SGJ_20201005T070420,2019-08-30,2B,10SGJ,0.1,13008,0.0,0.999,0.0,0.0,0.0013,0.0076,0.0043,0.0001,0.0001,0.0001,0.0028,0.129,157.8,6.0,#00b882,0.0
S2B_MSIL2A_20190902T184919_R113_T10SGJ_20201004T083552,2019-09-02,2B,10SGJ,0.4,13008,0.0,0.998,0.0,0.0,0.025,0.0356,0.0329,0.0268,0.0281,0.0256,0.0256,0.104,117.2,7.0,#70af5e,0.3514
S2A_MSIL2A_20190904T183921_R070_T11SKD_20201004T091130,2019-09-04,2A,11SKD,36.9,13004,0.0,0.995,0.0,0.001,0.0513,0.048,0.0423,0.0297,0.0323,0.0372,0.0288,0.145,206.02,4.0,#6ca9ba,0.5909
S2B_MSIL2A_20190909T183919_R070_T10SGJ_20201004T111821,2019-09-09,2B,10SGJ,2.7,13008,0.0,0.999,0.0,0.0,0.0001,0.0065,0.0033,0.0001,0.0001,0.0001,0.0021,0.158,161.05,6.0,#00b986,0.0
S2B_MSIL2A_20190912T184949_R113_T11SKD_20201004T122824,2019-09-12,2B,11SKD,0.2,13004,0.0,0.999,0.0,0.0,0.009,0.0175,0.0147,0.0088,0.0095,0.0081,0.0088,0.1,128.6,7.0,#5db264,0.75
S2A_MSIL2A_20190914T184001_R070_T10SGJ_20201004T130342,2019-09-14,2A,10SGJ,0.2,13008,0.0,0.999,0.0,0.0,0.0017,0.0012,0.0019,0.0001,0.0001,0.0001,0.0011,0.13,68.12,11.0,#a9a081,0.0
S2A_MSIL2A_20190917T185021_R113_T10SGJ_20201004T141028,2019-09-17,2A,10SGJ,1.0,13008,0.0,0.999,0.0,0.0,0.0042,0.0071,0.0078,0.0032,0.0037,0.0024,0.0042,0.087,99.74,8.0,#7fad4a,0.0
S2B_MSIL2A_20190922T185059_R113_T10SGJ_20201004T161557,2019-09-22,2B,10SGJ,65.0,13008,0.0,0.295,0.0,0.705,,,,,,,,,,,,
S2A_MSIL2A_20190924T184111_R070_T10SGJ_20201004T163648,2019-09-24,2A,10SGJ,0.5,13008,0.0,0.999,0.0,0.0,0.0006,0.0008,0.002,0.0001,0.0001,0.0001,0.0024,0.112,,,,
S2A_MSIL2A_20190927T185131_R113_T10SGJ_20201004T174128,2019-09-27,2A,10SGJ,1.2,13008,0.0,0.999,0.0,0.0,0.0075,0.0109,0.0119,0.0074,0.0086,0.0066,0.0076,0.087,97.7,8.0,#81ad47,0.8182
S2B_MSIL2A_20190929T184139_R070_T11SKD_20201004T183647,2019-09-29,2B,11SKD,42.5,13004,0.0,0.999,0.0,0.001,0.0159,0.0196,0.0132,0.0048,0.0056,0.0014,0.0019,0.145,187.7,5.0,#73aaa7,0.1212
S2B_MSIL2A_20191002T185209_R113_T11SKD_20201003T215550,2019-10-02,2B,11SKD,1.2,13004,0.0,0.999,0.0,0.0,0.0001,0.0052,0.0038,0.0001,0.0001,0.0001,0.0012,0.092,130.08,7.0,#5cb266,0.0
S2A_MSIL2A_20191004T184221_R070_T10SGJ_20201003T222908,2019-10-04,2A,10SGJ,1.0,13008,0.0,0.999,0.0,0.0,0.0001,0.0001,0.0001,0.0001,0.0001,0.0001,0.0003,0.125,,,,
S2A_MSIL2A_20191007T185251_R113_T11SKD_20201003T233653,2019-10-07,2A,11SKD,28.5,13004,0.0,0.998,0.0,0.0,0.0256,0.0242,0.0226,0.0149,0.0158,0.0153,0.0108,0.112,192.03,4.0,#8aa5a5,0.0989
S2B_MSIL2A_20191009T184259_R070_T10SGJ_20201004T003223,2019-10-09,2B,10SGJ,2.0,13008,0.0,1.0,0.0,0.0,0.0019,0.0091,0.0062,0.0014,0.0026,0.0001,0.0022,0.133,135.28,6.0,#51b369,0.6
S2B_MSIL2A_20191012T185319_R113_T10SGJ_20201004T013906,2019-10-12,2B,10SGJ,0.3,13008,0.0,1.0,0.0,0.0,0.01,0.0174,0.0133,0.0062,0.0073,0.0032,0.0017,0.17,151.96,6.0,#83a98c,0.1089
S2A_MSIL2A_20191014T184331_R070_T10SGJ_20201004T021235,2019-10-14,2A,10SGJ,0.3,13008,0.0,1.0,0.0,0.0,0.0001,0.0001,0.0008,0.0001,0.0001,0.0001,0.0006,0.147,,,,
S2A_MSIL2A_20191017T185401_R113_T11SKD_20201004T031806,2019-10-17,2A,11SKD,6.8,13004,0.0,1.0,0.0,0.0,0.0059,0.0089,0.0103,0.0054,0.0063,0.0051,0.005,0.071,99.14,8.0,#87ab59,0.5294
S2B_MSIL2A_20191022T185429_R113_T10SGJ_20201004T051310,2019-10-22,2B,10SGJ,8.6,13008,0.0,0.999,0.0,0.0,0.0032,0.0121,0.0104,0.0058,0.0073,0.0082,0.0077,0.076,132.82,7.0,#57b268,0.0
S2A_MSIL2A_20191024T184441_R070_T10SGJ_20201004T054452,2019-10-24,2A,10SGJ,24.6,13008,0.0,0.999,0.0,0.0,0.0001,0.0001,0.0014,0.0001,0.0016,0.0007,0.0065,0.137,,,,
S2A_MSIL2A_20191027T185501_R113_T10SGJ_20201004T064203,2019-10-27,2A,10SGJ,11.6,13008,0.0,1.0,0.0,0.0,0.0117,0.0155,0.017,0.0126,0.0137,0.0132,0.0104,0.092,84.95,9.0,#96a75a,0.2
S2B_MSIL2A_20191029T184509_R070_T10SGJ_20201004T073024,2019-10-29,2B,10SGJ,10.6,13008,0.0,1.0,0.0,0.0,0.0001,0.0017,0.0005,0.0001,0.0001,0.0001,0.0008,0.092,,,,
S2B_MSIL2A_20191101T185529_R113_T10SGJ_20201003T120643,2019-11-01,2B,10SGJ,0.2,13008,0.0,1.0,0.0,0.0,0.0001,0.0031,0.0023,0.0001,0.0001,0.0001,0.0006,0.063,128.04,7.0,#62b166,0.0
S2A_MSIL2A_20191103T184541_R070_T10SGJ_20201003T123915,2019-11-03,2A,10SGJ,0.2,13008,0.0,1.0,0.0,0.0,0.0001,0.0001,0.0009,0.0001,0.0001,0.0001,0.0005,0.083,,,,
S2A_MSIL2A_20191106T185601_R113_T11SKD_20201003T134228,2019-11-06,2A,11SKD,1.2,13004,0.0,0.959,0.0,0.017,0.0187,0.02,0.0256,0.0246,0.0302,0.0488,0.0487,0.071,,,,
S2B_MSIL2A_20191108T184559_R070_T10SGJ_20201003T143608,2019-11-08,2B,10SGJ,0.2,13008,0.0,1.0,0.0,0.0,0.0001,0.0034,0.0013,0.0001,0.0001,0.0001,0.0006,0.068,163.42,5.0,#00b98b,0.0
S2B_MSIL2A_20191111T185619_R113_T11SKD_20201003T153528,2019-11-11,2B,11SKD,6.3,13004,0.0,0.997,0.0,0.0,0.0173,0.0269,0.0256,0.0212,0.0251,0.0279,0.0219,0.083,123.02,7.0,#66b160,0.9394
S2A_MSIL2A_20191113T184631_R070_T11SKD_20201003T160548,2019-11-13,2A,11SKD,30.7,13004,0.0,0.0,0.0,1.0,,,,,,,,,,,,
S2A_MSIL2A_20191116T185651_R113_T10SGJ_20201003T170359,2019-11-16,2A,10SGJ,0.3,13008,0.0,1.0,0.0,0.0,0.0001,0.0001,0.0003,0.0001,0.0001,0.0001,0.0002,0.066,,,,
S2B_MSIL2A_20191118T184649_R070_T10SGJ_20201003T175203,2019-11-18,2B,10SGJ,0.2,13008,0.0,1.0,0.0,0.0,0.0001,0.0008,0.0001,0.0001,0.0001,0.0001,0.0005,0.063,,,,
S2B_MSIL2A_20191121T185659_R113_T10SGJ_20201003T184647,2019-11-21,2B,10SGJ,29.0,13008,0.0,1.0,0.0,0.0,0.0013,0.0098,0.0068,0.0015,0.0027,0.0005,0.0005,0.07,127.25,7.0,#6baf6a,0.375
S2A_MSIL2A_20191123T184711_R070_T10SGJ_20201003T191353,2019-11-23,2A,10SGJ,6.3,13008,0.0,1.0,0.0,0.0,0.0023,0.0015,0.0036,0.0002,0.0021,0.0002,0.0007,0.071,88.29,9.0,#9ca473,0.8667
S2B_MSIL2A_20191128T184719_R070_T10SGJ_20201003T203710,2019-11-28,2B,10SGJ,61.2,13008,0.0,1.0,0.0,0.0,0.0001,0.0001,0.0001,0.0001,0.0001,0.0001,0.0001,0.125,,,,
S2A_MSIL2A_20200302T184251_R070_T10SGJ_20200926T002740,2020-03-02,2A,10SGJ,9.3,13008,0.0,1.0,0.0,0.0,0.0042,0.0016,0.0044,0.0005,0.0019,0.0014,0.0034,0.079,,,,
S2A_MSIL2A_20200305T185241_R113_T10SGJ_20200928T162145,2020-03-05,2A,10SGJ,8.3,13008,0.0,0.997,0.0,0.003,0.0354,0.0331,0.0328,0.0278,0.0295,0.0304,0.0178,0.083,184.77,5.0,#9fa09d,0.0783
S2B_MSIL2A_20200307T184219_R070_T10SGJ_20201003T085143,2020-03-07,2B,10SGJ,63.1,13008,0.0,0.271,0.086,0.643,,,,,,,,,,,,
S2B_MSIL2A_20200310T185109_R113_T10SGJ_20201005T030133,2020-03-10,2B,10SGJ,1.6,13008,0.0,0.999,0.0,0.001,0.015,0.0194,0.0148,0.0084,0.0084,0.0062,0.0045,0.066,174.68,5.0,#7fa89c,0.0
S2A_MSIL2A_20200312T184141_R070_T10SGJ_20201006T102357,2020-03-12,2A,10SGJ,0.7,13008,0.0,1.0,0.0,0.0,0.0114,0.0077,0.0076,0.0027,0.0037,0.0016,0.0025,0.075,214.81,3.0,#7ca5bf,0.7143
S2A_MSIL2A_20200315T185121_R113_T11SKD_20201020T022933,2020-03-15,2A,11SKD,58.6,13004,0.0,0.005,0.995,0.0,,,,,,,,,,,,
S2B_MSIL2A_20200317T184009_R070_T11SKD_20201010T105251,2020-03-17,2B,11SKD,64.8,13004,0.0,0.948,0.001,0.051,0.0295,0.0354,0.0293,0.0251,0.0274,0.0292,0.017,0.145,170.07,5.0,#8da598,0.1243
S2B_MSIL2A_20200320T184959_R113_T10SGJ_20201013T045149,2020-03-20,2B,10SGJ,13.0,13008,0.0,0.858,0.0,0.142,0.0001,0.0021,0.0005,0.0001,0.0001,0.0001,0.0078,0.145,,,,
S2A_MSIL2A_20200322T184031_R070_T10SGJ_20201014T112045,2020-03-22,2A,10SGJ,7.7,13008,0.0,1.0,0.0,0.0,0.0001,0.0001,0.0001,0.0001,0.0001,0.0001,0.0001,0.145,,,,
S2A_MSIL2A_20200325T185011_R113_T10SGJ_20201019T111448,2020-03-25,2A,10SGJ,49.8,13008,0.0,0.34,0.283,0.377,,,,,,,,,,,,
S2B_MSIL2A_20200327T183929_R070_T11SKD_20201027T115821,2020-03-27,2B,11SKD,10.2,13004,0.0,1.0,0.0,0.0,0.0103,0.0141,0.0084,0.002,0.0023,0.0024,0.0013,0.092,187.93,5.0,#5badab,0.1765
S2A_MSIL2A_20200401T183921_R070_T11SKD_20200924T134814,2020-04-01,2A,11SKD,6.7,13004,0.0,1.0,0.0,0.0,0.0114,0.0083,0.0087,0.0036,0.0041,0.0035,0.0032,0.087,207.57,4.0,#82a5b4,0.3846
S2B_MSIL2A_20200406T183919_R070_T10SGJ_20200925T074357,2020-04-06,2B,10SGJ,66.9,13008,0.0,0.97,0.001,0.029,0.0167,0.02,0.0127,0.0048,0.005,0.0059,0.0036,0.104,194.54,4.0,#5facb1,0.0769
S2B_MSIL2A_20200409T184919_R113_T10SGJ_20200925T173100,2020-04-09,2B,10SGJ,57.2,13008,0.0,0.0,0.0,1.0,,,,,,,,,,,,
S2A_MSIL2A_20200411T183921_R070_T11SKD_20200923T021143,2020-04-11,2A,11SKD,2.3,13004,0.0,1.0,0.0,0.0,0.0187,0.0127,0.0112,0.0047,0.0053,0.0034,0.0014,0.087,217.96,3.0,#8aa3bb,0.0833
S2A_MSIL2A_20200414T184921_R113_T10SGJ_20200923T114751,2020-04-14,2A,10SGJ,2.2,13008,0.0,0.999,0.0,0.0,0.0255,0.0244,0.0222,0.0158,0.0154,0.0147,0.012,0.083,196.08,4.0,#89a5a8,-0.0556
S2B_MSIL2A_20200416T183919_R070_T11SKD_20200923T200051,2020-04-16,2B,11SKD,8.2,13004,0.0,0.999,0.0,0.001,0.018,0.0199,0.0127,0.005,0.005,0.0031,0.0021,0.1,198.7,4.0,#70a9b1,0.0
S2B_MSIL2A_20200419T184909_R113_T10SGJ_20200924T055114,2020-04-19,2B,10SGJ,49.6,13008,0.0,0.702,0.0,0.291,0.0592,0.0626,0.0565,0.0476,0.0486,0.0485,0.0415,0.092,184.77,5.0,#83a7a2,0.0758
S2A_MSIL2A_20200421T183921_R070_T11SKD_20200921T123218,2020-04-21,2A,11SKD,11.8,13004,0.0,0.999,0.0,0.001,0.023,0.0164,0.0131,0.0057,0.0059,0.0031,0.0021,0.104,218.39,3.0,#84a3bf,0.027
S2A_MSIL2A_20200424T184921_R113_T11SKD_20200921T220920,2020-04-24,2A,11SKD,2.2,13004,0.0,0.999,0.0,0.001,0.0459,0.0474,0.0431,0.0357,0.0361,0.0347,0.0274,0.079,184.21,5.0,#8fa4a0,0.0235
S2B_MSIL2A_20200426T183919_R070_T10SGJ_20200922T060751,2020-04-26,2B,10SGJ,0.7,13008,0.0,0.999,0.0,0.001,0.0157,0.0181,0.0117,0.0047,0.0048,0.0029,0.0037,0.108,196.71,4.0,#5fabb3,0.0476
S2A_MSIL2A_20200501T183921_R070_T10SGJ_20200920T014027,2020-05-01,2A,10SGJ,1.9,13008,0.0,0.999,0.0,0.001,0.0141,0.0102,0.0087,0.0029,0.0032,0.0005,0.0023,0.121,214.53,3.0,#77a6c1,0.2
S2A_MSIL2A_20200504T184921_R113_T11SKD_20200920T113247,2020-05-04,2A,11SKD,1.4,13004,0.0,0.999,0.0,0.0,0.0581,0.0654,0.0625,0.0556,0.055,0.0561,0.0463,0.083,132.17,7.0,#94a588,-0.0333
S2B_MSIL2A_20200506T183919_R070_T11SKD_20200920T194347,2020-05-06,2B,11SKD,5.2,13004,0.0,0.999,0.0,0.0,0.0153,0.0186,0.0133,0.007,0.0073,0.0059,0.0061,0.121,188.64,5.0,#61acab,0.1429
S2B_MSIL2A_20200509T184919_R113_T11SKD_20200921T053010,2020-05-09,2B,11SKD,2.0,13004,0.0,0.999,0.0,0.0,0.0551,0.0706,0.065,0.058,0.0578,0.0595,0.0496,0.124,114.27,7.0,#8aa975,-0.012
S2A_MSIL2A_20200511T183921_R070_T10SGJ_20200917T184925,2020-05-11,2A,10SGJ,1.2,13008,0.0,0.998,0.0,0.0,0.0248,0.0238,0.02375,0.0187,0.0194,0.0159,0.0179,0.129,187.29,5.0,#82a7a4,0.3043
S2B_MSIL2A_20200516T183919_R070_T10SGJ_20200909T225429,2020-05-16,2B,10SGJ,39.9,13008,0.0,0.997,0.0,0.0,0.0293,0.0357,0.0331,0.0284,0.0319,0.034,0.03,0.222,137.98,6.0,#4cb36c,0.9
S2A_MSIL2A_20200521T183921_R070_T10SGJ_20200910T105643,2020-05-21,2A,10SGJ,0.8,13008,0.0,1.0,0.0,0.0,0.0171,0.0147,0.0138,0.008,0.0085,0.005,0.0079,0.137,205.55,4.0,#74a8b7,0.7143
S2A_MSIL2A_20200524T184921_R113_T11SKD_20200910T192835,2020-05-24,2A,11SKD,23.0,13004,0.0,0.994,0.0,0.003,0.0959,0.1096,0.1074,0.0989,0.1014,0.1069,0.0861,0.121,98.82,8.0,#97a576,0.089
S2B_MSIL2A_20200526T183919_R070_T10SGJ_20200911T023431,2020-05-26,2B,10SGJ,14.9,13008,0.0,1.0,0.0,0.0,0.004,0.0087,0.0042,0.0001,0.0001,0.0001,0.0008,0.137,176.56,5.0,#32b2a0,0.0
S2A_MSIL2A_20200531T183921_R070_T11SKD_20200911T151836,2020-05-31,2A,11SKD,3.8,13004,0.0,0.998,0.0,0.0,0.0037,0.0042,0.0053,0.0013,0.0018,0.0001,0.0068,0.202,,,,
S2A_MSIL2A_20200603T184921_R113_T10SGJ_20200826T000129,2020-06-03,2A,10SGJ,1.3,13008,0.0,0.991,0.0,0.006,0.095,0.1081,0.1075,0.102,0.104,0.1018,0.0932,0.104,80.2,10.0,#9aa659,0.102
S2B_MSIL2A_20200605T183919_R070_T10SGJ_20200826T073448,2020-06-05,2B,10SGJ,6.9,13008,0.0,0.999,0.0,0.0,0.0178,0.024,0.0194,0.0131,0.0134,0.01,0.0128,0.119,167.71,5.0,#59af95,0.3333
S2B_MSIL2A_20200608T184919_R113_T10SGJ_20200826T161925,2020-06-08,2B,10SGJ,1.3,13008,0.0,0.931,0.0,0.064,0.1101,0.1349,0.1316,0.1239,0.1235,0.1249,0.1109,0.1,82.56,10.0,#95a851,-0.0156
S2A_MSIL2A_20200610T183921_R070_T11SKD_20200826T205255,2020-06-10,2A,11SKD,11.5,13004,0.0,0.969,0.0,0.021,0.035,0.0315,0.0309,0.0244,0.027,0.0269,0.0281,0.206,224.78,2.0,#75a3d7,0.0
S2A_MSIL2A_20200613T184921_R113_T10SGJ_20200918T171830,2020-06-13,2A,10SGJ,65.7,13008,0.0,0.957,0.0,0.041,0.1177,0.1302,0.1243,0.1136,0.1131,0.1052,0.0993,0.267,137.08,6.0,#91a689,-0.0178
S2B_MSIL2A_20200618T184919_R113_T10SGJ_20200823T061809,2020-06-18,2B,10SGJ,0.9,13008,0.0,0.827,0.0,0.169,0.1125,0.1372,0.1333,0.1262,0.1268,0.1287,0.115,0.079,86.01,9.0,#93a953,0.0261
S2A_MSIL2A_20200620T183921_R070_T10SGJ_20200823T103638,2020-06-20,2A,10SGJ,45.4,13008,0.0,0.833,0.0,0.164,0.0496,0.0509,0.0528,0.0482,0.055,0.06775,0.0566,0.289,,,,
S2A_MSIL2A_20200623T184921_R113_T10SGJ_20200823T193940,2020-06-23,2A,10SGJ,1.8,13008,0.0,0.79,0.0,0.203,0.1029,0.1258,0.1228,0.1147,0.1167,0.1123,0.1014,0.129,83.58,9.0,#96a757,0.0699
S2B_MSIL2A_20200625T183919_R070_T10SGJ_20200824T031420,2020-06-25,2B,10SGJ,6.0,13008,0.0,0.999,0.0,0.0,0.0103,0.0164,0.0111,0.0042,0.0043,0.0001,0.0049,0.166,173.21,5.0,#4db09b,0.0
S2B_MSIL2A_20200628T184919_R113_T11SKD_20200824T121911,2020-06-28,2B,11SKD,8.2,13004,0.0,0.994,0.0,0.003,0.087,0.1035,0.0998,0.0922,0.0939,0.09,0.0848,0.084,99.64,8.0,#8caa63,0.103
S2A_MSIL2A_20200630T183921_R070_T10SGJ_20200824T165501,2020-06-30,2A,10SGJ,0.5,13008,0.0,0.999,0.0,0.0,0.0155,0.0171,0.0166,0.0108,0.0113,0.0062,0.0134,0.145,154.97,6.0,#71ac8b,0.0
S2A_MSIL2A_20200703T184921_R113_T10SGJ_20200825T014245,2020-07-03,2A,10SGJ,0.8,13008,0.0,0.982,0.0,0.015,0.0948,0.1085,0.1063,0.1003,0.1022,0.1,0.091,0.104,90.48,9.0,#96a767,0.0927
S2B_MSIL2A_20200705T183919_R070_T10SGJ_20200825T090149,2020-07-05,2B,10SGJ,0.2,13008,0.0,0.999,0.0,0.0,0.0081,0.0151,0.0106,0.0044,0.0041,0.0006,0.0076,0.121,154.57,6.0,#17b67f,0.0
S2B_MSIL2A_20200708T184919_R113_T10SGJ_20200912T124318,2020-07-08,2B,10SGJ,0.6,13008,0.0,0.974,0.0,0.022,0.1087,0.1342,0.1284,0.1212,0.1217,0.1233,0.1101,0.083,91.33,9.0,#8fa957,0.022
S2A_MSIL2A_20200710T183921_R070_T10SGJ_20200918T171833,2020-07-10,2A,10SGJ,14.2,13008,0.0,0.943,0.0,0.055,0.0233,0.0228,0.0233,0.018,0.0205,0.0237,0.0243,0.168,,,,
S2A_MSIL2A_20200713T184921_R113_T10SGJ_20200913T010531,2020-07-13,2A,10SGJ,0.6,13008,0.0,0.996,0.0,0.001,0.0925,0.1057,0.103,0.0967,0.0986,0.0956,0.0882,0.096,97.08,8.0,#93a76c,0.1005
S2B_MSIL2A_20200715T183919_R070_T10SGJ_20200912T054055,2020-07-15,2B,10SGJ,0.5,13008,0.0,0.999,0.0,0.0,0.0063,0.0126,0.0072,0.0009,0.0012,0.0001,0.0049,0.158,170.75,5.0,#00b798,0.0
S2B_MSIL2A_20200718T184919_R113_T10SGJ_20200816T163019,2020-07-18,2B,10SGJ,0.9,13008,0.0,0.998,0.0,0.0,0.0752,0.0961,0.091,0.0841,0.0855,0.0832,0.0774,0.121,100.29,8.0,#86ab5a,0.0946
S2A_MSIL2A_20200720T183921_R070_T10SGJ_20200816T204244,2020-07-20,2A,10SGJ,0.8,13008,0.0,0.999,0.0,0.0,0.0181,0.0156,0.0127,0.0051,0.0063,0.0001,0.003,0.299,205.52,4.0,#7ca6b4,0.2222
S2A_MSIL2A_20200723T184921_R113_T10SGJ_20200817T060412,2020-07-23,2A,10SGJ,3.8,13008,0.0,0.997,0.0,0.0,0.0785,0.0916,0.0891,0.0821,0.0838,0.0789,0.0745,0.162,99.41,8.0,#90a86b,0.1006
S2B_MSIL2A_20200725T183919_R070_T10SGJ_20201024T201423,2020-07-25,2B,10SGJ,2.1,13008,0.0,0.999,0.0,0.0,0.0112,0.0164,0.009,0.0021,0.0025,0.0001,0.0049,0.198,191.77,4.0,#00b2b5,0.0
S2B_MSIL2A_20200728T184919_R113_T10SGJ_20200817T230006,2020-07-28,2B,10SGJ,0.9,13008,0.0,0.998,0.0,0.0,0.0636,0.0821,0.0766,0.0699,0.0709,0.0693,0.0644,0.108,106.01,8.0,#81ac5d,0.0833
S2A_MSIL2A_20200730T183921_R070_T10SGJ_20200818T035754,2020-07-30,2A,10SGJ,0.2,13008,0.0,0.999,0.0,0.0,0.0083,0.0072,0.0049,0.0001,0.0006,0.0001,0.0036,0.145,221.67,2.0,#34a9e8,0.0
S2A_MSIL2A_20200802T184921_R113_T11SKD_20200815T211339,2020-08-02,2A,11SKD,0.2,13004,0.0,0.997,0.0,0.0,0.0576,0.0667,0.0652,0.0606,0.0626,0.0653,0.0586,0.178,103.67,8.0,#80ac58,0.3333
S2B_MSIL2A_20200804T183919_R070_T10SGJ_20200816T044322,2020-08-04,2B,10SGJ,0.2,13008,0.0,0.999,0.0,0.0,0.0063,0.0112,0.0053,0.0001,0.0001,0.0001,0.0023,0.13,186.54,5.0,#00b3af,0.0
S2B_MSIL2A_20200807T184919_R113_T10SGJ_20200815T094955,2020-08-07,2B,10SGJ,0.4,13008,0.0,0.998,0.0,0.0,0.0424,0.057,0.052,0.0455,0.0468,0.045,0.0416,0.121,114.38,7.0,#7bad64,0.1429
S2A_MSIL2A_20200809T183921_R070_T10SGJ_20200815T144424,2020-08-09,2A,10SGJ,0.9,13008,0.0,0.999,0.0,0.0,0.0045,0.0032,0.0013,0.0001,0.0001,0.0001,0.0017,0.168,,,,
S2A_MSIL2A_20200812T184921_R113_T11SKD_20200814T202403,2020-08-12,2A,11SKD,0.2,13004,0.0,0.998,0.0,0.0,0.0432,0.0503,0.0476,0.0423,0.043,0.0422,0.0392,0.087,131.64,7.0,#82aa7e,0.1014
S2B_MSIL2A_20200814T183919_R070_T11SKD_20201025T153752,2020-08-14,2B,11SKD,9.4,13004,0.0,0.998,0.0,0.0,0.0085,0.0132,0.0061,0.0001,0.0006,0.0001,0.0031,0.168,195.06,4.0,#00b3bc,0.0
S2B_MSIL2A_20200817T184919_R113_T11SKD_20200818T161424,2020-08-17,2B,11SKD,22.2,13004,0.0,0.124,0.0,0.876,,,,,,,,,,,,
S2A_MSIL2A_20200819T183921_R070_T10SGJ_20200908T073157,2020-08-19,2A,10SGJ,49.5,13008,0.0,0.064,0.032,0.904,,,,,,,,,,,,
S2A_MSIL2A_20200822T184921_R113_T11SKD_20200908T080040,2020-08-22,2A,11SKD,0.6,13004,0.0,0.998,0.0,0.0,0.0176,0.0247,0.0231,0.019,0.0199,0.0142,0.0222,0.243,153.92,6.0,#09b67f,0.0
S2B_MSIL2A_20200824T183919_R070_T10SGJ_20200918T171837,2020-08-24,2B,10SGJ,2.2,13008,0.0,0.928,0.0,0.049,0.0146,0.0206,0.0133,0.0057,0.0085,0.0015,0.0033,0.243,182.0,5.0,#6baba3,0.3684
S2B_MSIL2A_20200827T184919_R113_T11SKD_20200907T080951,2020-08-27,2B,11SKD,0.2,13004,0.0,0.999,0.0,0.0,0.0197,0.03,0.0257,0.0199,0.0206,0.0193,0.0196,0.108,133.49,6.0,#55b368,0.5385
S2A_MSIL2A_20200829T183921_R070_T10SGJ_20200907T140913,2020-08-29,2A,10SGJ,3.8,13008,0.0,0.999,0.0,0.0,0.0123,0.01,0.0083,0.0027,0.0049,0.0001,0.0021,0.235,207.9,4.0,#75a7b9,0.6471
S2A_MSIL2A_20200901T184921_R113_T10SGJ_20201026T005041,2020-09-01,2A,10SGJ,0.6,13008,0.0,0.999,0.0,0.0,0.0218,0.0259,0.0238,0.0186,0.019,0.0167,0.0179,0.108,156.75,6.0,#6fad8c,0.2222
S2B_MSIL2A_20200903T183919_R070_T10SGJ_20201027T151326,2020-09-03,2B,10SGJ,0.2,13008,0.0,0.999,0.0,0.0,0.0066,0.012,0.0052,0.0001,0.0002,0.0001,0.0004,0.231,186.75,5.0,#2db1ad,0.0
S2A_MSIL2A_20200908T183921_R070_T11SKD_20200911T201250,2020-09-08,2A,11SKD,0.2,13004,0.0,0.997,0.0,0.0,0.0166,0.0168,0.0171,0.0135,0.0146,0.0117,0.0157,0.182,138.5,6.0,#85a984,0.0
S2A_MSIL2A_20200911T184951_R113_T11SKD_20200913T063720,2020-09-11,2A,11SKD,0.3,13004,0.0,0.998,0.0,0.0,0.0344,0.0352,0.0316,0.0222,0.0238,0.019,0.0093,0.266,178.7,5.0,#95a39c,0.0584
S2B_MSIL2A_20200913T183929_R070_T11SKD_20200918T152802,2020-09-13,2B,11SKD,4.1,13004,0.0,0.999,0.0,0.0,0.152,0.1514,0.1324,0.1028,0.1025,0.101,0.0248,0.117,184.53,5.0,#9ca19d,-0.0019
S2B_MSIL2A_20200916T184939_R113_T10SGJ_20200918T122130,2020-09-16,2B,10SGJ,39.5,13008,0.0,0.816,0.0,0.184,0.194,0.2056,0.191,0.1604,0.1581,0.1479,0.0387,0.145,148.79,6.0,#a1a094,-0.0095
S2A_MSIL2A_20200921T185101_R113_T11SKD_20200924T095458,2020-09-21,2A,11SKD,0.3,13004,0.0,0.999,0.0,0.0,0.0599,0.0582,0.0515,0.0384,0.0399,0.0338,0.0155,0.24,190.61,5.0,#97a2a1,0.0317
S2B_MSIL2A_20200923T184019_R070_T10SGJ_20200926T092338,2020-09-23,2B,10SGJ,0.3,13008,0.0,0.999,0.0,0.0,0.0001,0.006,0.0021,0.0001,0.0001,0.0001,0.0011,0.113,166.21,5.0,#00bb8f,0.0
S2B_MSIL2A_20200926T185049_R113_T11SKD_20200927T191044,2020-09-26,2B,11SKD,16.1,13004,0.0,0.997,0.0,0.001,0.0465,0.0546,0.0516,0.0462,0.0522,0.0636,0.0485,0.108,140.67,6.0,#46b46f,0.9474
S2A_MSIL2A_20200928T184151_R070_T10SGJ_20200930T161211,2020-09-28,2A,10SGJ,0.2,13008,0.0,0.999,0.0,0.0,0.001,0.0011,0.0013,0.0001,0.0001,0.0001,0.0017,0.104,,,,
S2A_MSIL2A_20201001T185221_R113_T11SKD_20201004T054215,2020-10-01,2A,11SKD,0.1,13004,0.0,0.999,0.0,0.0,0.0092,0.0107,0.0095,0.0035,0.0036,0.0013,0.0028,0.112,172.29,5.0,#77aa9a,0.0667
S2B_MSIL2A_20201003T184129_R070_T10SGJ_20201005T065703,2020-10-03,2B,10SGJ,0.2,13008,0.0,1.0,0.0,0.0,0.0074,0.0152,0.0095,0.0029,0.0057,0.0001,0.0004,0.298,163.95,5.0,#70ac92,0.359
S2B_MSIL2A_20201006T185249_R113_T11SKD_20201010T054448,2020-10-06,2B,11SKD,0.1,13004,0.0,1.0,0.0,0.0,0.0335,0.0378,0.0301,0.0191,0.0205,0.0168,0.0041,0.154,179.97,5.0,#90a49d,0.0446
S2A_MSIL2A_20201011T185321_R113_T10SGJ_20201013T192233,2020-10-11,2A,10SGJ,0.2,13008,0.0,1.0,0.0,0.0,0.0001,0.0028,0.0031,0.0001,0.0003,0.0001,0.0017,0.071,97.97,8.0,#84ac4e,0.0
S2B_MSIL2A_20201013T184329_R070_T10SGJ_20201015T033207,2020-10-13,2B,10SGJ,15.7,13008,0.0,1.0,0.0,0.0,0.0001,0.002,0.0001,0.0001,0.0001,0.0001,0.0001,0.096,,,,
S2B_MSIL2A_20201016T185359_R113_T11SKD_20201027T134057,2020-10-16,2B,11SKD,0.1,13004,0.0,1.0,0.0,0.0,0.0242,0.0292,0.0226,0.013,0.014,0.0123,0.0035,0.108,177.12,5.0,#8aa69c,0.05
S2A_MSIL2A_20201018T184411_R070_T10SGJ_20201019T170554,2020-10-18,2A,10SGJ,0.1,13008,0.0,1.0,0.0,0.0,0.0001,0.0001,0.0002,0.0001,0.0001,0.0001,0.0003,0.092,,,,
S2A_MSIL2A_20201021T185431_R113_T10SGJ_20201022T234530,2020-10-21,2A,10SGJ,1.9,13008,0.0,1.0,0.0,0.0,0.0016,0.0045,0.0048,0.0003,0.0013,0.0001,0.0013,0.07,107.65,8.0,#7aae57,0.0
S2B_MSIL2A_20201023T184439_R070_T10SGJ_20201028T212256,2020-10-23,2B,10SGJ,0.4,13008,0.0,1.0,0.0,0.0,0.0001,0.0042,0.0007,0.0001,0.0001,0.0001,0.0014,0.092,,,,
S2B_MSIL2A_20201026T185459_R113_T10SGJ_20201030T222225,2020-10-26,2B,10SGJ,0.4,13008,0.0,1.0,0.0,0.0,0.0001,0.0084,0.006,0.0016,0.0026,0.0015,0.0035,0.066,141.15,6.0,#45b46f,0.0
S2A_MSIL2A_20201028T184511_R070_T10SGJ_20201101T002412,2020-10-28,2A,10SGJ,0.2,13008,0.0,1.0,0.0,0.0,0.0001,0.0001,0.0001,0.0001,0.0001,0.0001,0.0001,0.075,,,,
S2A_MSIL2A_20201031T185531_R113_T11SKD_20201102T043324,2020-10-31,2A,11SKD,0.2,13004,0.0,1.0,0.0,0.0,0.0001,0.0001,0.0002,0.0001,0.0001,0.0001,0.0001,0.066,,,,
S2B_MSIL2A_20201102T184539_R070_T10SGJ_20201104T004806,2020-11-02,2B,10SGJ,5.6,13008,0.0,0.455,0.0,0.522,,,,,,,,,,,,
S2B_MSIL2A_20201105T185559_R113_T11SKD_20201106T221305,2020-11-05,2B,11SKD,0.2,13004,0.0,1.0,0.0,0.0,0.0001,0.0073,0.0045,0.0001,0.0011,0.0001,0.001,0.079,137.29,6.0,#4db36b,0.0
S2A_MSIL2A_20201107T184601_R070_T11SKD_20201108T144901,2020-11-07,2A,11SKD,64.6,13004,0.0,0.999,0.0,0.001,0.0155,0.0118,0.0097,0.0039,0.0052,0.0027,0.0022,0.058,213.79,3.0,#7ea5bc,0.2766
S2A_MSIL2A_20201110T185621_R113_T10SGJ_20201111T124326,2020-11-10,2A,10SGJ,13.7,13008,0.0,0.998,0.0,0.002,0.0473,0.0451,0.0454,0.0395,0.0432,0.0481,0.02,0.083,156.36,6.0,#a49f96,0.0867
S2B_MSIL2A_20201112T184629_R070_T11SKD_20201113T211928,2020-11-12,2B,11SKD,6.6,13004,0.0,1.0,0.0,0.0,0.0001,0.0001,0.0001,0.0001,0.0001,0.0001,0.0001,0.104,,,,
S2B_MSIL2A_20201115T185649_R113_T11SKD_20201116T204445,2020-11-15,2B,11SKD,16.4,13004,0.0,1.0,0.0,0.0,0.0001,0.0064,0.003,0.0001,0.0001,0.0001,0.0001,0.058,145.22,6.0,#36b573,0.0
S2A_MSIL2A_20201117T184651_R070_T11SKD_20201118T184312,2020-11-17,2A,11SKD,56.9,13004,0.0,0.0,0.0,1.0,,,,,,,,,,,,
S2A_MSIL2A_20201120T185711_R113_T11SKD_20201122T002739,2020-11-20,2A,11SKD,11.5,13004,0.0,1.0,0.0,0.0,0.004,0.0062,0.0081,0.0037,0.0043,0.0039,0.0022,0.075,88.82,9.0,#95a763,0.1667
S2B_MSIL2A_20201122T184709_R070_T11SKD_20201123T151433,2020-11-22,2B,11SKD,1.4,13004,0.0,1.0,0.0,0.0,0.0013,0.0094,0.0056,0.001,0.0027,0.0023,0.0016,0.083,140.61,6.0,#44b46e,0.8333
S2B_MSIL2A_20201125T185719_R113_T10SGJ_20201126T110519,2020-11-25,2B,10SGJ,34.7,13008,0.0,1.0,0.0,0.0,0.0014,0.0105,0.0067,0.0014,0.002,0.0006,0.0018,0.058,136.57,6.0,#4db36a,0.3333
S2A_MSIL2A_20201127T184731_R070_T11SKD_20201128T160010,2020-11-27,2A,11SKD,1.6,13004,0.0,1.0,0.0,0.0,0.0001,0.0001,0.0001,0.0001,0.0001,0.0001,0.0001,0.071,,,,
S2A_MSIL2A_20201130T185741_R113_T10SGJ_20201202T022047,2020-11-30,2A,10SGJ,1.0,13008,0.0,1.0,0.0,0.0,0.0001,0.0013,0.0022,0.0001,0.0001,0.0001,0.0003,0.058,84.63,9.0,#8faa3c,0.0
S2B_MSIL2A_20210302T184259_R070_T10SGJ_20210303T073454,2021-03-02,2B,10SGJ,40.3,13008,0.0,0.571,0.0,0.427,0.0694,0.0754,0.0684,0.06185,0.0661,0.0752,0.0335,0.145,157.37,6.0,#9ea195,0.0697
S2B_MSIL2A_20210305T185239_R113_T11SKD_20210306T183307,2021-03-05,2B,11SKD,12.3,13004,0.0,1.0,0.0,0.0,0.0001,0.0001,0.0001,0.0001,0.0001,0.0001,0.0029,0.133,,,,
S2A_MSIL2A_20210307T184221_R070_T11SKD_20210308T031307,2021-03-07,2A,11SKD,1.3,13004,0.0,1.0,0.0,0.0,0.0001,0.0001,0.0001,0.0001,0.0001,0.0001,0.0012,0.145,,,,
S2B_MSIL2A_20210312T184049_R070_T10SGJ_20210313T205721,2021-03-12,2B,10SGJ,24.3,13008,0.0,0.281,0.0,0.719,,,,,,,,,,,,
S2B_MSIL2A_20210315T185039_R113_T10SGJ_20210317T082427,2021-03-15,2B,10SGJ,64.3,13008,0.0,0.088,0.058,0.854,,,,,,,,,,,,
S2A_MSIL2A_20210320T185051_R113_T11SKD_20210321T151559,2021-03-20,2A,11SKD,53.3,13004,0.0,0.61,0.0,0.39,0.0332,0.0262,0.0295,0.028,0.0312,0.0391,0.0346,0.125,,,,
S2A_MSIL2A_20210327T184001_R070_T10SGJ_20210328T054753,2021-03-27,2A,10SGJ,1.0,13008,0.0,1.0,0.0,0.0,0.0125,0.0079,0.0068,0.0015,0.0022,0.0009,0.0009,0.079,218.39,3.0,#7aa5c6,0.3684
S2A_MSIL2A_20210330T184941_R113_T10SGJ_20210331T090938,2021-03-30,2A,10SGJ,3.5,13008,0.0,0.999,0.0,0.001,0.0208,0.0217,0.0206,0.0153,0.0157,0.0154,0.0126,0.079,173.16,5.0,#89a69b,0.069
S2B_MSIL2A_20210401T183919_R070_T10SGJ_20210402T191511,2021-04-01,2B,10SGJ,1.3,13008,0.0,0.999,0.0,0.001,0.0122,0.0153,0.0088,0.0028,0.0032,0.0023,0.002,0.087,195.46,4.0,#57adb3,0.2
S2B_MSIL2A_20210404T184919_R113_T11SKD_20210405T122714,2021-04-04,2B,11SKD,6.9,13004,0.0,0.998,0.0,0.002,0.0232,0.0305,0.0271,0.0217,0.0236,0.0242,0.0163,0.133,137.24,6.0,#8ba886,0.1496
S2A_MSIL2A_20210406T183911_R070_T10SGJ_20210408T210206,2021-04-06,2A,10SGJ,0.8,13008,0.0,0.999,0.0,0.001,0.0142,0.0104,0.0092,0.0038,0.0044,0.0036,0.0026,0.096,214.39,3.0,#7fa5bd,0.2
S2A_MSIL2A_20210409T184911_R113_T11SKD_20210411T053649,2021-04-09,2A,11SKD,0.7,13004,0.0,0.999,0.0,0.001,0.0252,0.0241,0.0208,0.0146,0.0145,0.0132,0.0099,0.075,200.4,4.0,#89a5ab,-0.0108
S2B_MSIL2A_20210411T183919_R070_T10SGJ_20210412T115728,2021-04-11,2B,10SGJ,1.5,13008,0.0,0.997,0.0,0.003,0.0237,0.0271,0.0212,0.0154,0.0167,0.0176,0.012,0.112,188.93,5.0,#78a9a7,0.1605
S2B_MSIL2A_20210414T184919_R113_T11SKD_20210415T191127,2021-04-14,2B,11SKD,65.8,13004,0.0,0.223,0.004,0.773,,,,,,,,,,,,
S2A_MSIL2A_20210416T183911_R070_T10SGJ_20210417T073214,2021-04-16,2A,10SGJ,35.7,13008,0.0,0.79,0.0,0.206,0.0354,0.0236,0.024,0.018,0.0204,0.0228,0.0236,0.112,,,,
S2A_MSIL2A_20210419T184911_R113_T11SKD_20210420T121430,2021-04-19,2A,11SKD,0.4,13004,0.0,0.999,0.0,0.001,0.0219,0.0194,0.0162,0.0096,0.0099,0.0083,0.0065,0.079,207.65,4.0,#82a5b4,0.0462
S2B_MSIL2A_20210421T183909_R070_T10SGJ_20210422T222525,2021-04-21,2B,10SGJ,2.2,13008,0.0,0.999,0.0,0.001,0.0116,0.0149,0.0087,0.0025,0.0026,0.0003,0.0021,0.125,193.37,4.0,#52adb2,0.1111
S2B_MSIL2A_20210424T184909_R113_T11SKD_20210426T012254,2021-04-24,2B,11SKD,55.2,13004,0.0,0.998,0.0,0.001,0.0581,0.0662,0.0592,0.0521,0.0524,0.0488,0.0451,0.145,166.83,5.0,#84a896,0.021
S2A_MSIL2A_20210426T183921_R070_T11SKD_20210427T085127,2021-04-26,2A,11SKD,39.5,13004,0.0,0.929,0.0,0.07,0.0299,0.024,0.0206,0.0135,0.0136,0.0113,0.0106,0.092,217.79,3.0,#80a4c1,0.0169
S2A_MSIL2A_20210429T184921_R113_T11SKD_20210430T125445,2021-04-29,2A,11SKD,8.1,13004,0.0,0.998,0.0,0.001,0.0407,0.0436,0.0396,0.0335,0.0333,0.0327,0.0275,0.087,177.02,5.0,#8ba69d,-0.0169
S2B_MSIL2A_20210501T183919_R070_T10SGJ_20210502T120446,2021-05-01,2B,10SGJ,1.0,13008,0.0,0.999,0.0,0.001,0.0152,0.0191,0.0132,0.0072,0.0074,0.0057,0.0069,0.113,189.19,5.0,#50aeae,0.25
S2B_MSIL2A_20210504T184919_R113_T10SGJ_20210505T055927,2021-05-04,2B,10SGJ,0.8,13008,0.0,0.999,0.0,0.0,0.0126,0.0157,0.0114,0.0044,0.005,0.0033,0.0044,0.079,184.81,5.0,#5cada8,0.7143
S2A_MSIL2A_20210506T183921_R070_T10SGJ_20210508T080115,2021-05-06,2A,10SGJ,39.7,13008,0.0,0.999,0.0,0.0,0.0299,0.0266,0.0239,0.017,0.0176,0.01355,0.015,0.162,210.07,3.0,#7da6b9,0.1304
S2A_MSIL2A_20210509T184921_R113_T11SKD_20210510T191718,2021-05-09,2A,11SKD,2.6,13004,0.0,0.997,0.0,0.0,0.0634,0.0745,0.0723,0.0668,0.0676,0.0689,0.0592,0.096,97.31,8.0,#93a76e,0.05
S2B_MSIL2A_20210511T183919_R070_T10SGJ_20210512T045507,2021-05-11,2B,10SGJ,0.8,13008,0.0,1.0,0.0,0.0,0.0073,0.0117,0.0066,0.0019,0.0019,0.0001,0.0042,0.117,185.29,5.0,#00b4ae,0.0
S2B_MSIL2A_20210514T184919_R113_T10SGJ_20210516T051926,2021-05-14,2B,10SGJ,5.5,13008,0.0,0.873,0.0,0.125,0.096,0.11435,0.1093,0.10165,0.1061,0.1195,0.0916,0.121,101.59,8.0,#8ea86b,0.1813
S2A_MSIL2A_20210516T183921_R070_T10SGJ_20210518T103508,2021-05-16,2A,10SGJ,43.8,13008,0.0,0.405,0.0,0.593,,,,,,,,,,,,
S2A_MSIL2A_20210519T184921_R113_T10SGJ_20210520T205630,2021-05-19,2A,10SGJ,1.8,13008,0.0,0.997,0.0,0.0,0.0739,0.082,0.0809,0.0764,0.078,0.0752,0.0698,0.096,93.94,9.0,#97a670,0.1081
S2B_MSIL2A_20210524T184919_R113_T10SGJ_20210525T083556,2021-05-24,2B,10SGJ,12.3,13008,0.0,0.996,0.0,0.002,0.0879,0.108,0.1031,0.0963,0.0972,0.0957,0.0873,0.117,94.13,8.0,#8daa5a,0.0476
S2A_MSIL2A_20210526T183921_R070_T11SKD_20210527T125955,2021-05-26,2A,11SKD,55.4,13004,0.0,0.991,0.0,0.006,0.0626,0.058,0.0565,0.0504,0.0557,0.0674,0.04635,0.145,213.88,3.0,#8ea2b3,0.3955
S2A_MSIL2A_20210529T184921_R113_T10SGJ_20210530T064844,2021-05-29,2A,10SGJ,25.0,13008,0.0,0.179,0.0,0.819,,,,,,,,,,,,
S2B_MSIL2A_20210531T183919_R070_T11SKD_20210601T130142,2021-05-31,2B,11SKD,1.5,13004,0.0,0.999,0.0,0.0,0.0031,0.0103,0.006,0.0021,0.0031,0.0009,0.011,0.202,,,,
S2B_MSIL2A_20210603T184919_R113_T10SGJ_20210604T095229,2021-06-03,2B,10SGJ,1.8,13008,0.0,0.967,0.0,0.028,0.0932,0.1208,0.1163,0.1097,0.1106,0.1101,0.0994,0.117,88.72,9.0,#91a955,0.0419
S2A_MSIL2A_20210608T184921_R113_T11SKD_20210612T175007,2021-06-08,2A,11SKD,3.7,13004,0.0,0.011,0.0,0.009,,,,,,,,,,,,
S2B_MSIL2A_20210610T183919_R070_T10SGJ_20210613T220553,2021-06-10,2B,10SGJ,3.5,13008,0.0,0.999,0.0,0.0,0.0036,0.0101,0.0055,0.0004,0.0004,0.0001,0.0045,0.141,167.99,5.0,#00bc92,0.0
S2B_MSIL2A_20210613T184919_R113_T10SGJ_20210615T044352,2021-06-13,2B,10SGJ,1.4,13008,0.0,0.978,0.0,0.017,0.0925,0.1128,0.1083,0.1018,0.1035,0.1007,0.0939,0.092,94.26,8.0,#8caa57,0.0971
S2A_MSIL2A_20210615T183921_R070_T10SGJ_20210616T042002,2021-06-15,2A,10SGJ,0.3,13008,0.0,0.999,0.0,0.0,0.0162,0.0167,0.0161,0.0115,0.0117,0.0065,0.0149,0.158,180.2,5.0,#67aca3,0.0
S2A_MSIL2A_20210618T184921_R113_T10SGJ_20210619T064004,2021-06-18,2A,10SGJ,2.8,13008,0.0,0.924,0.0,0.073,0.107,0.12655,0.1259,0.1217,0.1243,0.1198,0.1112,0.166,72.39,11.0,#9ea64c,0.1102
S2B_MSIL2A_20210620T183919_R070_T10SGJ_20210621T102317,2021-06-20,2B,10SGJ,0.6,13008,0.0,0.999,0.0,0.0,0.0092,0.0165,0.0113,0.0055,0.0056,0.0001,0.0077,0.199,161.85,6.0,#21b48b,0.0
S2B_MSIL2A_20210623T184919_R113_T10SGJ_20210626T061652,2021-06-23,2B,10SGJ,7.5,13008,0.0,0.731,0.0,0.225,0.041,0.05,0.044,0.0368,0.0374,0.0383,0.0352,0.133,161.03,6.0,#66ae8e,0.1579
S2A_MSIL2A_20210625T183921_R070_T11SKD_20210626T092459,2021-06-25,2A,11SKD,1.9,13004,0.0,0.999,0.0,0.0,0.0065,0.0051,0.0033,0.0001,0.0001,0.0001,0.0042,0.275,,,,
S2A_MSIL2A_20210628T184921_R113_T10SGJ_20210630T070744,2021-06-28,2A,10SGJ,0.9,13008,0.0,0.618,0.0,0.371,0.1218,0.1429,0.137,0.1284,0.1293,0.1216,0.1135,0.154,100.38,8.0,#93a771,0.0293
S2B_MSIL2A_20210630T183919_R070_T11SKD_20210701T140916,2021-06-30,2B,11SKD,2.4,13004,0.0,0.999,0.0,0.0,0.0157,0.0205,0.013,0.0058,0.0043,0.0001,0.0088,0.266,194.31,4.0,#02b1b9,0.0
S2A_MSIL2A_20210705T183921_R070_T10SGJ_20210710T031158,2021-07-05,2A,10SGJ,0.8,13008,0.0,0.999,0.0,0.0,0.0141,0.0111,0.0077,0.0008,0.0001,0.0001,0.0032,0.214,217.87,3.0,#5ca8d3,0.0
S2A_MSIL2A_20210708T184921_R113_T10SGJ_20210709T144158,2021-07-08,2A,10SGJ,1.8,13008,0.0,0.988,0.0,0.01,0.097,0.11065,0.1061,0.0978,0.0976,0.0955,0.0874,0.112,116.99,7.0,#90a77d,-0.0097
S2B_MSIL2A_20210710T183919_R070_T11SKD_20210711T040049,2021-07-10,2B,11SKD,1.6,13004,0.0,0.999,0.0,0.0,0.015,0.0182,0.0099,0.002,0.0005,0.0001,0.0037,0.243,201.08,4.0,#37aebf,0.0
S2B_MSIL2A_20210713T184919_R113_T10SGJ_20210714T085234,2021-07-13,2B,10SGJ,2.7,13008,0.0,0.997,0.0,0.0,0.0942,0.1136,0.1082,0.1007,0.1021,0.0971,0.0934,0.149,101.66,8.0,#87ab5e,0.0875
S2A_MSIL2A_20210715T183921_R070_T10SGJ_20210716T115108,2021-07-15,2A,10SGJ,0.2,13008,0.0,0.999,0.0,0.0,0.0151,0.0127,0.0092,0.0033,0.0016,0.0001,0.0068,0.194,222.4,2.0,#40a8e8,0.0
S2A_MSIL2A_20210718T184921_R113_T10SGJ_20210719T072401,2021-07-18,2A,10SGJ,46.5,13008,0.0,0.997,0.0,0.001,0.0815,0.0848,0.0822,0.0764,0.0812,0.0812,0.0667,0.227,156.69,6.0,#97a394,0.1983
S2B_MSIL2A_20210720T183919_R070_T11SKD_20210721T060740,2021-07-20,2B,11SKD,5.6,13004,0.0,0.997,0.0,0.0,0.0146,0.0185,0.0104,0.0036,0.0024,0.0001,0.0072,0.224,202.85,4.0,#00b2c8,0.0
S2B_MSIL2A_20210723T184919_R113_T10SGJ_20210724T064902,2021-07-23,2B,10SGJ,0.6,13008,0.0,0.998,0.0,0.0,0.1026,0.1049,0.096,0.0857,0.0884,0.0886,0.0715,0.166,191.61,4.0,#8ea4a4,0.0868
S2A_MSIL2A_20210725T183921_R070_T10SGJ_20210726T164159,2021-07-25,2A,10SGJ,40.8,13008,0.0,0.968,0.0,0.03,0.171,0.164,0.1507,0.1179,0.1185,0.1068,0.0272,0.518,181.53,5.0,#9ea09c,0.0033
S2A_MSIL2A_20210728T184921_R113_T11SKD_20210729T094925,2021-07-28,2A,11SKD,4.7,13004,0.0,0.997,0.0,0.001,0.0824,0.0915,0.0871,0.0804,0.0812,0.0768,0.0735,0.185,138.21,6.0,#8ba787,0.0548
S2B_MSIL2A_20210730T183919_R070_T10SGJ_20210731T040841,2021-07-30,2B,10SGJ,66.8,13008,0.0,0.0,0.0,1.0,,,,,,,,,,,,
S2B_MSIL2A_20210802T184919_R113_T10SGJ_20210803T110945,2021-08-02,2B,10SGJ,0.6,13008,0.0,0.998,0.0,0.0,0.0592,0.0741,0.0673,0.0596,0.0597,0.0578,0.0542,0.129,131.86,7.0,#7dab7a,0.0092
S2A_MSIL2A_20210804T183921_R070_T10SGJ_20210805T042606,2021-08-04,2A,10SGJ,0.5,13008,0.0,0.999,0.0,0.0,0.017,0.0133,0.0091,0.003,0.0017,0.0001,0.0053,0.194,221.93,2.0,#4ea8e2,0.0
S2A_MSIL2A_20210807T184921_R113_T10SGJ_20210808T095727,2021-08-07,2A,10SGJ,0.4,13008,0.0,0.997,0.0,0.0,0.1199,0.1129,0.1015,0.082,0.0834,0.0847,0.0402,0.145,198.64,4.0,#9aa1a3,0.0165
S2B_MSIL2A_20210809T183919_R070_T10SGJ_20210810T114450,2021-08-09,2B,10SGJ,0.6,13008,0.0,0.999,0.0,0.0,0.0125,0.0152,0.0069,0.0002,0.0001,0.0001,0.002,0.206,205.06,4.0,#1dafc7,0.0
S2B_MSIL2A_20210812T184919_R113_T10SGJ_20210813T045245,2021-08-12,2B,10SGJ,5.5,13008,0.0,0.998,0.0,0.0,0.0418,0.052,0.0441,0.0345,0.0355,0.0284,0.0276,0.502,164.31,5.0,#80a994,0.0676
S2A_MSIL2A_20210814T183921_R070_T10SGJ_20210815T053630,2021-08-14,2A,10SGJ,6.3,13008,0.0,0.998,0.0,0.0,0.015,0.01,0.0061,0.0001,0.0001,0.0001,0.0011,0.401,221.92,2.0,#5ca7dd,0.0
S2A_MSIL2A_20210817T184921_R113_T10SGJ_20210818T022659,2021-08-17,2A,10SGJ,45.9,13008,0.0,0.114,0.027,0.855,,,,,,,,,,,,
S2B_MSIL2A_20210819T183919_R070_T11SKD_20210820T045059,2021-08-19,2B,11SKD,2.5,13004,0.0,0.999,0.0,0.0,0.0152,0.0179,0.0107,0.0032,0.0024,0.0001,0.0019,0.206,197.04,4.0,#60abb3,-0.4444
S2B_MSIL2A_20210822T184919_R113_T10SGJ_20210823T065524,2021-08-22,2B,10SGJ,26.2,13008,0.0,0.07,0.038,0.892,,,,,,,,,,,,
S2A_MSIL2A_20210824T183921_R070_T10SGJ_20210825T071439,2021-08-24,2A,10SGJ,18.6,13008,0.0,0.944,0.007,0.048,0.2285,0.2053,0.1755,0.1309,0.123,0.0907,0.0163,0.373,202.87,4.0,#9ba1a4,-0.0357
S2A_MSIL2A_20210827T184921_R113_T10SGJ_20210828T075023,2021-08-27,2A,10SGJ,25.3,13008,0.0,0.072,0.041,0.886,,,,,,,,,,,,
S2B_MSIL2A_20210829T183919_R070_T10SGJ_20210830T065823,2021-08-29,2B,10SGJ,15.1,13008,0.0,0.651,0.008,0.341,0.096,0.1022,0.0948,0.0841,0.0836,0.0737,0.0186,0.342,137.03,6.0,#a4a093,-0.0038
S2B_MSIL2A_20210901T184919_R113_T10SGJ_20210902T040340,2021-09-01,2B,10SGJ,17.5,13008,0.0,0.878,0.001,0.12,0.182,0.176,0.1495,0.115,0.1089,0.0951,0.0363,0.154,196.43,4.0,#98a1a2,-0.0403
S2A_MSIL2A_20210903T183921_R070_T11SKD_20210904T052941,2021-09-03,2A,11SKD,2.4,13004,0.0,1.0,0.0,0.0,0.1868,0.1619,0.1378,0.1039,0.101,0.0866,0.0192,0.231,209.38,4.0,#9ba0a7,-0.0174
S2A_MSIL2A_20210906T184921_R113_T10SGJ_20210907T085907,2021-09-06,2A,10SGJ,7.9,13008,0.0,0.999,0.0,0.0,0.1239,0.1113,0.0968,0.0751,0.0747,0.0692,0.0354,0.222,208.41,4.0,#96a1aa,-0.0051
S2B_MSIL2A_20210908T183919_R070_T10SGJ_20210909T062751,2021-09-08,2B,10SGJ,0.3,13008,0.0,0.999,0.0,0.0,0.0819,0.0767,0.0607,0.0402,0.0388,0.0303,0.0074,0.263,203.09,4.0,#93a2a8,-0.0218
S2B_MSIL2A_20210911T184929_R113_T10SGJ_20210912T071934,2021-09-11,2B,10SGJ,4.9,13008,0.0,0.999,0.0,0.0,0.0236,0.0282,0.0225,0.014,0.013,0.0109,0.0108,0.129,180.15,5.0,#77a9a0,-0.1852
S2A_MSIL2A_20210913T184001_R070_T10SGJ_20210914T112708,2021-09-13,2A,10SGJ,4.4,13008,0.0,0.996,0.0,0.0,0.0161,0.0114,0.0088,0.002,0.0005,0.0001,0.0017,0.183,216.1,3.0,#6ea7c8,-0.5
S2A_MSIL2A_20210916T185021_R113_T11SKD_20210917T091507,2021-09-16,2A,11SKD,0.3,13004,0.0,0.998,0.0,0.0,0.0429,0.0418,0.039,0.0268,0.0258,0.0224,0.0131,0.226,182.24,5.0,#95a39e,-0.0379
S2B_MSIL2A_20210918T183929_R070_T10SGJ_20210919T060308,2021-09-18,2B,10SGJ,9.8,13008,0.0,0.999,0.0,0.0,0.0064,0.0124,0.0092,0.0024,0.0007,0.0001,0.0056,0.194,147.85,6.0,#49b37a,0.0
S2B_MSIL2A_20210921T184959_R113_T10SGJ_20210922T115654,2021-09-21,2B,10SGJ,0.9,13008,0.0,0.999,0.0,0.0,0.0608,0.0643,0.0556,0.0368,0.0356,0.0311,0.0093,0.231,177.66,5.0,#95a39c,-0.0223
S2A_MSIL2A_20210923T184111_R070_T11SKD_20210924T131045,2021-09-23,2A,11SKD,1.2,13004,0.0,0.998,0.0,0.0,0.0161,0.0132,0.0134,0.0058,0.0055,0.0041,0.0069,0.129,202.05,4.0,#7ba7b1,0.0
S2A_MSIL2A_20210926T185131_R113_T10SGJ_20210927T083951,2021-09-26,2A,10SGJ,0.2,13008,0.0,0.999,0.0,0.0,0.0485,0.0479,0.0456,0.0311,0.0299,0.0283,0.013,0.174,174.37,5.0,#97a39a,-0.0343
S2B_MSIL2A_20210928T184049_R070_T10SGJ_20210929T082511,2021-09-28,2B,10SGJ,9.3,13008,0.0,0.409,0.0,0.589,,,,,,,,,,,,
S2B_MSIL2A_20211001T185119_R113_T11SKD_20211002T143821,2021-10-01,2B,11SKD,7.6,13004,0.0,1.0,0.0,0.0,0.0067,0.0136,0.0118,0.001,0.0001,0.0001,0.0012,0.125,147.59,6.0,#6eae82,0.0
S2A_MSIL2A_20211003T184221_R070_T10SGJ_20211004T055953,2021-10-03,2A,10SGJ,1.1,13008,0.0,0.999,0.0,0.0,0.1159,0.1104,0.1065,0.0796,0.081,0.0812,0.0183,0.145,172.06,5.0,#9fa199,0.0113
S2A_MSIL2A_20211006T185251_R113_T10SGJ_20211007T064749,2021-10-06,2A,10SGJ,53.3,13008,0.0,0.173,0.0,0.795,,,,,,,,,,,,
S2B_MSIL2A_20211008T184249_R070_T10SGJ_20211009T084720,2021-10-08,2B,10SGJ,50.3,13008,0.0,0.609,0.0,0.391,0.0231,0.027,0.0215,0.0054,0.0033,0.0001,0.0034,0.145,180.98,5.0,#72aaa2,-0.9048
S2B_MSIL2A_20211011T185319_R113_T10SGJ_20211012T034423,2021-10-11,2B,10SGJ,59.2,13008,0.0,0.001,0.0,0.999,,,,,,,,,,,,
S2A_MSIL2A_20211105T185601_R113_T10SGJ_20230129T051240,2021-11-05,2A,10SGJ,45.6,13008,0.0,0.997,0.0,0.0,0.0663,0.06665,0.0661,0.0589,0.0615,0.0711,0.0451,0.117,156.07,6.0,#9ea195,0.0861
S2B_MSIL2A_20211107T184559_R070_T10SGJ_20211108T034755,2021-11-07,2B,10SGJ,13.5,13008,0.0,1.0,0.0,0.0,0.0074,0.0151,0.0103,0.0001,0.0001,0.0001,0.0001,0.162,164.43,5.0,#60ae91,0.0
S2A_MSIL2A_20211112T184631_R070_T11SKD_20211113T055455,2021-11-12,2A,11SKD,5.6,13004,0.0,0.985,0.0,0.014,0.037,0.0312,0.03165,0.023,0.0224,0.0207,0.0343,0.092,,,,
S2B_MSIL2A_20211117T184649_R070_T11SKD_20211118T084034,2021-11-17,2B,11SKD,2.2,13004,0.0,0.999,0.0,0.001,0.0001,0.0022,0.0007,0.0001,0.0001,0.0001,0.0014,0.145,,,,
S2B_MSIL2A_20211120T185659_R113_T10SGJ_20211121T060250,2021-11-20,2B,10SGJ,19.7,13008,0.0,1.0,0.0,0.0,0.0062,0.013,0.0095,0.001,0.0001,0.0001,0.0005,0.071,158.2,6.0,#68ae8b,-0.6667
S2A_MSIL2A_20211122T184711_R070_T11SKD_20211123T082802,2021-11-22,2A,11SKD,3.5,13004,0.0,1.0,0.0,0.0,0.0037,0.0027,0.005,0.0001,0.0001,0.0001,0.0001,0.087,137.18,6.0,#8ea688,0.0
S2A_MSIL2A_20211125T185721_R113_T10SGJ_20211126T061127,2021-11-25,2A,10SGJ,0.8,13008,0.0,1.0,0.0,0.0,0.0034,0.0052,0.0065,0.0001,0.0001,0.0001,0.0001,0.066,130.89,7.0,#80ab7c,0.0
S2B_MSIL2A_20211127T184719_R070_T11SKD_20211128T202223,2021-11-27,2B,11SKD,1.7,13004,0.0,1.0,0.0,0.0,0.0038,0.0115,0.0091,0.0021,0.0008,0.0014,0.0058,0.1,135.45,6.0,#51b36a,0.0
S2B_MSIL2A_20211130T185729_R113_T11SKD_20211201T082904,2021-11-30,2B,11SKD,61.6,13004,0.0,0.923,0.0,0.077,0.0351,0.0425,0.0392,0.0279,0.0277,0.0308,0.0242,0.133,154.78,6.0,#7faa8d,-0.0278
S2A_MSIL2A_20220302T184311_R070_T10SGJ_20220304T084908,2022-03-02,2A,10SGJ,37.2,13008,0.0,0.68,0.0,0.32,0.12125,0.1092,0.1082,0.1027,0.109,0.1135,0.0521,0.041,205.06,4.0,#a99d9c,0.0586
S2B_MSIL2A_20220307T184229_R070_T11SKD_20240531T040221,2022-03-07,2B,11SKD,10.8,13004,0.0,1.0,0.0,0.0,0.0201,0.0192,0.0098,0.0019,0.0017,0.0001,0.0009,0.058,211.29,3.0,#55aac8,-0.1111
S2B_MSIL2A_20220310T185109_R113_T11SKD_20220311T163422,2022-03-10,2B,11SKD,4.7,13004,0.0,0.999,0.0,0.001,-0.0233,-0.0131,-0.013,-0.0144,-0.016,-0.0145,0.0044,0.214,,,,
S2A_MSIL2A_20220312T184151_R070_T11SKD_20220313T064344,2022-03-12,2A,11SKD,0.0,13004,0.002,0.998,0.0,0.0,-0.0362,-0.0334,-0.0282,-0.0263,-0.0282,-0.0262,-0.0026,0.279,,,,
S2B_MSIL2A_20220320T184959_R113_T11SKD_20220321T060910,2022-03-20,2B,11SKD,0.0,13004,0.0,1.0,0.0,0.0,-0.028,-0.0172,-0.0176,-0.0175,-0.0196,-0.0171,0.0026,0.286,,,,
S2A_MSIL2A_20220322T184041_R070_T10SGJ_20240525T094328,2022-03-22,2A,10SGJ,0.5,13008,0.0,1.0,0.0,0.0,-0.0256,-0.0244,-0.0207,-0.0207,-0.0226,-0.0213,-0.0019,0.255,,,,
S2A_MSIL2A_20220325T185021_R113_T11SKD_20220326T083231,2022-03-25,2A,11SKD,0.1,13004,0.0,1.0,0.0,0.0,-0.0123,-0.0102,-0.0087,-0.0102,-0.0115,-0.0119,0.001,0.243,,,,
S2B_MSIL2A_20220327T183929_R070_T10SGJ_20220328T080934,2022-03-27,2B,10SGJ,36.5,13008,0.0,0.997,0.0,0.0,0.0166,0.0261,0.023,0.0205,0.0214,0.0257,0.022,0.309,163.37,5.0,#00ba8a,0.0
S2A_MSIL2A_20220401T183931_R070_T11SKD_20220402T082340,2022-04-01,2A,11SKD,0.0,13004,0.0,1.0,0.0,0.0,-0.0082,-0.0094,-0.0078,-0.0107,-0.0124,-0.0138,-0.0002,0.278,,,,
S2B_MSIL2A_20220406T183919_R070_T10SGJ_20220407T082611,2022-04-06,2B,10SGJ,0.1,13008,0.0,1.0,0.0,0.0,-0.0024,0.0033,-0.0018,-0.0053,-0.0068,-0.0072,0.0037,0.287,,,,
S2B_MSIL2A_20220409T184919_R113_T11SKD_20220410T153918,2022-04-09,2B,11SKD,0.3,13004,0.0,0.999,0.0,0.0,0.0129,0.0244,0.0211,0.0159,0.0144,0.0141,0.02,0.279,162.82,6.0,#00ba89,0.0
S2B_MSIL2A_20220416T183919_R070_T11SKD_20240602T212312,2022-04-16,2B,11SKD,60.7,13004,0.0,0.141,0.0,0.859,,,,,,,,,,,,
S2A_MSIL2A_20220424T184921_R113_T10SGJ_20220425T171820,2022-04-24,2A,10SGJ,0.8,13008,0.0,1.0,0.0,0.0,0.0178,0.0182,0.0189,0.0142,0.0137,0.015,0.0104,0.286,144.56,6.0,#97a48f,-0.0704
S2B_MSIL2A_20220426T183909_R070_T10SGJ_20240524T064214,2022-04-26,2B,10SGJ,21.9,13008,0.0,1.0,0.0,0.0,-0.0004,0.0048,-0.0025,-0.0074,-0.011,-0.0156,0.0034,0.379,,,,
S2B_MSIL2A_20220429T184909_R113_T11SKD_20220430T143201,2022-04-29,2B,11SKD,0.2,13004,0.0,0.999,0.0,0.0,0.0371,0.0452,0.0373,0.0283,0.026,0.0259,0.0221,0.178,172.74,5.0,#7ea99a,-0.2277
S2A_MSIL2A_20220501T183921_R070_T10SGJ_20220502T114743,2022-05-01,2A,10SGJ,1.7,13008,0.0,1.0,0.0,0.0,0.004,0.0014,-0.0001,-0.0053,-0.0081,-0.0112,0.0003,0.286,,,,
S2A_MSIL2A_20220504T184921_R113_T10SGJ_20220505T141638,2022-05-04,2A,10SGJ,0.0,13008,0.0,0.999,0.0,0.0,0.0413,0.0481,0.0442,0.0363,0.0344,0.0325,0.0321,0.227,155.62,6.0,#81a98e,-0.2923
S2B_MSIL2A_20220506T183919_R070_T11SKD_20220507T191847,2022-05-06,2B,11SKD,46.6,13004,0.0,0.999,0.0,0.0,0.0229,0.0257,0.0182,0.0097,0.0073,0.0033,0.0105,0.181,198.31,4.0,#4badb8,0.0
S2A_MSIL2A_20220511T183921_R070_T10SGJ_20240615T114549,2022-05-11,2A,10SGJ,55.8,13008,0.0,0.405,0.0,0.595,,,,,,,,,,,,
S2A_MSIL2A_20220514T184921_R113_T11SKD_20220517T013736,2022-05-14,2A,11SKD,0.9,13004,0.0,0.999,0.0,0.0,0.0663,0.0797,0.0741,0.0654,0.0643,0.0629,0.0563,0.147,129.13,7.0,#8ba881,-0.0643
S2B_MSIL2A_20220516T183919_R070_T11SKD_20220518T215329,2022-05-16,2B,11SKD,0.6,13004,0.0,0.999,0.0,0.0,-0.0039,0.0033,-0.0021,-0.0066,-0.0096,-0.0148,0.0037,0.327,,,,
S2B_MSIL2A_20220519T184919_R113_T11SKD_20220521T102624,2022-05-19,2B,11SKD,3.6,13004,0.0,0.997,0.0,0.0,0.0891,0.1027,0.0971,0.0881,0.0892,0.0874,0.078,0.154,128.63,7.0,#8da782,0.0516
S2A_MSIL2A_20220521T183931_R070_T11SKD_20220522T223310,2022-05-21,2A,11SKD,0.0,13004,0.0,0.999,0.0,0.0,0.0001,-0.0005,-0.001,-0.0049,-0.0077,-0.0121,0.0036,0.281,,,,
S2A_MSIL2A_20220524T184921_R113_T10SGJ_20220525T100511,2022-05-24,2A,10SGJ,0.0,13008,0.0,0.998,0.0,0.0,0.0804,0.0997,0.0944,0.086,0.0856,0.0846,0.0758,0.182,102.99,8.0,#8da96b,-0.02
S2B_MSIL2A_20220526T183919_R070_T10SGJ_20220527T170532,2022-05-26,2B,10SGJ,7.6,13008,0.0,0.997,0.0,0.0,0.0166,0.0243,0.0185,0.0138,0.0124,0.0099,0.023,0.357,,,,
S2B_MSIL2A_20220529T184919_R113_T11SKD_20240611T182704,2022-05-29,2B,11SKD,7.3,13004,0.0,0.996,0.0,0.001,0.1051,0.1267,0.1213,0.1135,0.1133,0.1147,0.101,0.105,95.43,8.0,#91a867,-0.0081
S2A_MSIL2A_20220531T183931_R070_T10SGJ_20240619T150031,2022-05-31,2A,10SGJ,0.0,13008,0.0,0.999,0.0,0.0,0.0144,0.0135,0.0124,0.0077,0.0055,0.0017,0.0114,0.211,221.84,2.0,#56a7df,0.0
S2A_MSIL2A_20220603T184931_R113_T11SKD_20220604T112837,2022-06-03,2A,11SKD,38.2,13004,0.0,0.0,0.0,1.0,,,,,,,,,,,,
S2B_MSIL2A_20220608T184919_R113_T10SGJ_20220609T122650,2022-06-08,2B,10SGJ,17.3,13008,0.0,0.989,0.0,0.008,0.0904,0.1051,0.1009,0.0953,0.1011,0.1083,0.0849,0.141,99.07,8.0,#94a771,0.218
S2A_MSIL2A_20220610T183931_R070_T10SGJ_20220611T190733,2022-06-10,2A,10SGJ,0.7,13008,0.0,0.999,0.0,0.0,0.0061,0.004,0.0021,-0.0035,-0.0054,-0.0078,0.0011,0.179,227.73,1.0,#39a4ff,0.0
S2A_MSIL2A_20220613T184931_R113_T11SKD_20220614T182529,2022-06-13,2A,11SKD,11.5,13004,0.0,0.982,0.0,0.015,0.1065,0.1202,0.1179,0.1111,0.1118,0.1114,0.0997,0.104,93.67,9.0,#97a670,0.0298
S2B_MSIL2A_20220615T183919_R070_T11SKD_20220618T183206,2022-06-15,2B,11SKD,0.0,13004,0.001,0.998,0.0,0.0,-0.0004,0.0039,-0.002,-0.0075,-0.01,-0.0138,-0.0015,0.206,,,,
S2A_MSIL2A_20220620T183931_R070_T11SKD_20220621T202223,2022-06-20,2A,11SKD,69.9,13004,0.0,0.431,0.0,0.568,,,,,,,,,,,,
S2A_MSIL2A_20220623T184931_R113_T10SGJ_20220624T084023,2022-06-23,2A,10SGJ,43.0,13008,0.0,0.996,0.0,0.003,0.0267,0.0232,0.0179,0.0078,0.0058,0.0016,0.0052,0.182,208.45,4.0,#76a7b9,-0.625
S2B_MSIL2A_20220625T183929_R070_T11SKD_20220627T232531,2022-06-25,2B,11SKD,1.9,13004,0.0,0.999,0.0,0.0,0.0091,0.0131,0.0059,-0.0006,-0.0031,-0.0085,0.0041,0.251,202.43,4.0,#00b5cd,0.0
S2B_MSIL2A_20220628T184919_R113_T10SGJ_20220629T121957,2022-06-28,2B,10SGJ,0.4,13008,0.0,0.991,0.0,0.006,0.105,0.1272,0.1215,0.1128,0.1134,0.1125,0.1017,0.104,98.62,8.0,#8ea965,0.0263
S2A_MSIL2A_20220630T183931_R070_T10SGJ_20240628T155056,2022-06-30,2A,10SGJ,0.0,13008,0.0,0.999,0.0,0.0,0.0157,0.0149,0.0125,0.0074,0.0057,0.0019,0.0101,0.175,214.17,3.0,#51aacf,0.0
S2A_MSIL2A_20220703T184931_R113_T10SGJ_20220704T064658,2022-07-03,2A,10SGJ,42.7,13008,0.0,0.89,0.0,0.108,0.1306,0.1456,0.1408,0.1314,0.1329,0.1323,0.1165,0.246,114.22,7.0,#95a67f,0.0479
S2B_MSIL2A_20220705T183929_R070_T11SKD_20220707T084524,2022-07-05,2B,11SKD,31.9,13004,0.0,0.999,0.0,0.0,0.0121,0.0154,0.0053,-0.0008,-0.0042,-0.013,0.0062,0.286,,,,
S2B_MSIL2A_20220708T184919_R113_T10SGJ_20220709T095738,2022-07-08,2B,10SGJ,0.2,13008,0.0,0.997,0.0,0.001,0.0954,0.1147,0.1078,0.0998,0.1006,0.0983,0.0895,0.117,111.59,7.0,#8ba972,0.0374
S2A_MSIL2A_20220710T183931_R070_T11SKD_20220712T172311,2022-07-10,2A,11SKD,0.0,13004,0.0,0.999,0.0,0.0,0.0062,0.0033,-0.0002,-0.0046,-0.007,-0.0133,0.0002,0.253,,,,
S2A_MSIL2A_20220713T184931_R113_T10SGJ_20220714T163355,2022-07-13,2A,10SGJ,0.3,13008,0.0,0.996,0.0,0.001,0.0984,0.1124,0.1094,0.1036,0.1049,0.1015,0.0941,0.141,94.2,8.0,#94a76b,0.064
S2B_MSIL2A_20220715T183919_R070_T10SGJ_20220716T072904,2022-07-15,2B,10SGJ,1.4,13008,0.0,0.999,0.0,0.0,0.0118,0.0153,0.0081,0.0028,0.0009,-0.0031,0.0068,0.186,206.64,4.0,#00b5d9,0.0
S2B_MSIL2A_20220718T184919_R113_T10SGJ_20240713T115127,2022-07-18,2B,10SGJ,13.1,13008,0.0,0.997,0.0,0.0,0.0925,0.1107,0.1046,0.0984,0.1001,0.0926,0.0906,0.183,105.03,8.0,#88aa66,0.0983
S2A_MSIL2A_20220720T183931_R070_T11SKD_20220721T065234,2022-07-20,2A,11SKD,3.9,13004,0.0,0.999,0.0,0.0,0.0042,0.0013,-0.0017,-0.0052,-0.0063,-0.0121,0.0009,0.221,,,,
S2A_MSIL2A_20220723T184931_R113_T11SKD_20220725T180526,2022-07-23,2A,11SKD,0.0,13004,0.0,0.997,0.0,0.0,0.076,0.0851,0.0814,0.076,0.076,0.0747,0.0687,0.121,123.94,7.0,#8fa781,0.0
S2B_MSIL2A_20220725T183929_R070_T10SGJ_20240716T001714,2022-07-25,2B,10SGJ,2.1,13008,0.0,0.999,0.0,0.0,0.0051,0.0087,0.0005,-0.0045,-0.0064,-0.0145,-0.0008,0.316,208.87,4.0,#00b5df,0.0
S2B_MSIL2A_20220728T184919_R113_T10SGJ_20240717T034545,2022-07-28,2B,10SGJ,2.1,13008,0.0,0.998,0.0,0.0,0.055,0.0723,0.0657,0.0597,0.0597,0.0574,0.0544,0.191,112.95,7.0,#7dad64,0.0
S2A_MSIL2A_20220730T183931_R070_T11SKD_20220731T223225,2022-07-30,2A,11SKD,5.0,13004,0.0,0.99,0.0,0.009,0.0117,0.0068,0.0026,-0.0021,-0.0032,-0.0107,0.0013,0.298,229.88,1.0,#0091ff,0.0
S2A_MSIL2A_20220802T184931_R113_T10SGJ_20220803T121617,2022-08-02,2A,10SGJ,10.0,13008,0.0,0.7,0.0,0.295,0.0728,0.0817,0.0758,0.06905,0.0696,0.0637,0.0636,0.162,155.49,6.0,#81a98e,0.048
S2B_MSIL2A_20220804T183919_R070_T11SKD_20240712T163926,2022-08-04,2B,11SKD,9.0,13004,0.0,0.964,0.0,0.029,0.0136,0.0142,0.0035,-0.0029,-0.0037,-0.0129,0.0011,0.288,218.09,3.0,#00b0f1,0.0
S2B_MSIL2A_20220807T184919_R113_T10SGJ_20240718T101433,2022-08-07,2B,10SGJ,0.7,13008,0.0,0.998,0.0,0.0,0.0604,0.073,0.0665,0.06035,0.0607,0.0579,0.055,0.125,137.04,6.0,#7eab80,0.0317
S2A_MSIL2A_20220809T183931_R070_T10SGJ_20220811T071608,2022-08-09,2A,10SGJ,51.4,13008,0.0,0.884,0.0,0.1,0.027,0.0191,0.0123,0.0053,0.0049,-0.004,0.0077,0.306,226.36,2.0,#41a6f7,0.0
S2A_MSIL2A_20220812T184931_R113_T10SGJ_20220813T053849,2022-08-12,2A,10SGJ,0.0,13008,0.0,0.997,0.0,0.0,0.0436,0.0487,0.0448,0.0394,0.0388,0.038,0.036,0.112,164.02,5.0,#7fa994,-0.0968
S2B_MSIL2A_20220814T183919_R070_T11SKD_20220815T075834,2022-08-14,2B,11SKD,0.0,13004,0.0,0.999,0.0,0.0,0.0064,0.0088,0.0017,-0.0027,-0.0044,-0.0072,0.0017,0.162,,,,
S2A_MSIL2A_20220822T184931_R113_T10SGJ_20240719T135253,2022-08-22,2A,10SGJ,0.0,13008,0.0,0.998,0.0,0.0,0.0259,0.0283,0.0247,0.0193,0.0183,0.0172,0.0184,0.121,184.95,5.0,#69aba7,-0.8
S2B_MSIL2A_20220824T183919_R070_T11SKD_20240714T204640,2022-08-24,2B,11SKD,0.0,13004,0.0,0.999,0.0,0.0,0.0057,0.0086,0.0021,-0.0027,-0.0041,-0.0064,0.0017,0.156,210.81,3.0,#00b9ee,0.0
S2B_MSIL2A_20220827T184919_R113_T11SKD_20220829T092520,2022-08-27,2B,11SKD,0.0,13004,0.0,0.998,0.0,0.0,0.0302,0.0381,0.0324,0.0268,0.0264,0.0251,0.0254,0.117,163.49,5.0,#62ae90,-0.1667
S2A_MSIL2A_20220829T183931_R070_T10SGJ_20220831T070926,2022-08-29,2A,10SGJ,0.2,13008,0.0,0.998,0.0,0.002,0.009,0.0052,0.0022,-0.0022,-0.0032,-0.0059,0.0012,0.171,230.22,1.0,#0091ff,0.0
S2A_MSIL2A_20220901T184931_R113_T10SGJ_20220902T112630,2022-09-01,2A,10SGJ,0.0,13008,0.0,0.999,0.0,0.0,0.0221,0.0234,0.0198,0.0142,0.0135,0.011,0.0128,0.141,191.96,4.0,#71a9ab,-0.3333
S2B_MSIL2A_20220903T183919_R070_T11SKD_20220904T051015,2022-09-03,2B,11SKD,0.0,13004,0.0,0.999,0.0,0.0,0.0048,0.0078,0.0008,-0.004,-0.0055,-0.0087,0.0013,0.19,,,,
S2B_MSIL2A_20220906T184919_R113_T10SGJ_20220907T132719,2022-09-06,2B,10SGJ,1.8,13008,0.0,0.999,0.0,0.0,0.0182,0.0224,0.0154,0.0085,0.0076,0.0055,0.0083,0.154,191.54,4.0,#4baeb1,-0.3333
S2A_MSIL2A_20220908T183931_R070_T11SKD_20220909T065925,2022-09-08,2A,11SKD,0.2,13004,0.0,0.999,0.0,0.0,0.0134,0.0087,0.0055,-0.0001,-0.0009,-0.0063,0.0002,0.271,220.4,3.0,#63a7d6,0.0
S2A_MSIL2A_20220911T184951_R113_T11SKD_20240719T070740,2022-09-11,2A,11SKD,38.5,13004,0.0,0.238,0.0,0.556,,,,,,,,,,,,
S2B_MSIL2A_20220913T183959_R070_T10SGJ_20240719T083246,2022-09-13,2B,10SGJ,31.4,13008,0.0,0.661,0.0,0.162,0.007,0.0095,0.0012,-0.0044,-0.0063,-0.0106,0.0016,0.199,,,,
S2B_MSIL2A_20220916T185019_R113_T11SKD_20240728T214058,2022-09-16,2B,11SKD,4.4,13004,0.0,0.999,0.0,0.0,0.0533,0.0544,0.0417,0.0272,0.0253,0.0195,0.0074,0.243,196.73,4.0,#8ea4a7,-0.0504
S2A_MSIL2A_20220918T184041_R070_T10SGJ_20240719T051011,2022-09-18,2A,10SGJ,54.9,13008,0.0,0.999,0.0,0.0,0.0064,0.0038,0.0017,-0.0015,-0.0025,-0.0071,0.0049,0.235,,,,
S2B_MSIL2A_20220923T184109_R070_T10SGJ_20220924T090738,2022-09-23,2B,10SGJ,0.0,13008,0.002,0.997,0.0,0.0,0.0023,0.0057,0.0,-0.0048,-0.0062,-0.0085,-0.0006,0.158,203.51,4.0,#00b9d9,0.0
S2B_MSIL2A_20220926T185129_R113_T10SGJ_20220927T125550,2022-09-26,2B,10SGJ,7.6,13008,0.0,0.146,0.0,0.828,,,,,,,,,,,,
S2A_MSIL2A_20220928T184151_R070_T11SKD_20220929T100526,2022-09-28,2A,11SKD,20.1,13004,0.0,0.999,0.0,0.0,0.0056,0.0038,0.0028,-0.0015,-0.0021,-0.0034,0.0038,0.16,,,,
S2A_MSIL2A_20221001T185211_R113_T10SGJ_20221002T114559,2022-10-01,2A,10SGJ,0.0,13008,0.0,1.0,0.0,0.0,0.0088,0.009,0.007,0.0017,0.0011,0.0001,0.0028,0.086,196.06,4.0,#64abb2,0.0
S2B_MSIL2A_20221003T184219_R070_T10SGJ_20221004T130204,2022-10-03,2B,10SGJ,0.0,13008,0.001,0.999,0.0,0.0,0.0034,0.007,0.0012,-0.004,-0.0048,-0.0068,-0.0001,0.141,200.02,4.0,#00b6ca,0.0
S2B_MSIL2A_20221006T185239_R113_T10SGJ_20240713T091041,2022-10-06,2B,10SGJ,0.0,13008,0.0,1.0,0.0,0.0,0.0081,0.0123,0.0067,0.0008,0.0003,-0.0004,0.0017,0.079,187.25,5.0,#41b0ad,0.0
S2A_MSIL2A_20221008T184301_R070_T11SKD_20221009T082739,2022-10-08,2A,11SKD,0.0,13004,0.001,0.999,0.0,0.0,0.0017,-0.0006,-0.0014,-0.0058,-0.0065,-0.0082,-0.0006,0.154,,,,
S2A_MSIL2A_20221011T185321_R113_T11SKD_20240708T181957,2022-10-11,2A,11SKD,0.2,13004,0.0,1.0,0.0,0.0,0.0103,0.0094,0.0067,0.0014,0.0006,-0.0002,0.0012,0.073,204.35,4.0,#66aaba,-0.3333
S2B_MSIL2A_20221013T184329_R070_T10SGJ_20240719T172345,2022-10-13,2B,10SGJ,0.0,13008,0.0,1.0,0.0,0.0,0.0028,0.0069,0.0011,-0.0038,-0.0048,-0.0058,0.0001,0.121,196.63,4.0,#00b8c7,0.0
S2B_MSIL2A_20221016T185349_R113_T10SGJ_20240710T230958,2022-10-16,2B,10SGJ,0.0,13008,0.0,1.0,0.0,0.0,0.005,0.0104,0.0057,-0.0001,-0.0008,-0.0013,0.0011,0.083,172.95,5.0,#44b19b,0.0
S2A_MSIL2A_20221018T184401_R070_T10SGJ_20240714T151641,2022-10-18,2A,10SGJ,59.7,13008,0.0,0.003,0.0,0.831,,,,,,,,,,,,
S2A_MSIL2A_20221021T185421_R113_T10SGJ_20221022T213440,2022-10-21,2A,10SGJ,0.0,13008,0.002,0.998,0.0,0.0,0.0067,0.0073,0.0055,0.0006,-0.0001,-0.0004,0.0016,0.071,191.0,4.0,#65abad,0.0
S2B_MSIL2A_20221023T184429_R070_T10SGJ_20221024T114550,2022-10-23,2B,10SGJ,33.7,13008,0.001,0.995,0.0,0.004,0.0021,0.0065,0.0007,-0.0044,-0.0057,-0.0066,-0.0001,0.125,194.36,4.0,#00bac5,0.0
S2B_MSIL2A_20221026T185449_R113_T11SKD_20221027T071649,2022-10-26,2B,11SKD,0.3,13004,0.002,0.998,0.0,0.0,0.0063,0.0113,0.0062,0.0005,-0.0001,-0.0005,0.0005,0.071,178.58,5.0,#4cafa2,0.0
S2A_MSIL2A_20221028T184501_R070_T11SKD_20221029T073626,2022-10-28,2A,11SKD,5.7,13004,0.0,0.997,0.0,0.0,0.0576,0.0544,0.0538,0.0475,0.0516,0.0633,0.0449,0.104,204.94,4.0,#8aa4ad,0.4409
S2A_MSIL2A_20221110T185621_R113_T10SGJ_20221111T032524,2022-11-10,2A,10SGJ,0.3,13008,0.02,0.979,0.0,0.0,-0.0342,-0.0309,-0.0257,-0.0247,-0.0269,-0.0236,-0.0033,0.18,,,,
S2B_MSIL2A_20221115T185639_R113_T10SGJ_20221116T115316,2022-11-15,2B,10SGJ,0.6,13008,0.002,0.995,0.0,0.002,-0.0099,-0.0016,-0.0048,-0.0088,-0.0104,-0.0097,0.0006,0.154,,,,
S2A_MSIL2A_20221117T184651_R070_T11SKD_20221118T080418,2022-11-17,2A,11SKD,3.0,13004,0.017,0.982,0.0,0.001,-0.0328,-0.0306,-0.0247,-0.0238,-0.0252,-0.0234,-0.0035,0.2,,,,
S2A_MSIL2A_20221120T185701_R113_T10SGJ_20221121T054432,2022-11-20,2A,10SGJ,7.3,13008,0.0,1.0,0.0,0.0,0.0342,0.0322,0.0285,0.0211,0.0191,0.0209,0.01,0.129,197.65,4.0,#95a2a4,-0.099
S2B_MSIL2A_20221122T184709_R070_T10SGJ_20221123T053552,2022-11-22,2B,10SGJ,8.8,13008,0.0,0.997,0.0,0.003,-0.0014,0.0078,0.0055,0.0046,0.0044,0.0077,0.0093,0.194,,,,
S2B_MSIL2A_20221125T185719_R113_T11SKD_20221202T063059,2022-11-25,2B,11SKD,53.2,13004,0.0,0.197,0.007,0.796,,,,,,,,,,,,
S2A_MSIL2A_20221127T184721_R070_T11SKD_20221130T211511,2022-11-27,2A,11SKD,0.6,13004,0.0,0.999,0.0,0.0,-0.0042,-0.0065,-0.0027,-0.0038,-0.0035,-0.0015,0.0057,0.158,,,,
S2A_MSIL2A_20221130T185741_R113_T10SGJ_20221202T210259,2022-11-30,2A,10SGJ,2.4,13008,0.003,0.997,0.0,0.0,-0.0093,-0.0062,-0.0048,-0.0071,-0.0086,-0.0077,0.0004,0.121,,,,
S2B_MSIL2A_20230302T184309_R070_T11SKD_20240803T225754,2023-03-02,2B,11SKD,0.1,13004,0.0,0.999,0.0,0.0,0.0248,0.0239,0.0139,0.0053,0.0034,0.004,0.0003,0.045,209.26,4.0,#76a7bb,-0.2346
S2A_MSIL2A_20230307T184221_R070_T11SKD_20230308T033502,2023-03-07,2A,11SKD,63.3,13004,0.0,0.105,0.0,0.895,,,,,,,,,,,,
S2B_MSIL2A_20230315T185139_R113_T10SGJ_20230316T052157,2023-03-15,2B,10SGJ,12.7,13008,0.0,0.996,0.0,0.003,-0.019,-0.0093,-0.0092,-0.0113,-0.0135,-0.0083,0.0034,0.263,,,,
S2A_MSIL2A_20230317T184111_R070_T11SKD_20240824T085235,2023-03-17,2A,11SKD,0.1,13004,0.0,0.999,0.0,0.001,0.033,0.0239,0.0206,0.0114,0.0096,0.009,0.0014,0.045,217.49,3.0,#93a1b3,-0.0989
S2A_MSIL2A_20230320T185101_R113_T11SKD_20230321T011745,2023-03-20,2A,11SKD,19.1,13004,0.0,1.0,0.0,0.0,0.0349,0.0283,0.0241,0.0158,0.0133,0.0131,0.0065,0.045,214.56,3.0,#91a2b2,-0.1553
S2B_MSIL2A_20230325T185029_R113_T11SKD_20230326T014744,2023-03-25,2B,11SKD,29.3,13004,0.0,0.517,0.002,0.481,0.1081,0.1101,0.1038,0.0955,0.0967,0.1034,0.0367,0.117,148.47,6.0,#a59f95,0.0101
S2A_MSIL2A_20230327T184001_R070_T11SKD_20230328T011031,2023-03-27,2A,11SKD,0.2,13004,0.0,0.998,0.0,0.002,0.0299,0.0186,0.0162,0.0084,0.0085,0.0068,0.0018,0.053,224.46,2.0,#91a0c0,0.0075
S2A_MSIL2A_20230330T184951_R113_T11SKD_20230331T022645,2023-03-30,2A,11SKD,25.3,13004,0.0,0.791,0.0,0.209,0.0397,0.0284,0.0232,0.0146,0.0134,0.0117,0.0055,0.049,222.52,2.0,#8fa1be,-0.0706
S2B_MSIL2A_20230401T183929_R070_T11SKD_20240827T023056,2023-04-01,2B,11SKD,29.9,13004,0.0,0.811,0.0,0.189,0.06055,0.0535,0.04185,0.03,0.029,0.0282,0.0109,0.041,212.76,3.0,#90a2b0,-0.0269
S2B_MSIL2A_20230404T184919_R113_T10SGJ_20230405T042621,2023-04-04,2B,10SGJ,14.5,13008,0.0,0.996,0.0,0.003,-0.0419,-0.0308,-0.0281,-0.0275,-0.03,-0.0261,-0.0001,0.282,,,,
S2A_MSIL2A_20230406T183921_R070_T11SKD_20240808T061838,2023-04-06,2A,11SKD,1.6,13004,0.0,1.0,0.0,0.0,0.0318,0.0236,0.0212,0.0133,0.0122,0.0119,0.0032,0.045,217.41,3.0,#96a1b0,-0.0576
S2A_MSIL2A_20230409T184921_R113_T10SGJ_20240807T012743,2023-04-09,2A,10SGJ,0.0,13008,0.0,1.0,0.0,0.0,-0.0274,-0.0208,-0.01625,-0.015,-0.0167,-0.0121,0.008,0.264,,,,
S2B_MSIL2A_20230411T183919_R070_T10SGJ_20230412T025255,2023-04-11,2B,10SGJ,60.6,13008,0.0,0.996,0.0,0.004,0.0567,0.0554,0.0465,0.0379,0.0384,0.0381,0.0147,0.079,199.23,4.0,#99a1a4,0.0107
S2B_MSIL2A_20230414T184919_R113_T10SGJ_20230415T004419,2023-04-14,2B,10SGJ,1.0,13008,0.0,0.998,0.0,0.002,-0.0408,-0.0285,-0.0247,-0.0221,-0.0233,-0.0164,0.0026,0.298,,,,
S2A_MSIL2A_20230419T184921_R113_T11SKD_20230420T014703,2023-04-19,2A,11SKD,6.1,13004,0.0,0.999,0.0,0.0,0.0562,0.0545,0.0521,0.0453,0.0448,0.0459,0.0331,0.083,189.53,5.0,#9aa1a0,-0.0209
S2B_MSIL2A_20230421T183919_R070_T10SGJ_20230422T023516,2023-04-21,2B,10SGJ,32.7,13008,0.0,1.0,0.0,0.0,0.0351,0.0353,0.0281,0.0211,0.0213,0.0211,0.0077,0.079,198.36,4.0,#93a3a6,0.0074
S2B_MSIL2A_20230424T184919_R113_T10SGJ_20230425T162856,2023-04-24,2B,10SGJ,1.0,13008,0.0,0.998,0.0,0.0,0.0019,0.0205,0.0239,0.0237,0.0239,0.029,0.0375,0.294,,,,
S2A_MSIL2A_20230426T183921_R070_T10SGJ_20230427T034531,2023-04-26,2A,10SGJ,0.2,13008,0.0,0.999,0.0,0.001,-0.0337,-0.0302,-0.0227,-0.0206,-0.0219,-0.0185,0.001,0.318,,,,
S2A_MSIL2A_20230429T184921_R113_T11SKD_20230430T032355,2023-04-29,2A,11SKD,2.6,13004,0.0,0.999,0.0,0.0,0.0094,0.0098,0.0114,0.0093,0.0097,0.0126,0.0113,0.267,,,,
S2B_MSIL2A_20230501T183919_R070_T10SGJ_20240901T010922,2023-05-01,2B,10SGJ,25.7,13008,0.0,1.0,0.0,0.0,-0.0124,-0.0033,-0.006,-0.0067,-0.0084,-0.0066,0.0108,0.286,,,,
S2A_MSIL2A_20230509T184921_R113_T11SKD_20240812T112451,2023-05-09,2A,11SKD,27.7,13004,0.0,0.0,0.041,0.945,,,,,,,,,,,,
S2B_MSIL2A_20230511T183919_R070_T10SGJ_20230512T023517,2023-05-11,2B,10SGJ,3.8,13008,0.0,0.998,0.0,0.0,0.0276,0.035,0.031,0.0281,0.0299,0.034,0.0268,0.31,139.26,6.0,#64b076,0.4091
S2B_MSIL2A_20230514T184919_R113_T10SGJ_20230515T030100,2023-05-14,2B,10SGJ,28.5,13008,0.0,0.105,0.0,0.889,,,,,,,,,,,,
S2A_MSIL2A_20230516T183921_R070_T10SGJ_20230517T034731,2023-05-16,2A,10SGJ,0.1,13008,0.0,1.0,0.0,0.0,-0.0012,-0.0044,-0.0049,-0.009,-0.012,-0.0142,0.0005,0.316,,,,
S2A_MSIL2A_20230519T184921_R113_T10SGJ_20230520T014848,2023-05-19,2A,10SGJ,0.1,13008,0.0,1.0,0.0,0.0,0.0451,0.0563,0.0519,0.0457,0.0438,0.0429,0.0462,0.297,135.88,6.0,#4db36a,0.0
S2B_MSIL2A_20230521T183929_R070_T10SGJ_20230522T021720,2023-05-21,2B,10SGJ,6.1,13008,0.0,0.999,0.0,0.0,0.0093,0.0105,0.0026,-0.004,-0.0064,-0.012,-0.0012,0.309,211.55,3.0,#00aed4,0.0
S2B_MSIL2A_20230524T184919_R113_T10SGJ_20240907T195024,2023-05-24,2B,10SGJ,28.9,13008,0.0,0.998,0.0,0.0,0.1044,0.1255,0.1178,0.1067,0.1063,0.1004,0.0897,0.289,116.16,7.0,#91a77d,-0.0119
S2A_MSIL2A_20230526T183921_R070_T10SGJ_20230527T022743,2023-05-26,2A,10SGJ,65.8,13008,0.0,0.504,0.0,0.495,0.0238,0.0136,0.0093,0.0023,-0.0004,-0.0098,0.0068,0.334,232.11,1.0,#3e8bff,0.0
S2A_MSIL2A_20230529T184921_R113_T10SGJ_20240912T002230,2023-05-29,2A,10SGJ,41.4,13008,0.0,0.0,0.0,0.96,,,,,,,,,,,,
S2B_MSIL2A_20230531T183919_R070_T11SKD_20240909T014906,2023-05-31,2B,11SKD,17.6,13004,0.0,0.999,0.0,0.0,0.0019,0.0046,-0.0025,-0.0076,-0.01,-0.0163,-0.0018,0.328,,,,
S2B_MSIL2A_20230603T184919_R113_T10SGJ_20240816T181839,2023-06-03,2B,10SGJ,0.1,13008,0.0,0.14,0.0,0.068,,,,,,,,,,,,
S2A_MSIL2A_20230605T183921_R070_T10SGJ_20240913T054917,2023-06-05,2A,10SGJ,18.3,13008,0.0,0.841,0.0,0.14,0.0154,0.0125,0.0111,0.0056,0.0029,-0.005,0.0093,0.311,226.95,2.0,#62a3ec,0.0
S2A_MSIL2A_20230608T184921_R113_T11SKD_20240913T014258,2023-06-08,2A,11SKD,31.9,13004,0.0,0.915,0.0,0.084,0.1362,0.1522,0.1441,0.1339,0.1346,0.1237,0.1145,0.308,132.04,7.0,#94a589,0.0177
S2B_MSIL2A_20230613T184919_R113_T10SGJ_20240812T141354,2023-06-13,2B,10SGJ,40.1,13008,0.0,0.38,0.0,0.109,,,,,,,,,,,,
S2A_MSIL2A_20230615T183921_R070_T10SGJ_20230616T035757,2023-06-15,2A,10SGJ,12.1,13008,0.0,0.999,0.0,0.0,-0.0016,-0.0035,-0.0034,-0.0062,-0.0096,-0.0167,0.0011,0.331,,,,
S2A_MSIL2A_20230618T184921_R113_T11SKD_20230619T034033,2023-06-18,2A,11SKD,22.4,13004,0.0,0.977,0.0,0.017,0.1037,0.1088,0.1051,0.0977,0.0977,0.0897,0.0866,0.158,155.92,6.0,#94a493,0.0
S2B_MSIL2A_20230620T183919_R070_T11SKD_20230621T014159,2023-06-20,2B,11SKD,2.4,13004,0.0,0.999,0.0,0.0,0.0036,0.0086,0.004,0.0002,-0.0031,-0.0086,0.0054,0.263,,,,
S2B_MSIL2A_20230623T184919_R113_T10SGJ_20240813T092536,2023-06-23,2B,10SGJ,9.7,13008,0.0,0.501,0.0,0.049,0.0111,0.0115,0.0072,0.0006,-0.0009,-0.0053,0.0018,0.207,203.14,4.0,#56acbc,0.0
S2A_MSIL2A_20230625T183921_R070_T11SKD_20240814T070008,2023-06-25,2A,11SKD,20.5,13004,0.0,0.341,0.0,0.595,,,,,,,,,,,,
S2A_MSIL2A_20230628T184921_R113_T11SKD_20240814T061321,2023-06-28,2A,11SKD,5.5,13004,0.0,0.014,0.0,0.157,,,,,,,,,,,,
S2B_MSIL2A_20230630T183929_R070_T11SKD_20230701T025141,2023-06-30,2B,11SKD,0.0,13004,0.0,0.999,0.0,0.0,0.0031,0.0074,0.0024,-0.0021,-0.0049,-0.0102,0.0024,0.239,,,,
S2B_MSIL2A_20230703T184919_R113_T10SGJ_20230704T004145,2023-07-03,2B,10SGJ,0.3,13008,0.0,0.996,0.0,0.001,0.108,0.132,0.1292,0.1226,0.1232,0.119,0.11,0.182,80.33,10.0,#97a750,0.0233
S2A_MSIL2A_20230705T183921_R070_T11SKD_20230706T015539,2023-07-05,2A,11SKD,0.3,13004,0.0,0.998,0.0,0.0,0.0078,0.0067,0.0066,0.0019,-0.001,-0.0082,0.0053,0.29,218.88,3.0,#7da4c5,0.0
S2A_MSIL2A_20230708T184921_R113_T10SGJ_20241014T134017,2023-07-08,2A,10SGJ,0.5,13008,0.0,0.028,0.0,0.0,,,,,,,,,,,,
S2B_MSIL2A_20230710T183929_R070_T11SKD_20230711T032148,2023-07-10,2B,11SKD,0.0,13004,0.0,0.999,0.0,0.0,0.0073,0.0126,0.0082,0.0022,-0.0008,-0.0073,0.0051,0.231,170.14,5.0,#29b397,0.0
S2B_MSIL2A_20230713T184939_R113_T10SGJ_20230714T033756,2023-07-13,2B,10SGJ,0.1,13008,0.0,0.995,0.0,0.003,0.1051,0.1278,0.1236,0.1148,0.1146,0.1121,0.1002,0.125,90.19,9.0,#95a765,-0.0069
S2A_MSIL2A_20230715T183921_R070_T11SKD_20241007T071034,2023-07-15,2A,11SKD,0.0,13004,0.0,0.999,0.0,0.0,0.0072,0.0051,0.0047,0.0,-0.0026,-0.0092,0.003,0.251,224.86,2.0,#76a3d7,0.0
S2A_MSIL2A_20230718T184921_R113_T10SGJ_20241014T064349,2023-07-18,2A,10SGJ,4.2,13008,0.0,0.069,0.0,0.052,,,,,,,,,,,,
S2B_MSIL2A_20230720T183929_R070_T10SGJ_20241029T194923,2023-07-20,2B,10SGJ,0.0,13008,0.0,0.999,0.0,0.0,0.007,0.0109,0.0059,0.0005,-0.0019,-0.006,0.0033,0.195,188.73,5.0,#00b2b2,0.0
S2B_MSIL2A_20230723T184929_R113_T11SKD_20230724T001821,2023-07-23,2B,11SKD,23.1,13004,0.0,0.092,0.0,0.908,,,,,,,,,,,,
S2A_MSIL2A_20230725T183921_R070_T10SGJ_20240906T154600,2023-07-25,2A,10SGJ,1.1,13008,0.0,0.413,0.0,0.0,,,,,,,,,,,,
S2A_MSIL2A_20230728T184921_R113_T10SGJ_20240911T130101,2023-07-28,2A,10SGJ,0.1,13008,0.0,0.02,0.0,0.0,,,,,,,,,,,,
S2B_MSIL2A_20230730T183929_R070_T10SGJ_20230731T014245,2023-07-30,2B,10SGJ,0.4,13008,0.0,0.999,0.0,0.0,0.0065,0.0104,0.0059,0.001,-0.001,-0.0045,0.0046,0.174,186.44,5.0,#00b7b3,0.0
S2B_MSIL2A_20230802T184919_R113_T10SGJ_20230803T003634,2023-08-02,2B,10SGJ,3.0,13008,0.0,0.997,0.0,0.0,0.0581,0.073,0.0683,0.061,0.0611,0.0583,0.0544,0.137,111.95,7.0,#87aa6e,0.0075
S2A_MSIL2A_20230804T183921_R070_T11SKD_20230805T031015,2023-08-04,2A,11SKD,1.2,13004,0.0,0.995,0.0,0.0,0.0068,0.005,0.0053,0.0023,0.0013,-0.0031,0.0096,0.295,,,,
S2A_MSIL2A_20230807T184921_R113_T10SGJ_20240823T115518,2023-08-07,2A,10SGJ,0.0,13008,0.0,0.406,0.0,0.0,,,,,,,,,,,,
S2B_MSIL2A_20230809T183929_R070_T10SGJ_20230810T021032,2023-08-09,2B,10SGJ,2.3,13008,0.0,0.999,0.0,0.0,0.0017,0.0056,0.0011,-0.0035,-0.0056,-0.0094,0.0016,0.19,,,,
S2B_MSIL2A_20230812T184919_R113_T10SGJ_20241018T051857,2023-08-12,2B,10SGJ,0.5,13008,0.0,0.999,0.0,0.0,0.0337,0.0446,0.0401,0.0331,0.0331,0.0293,0.0302,0.146,133.5,6.0,#77ad79,0.0
S2A_MSIL2A_20230817T184921_R113_T10SGJ_20241024T064252,2023-08-17,2A,10SGJ,20.9,13008,0.0,0.961,0.0,0.033,0.0268,0.0269,0.0236,0.0159,0.01505,0.0107,0.0133,0.15,193.07,4.0,#7da7aa,-0.1954
S2B_MSIL2A_20230819T183929_R070_T11SKD_20230820T011118,2023-08-19,2B,11SKD,14.9,13004,0.0,0.699,0.0,0.283,0.1043,0.1033,0.0932,0.08665,0.0958,0.1049,0.073,0.231,208.62,4.0,#8fa3ae,0.251
S2B_MSIL2A_20230822T184919_R113_T10SGJ_20241016T063951,2023-08-22,2B,10SGJ,65.2,13008,0.0,0.402,0.0,0.597,,,,,,,,,,,,
S2A_MSIL2A_20230824T183921_R070_T10SGJ_20240913T190319,2023-08-24,2A,10SGJ,1.7,13008,0.0,0.293,0.0,0.362,,,,,,,,,,,,
S2A_MSIL2A_20230827T184921_R113_T11SKD_20230828T052225,2023-08-27,2A,11SKD,0.0,13004,0.0,0.999,0.0,0.0,0.0216,0.0244,0.0227,0.0168,0.0156,0.014,0.0153,0.125,164.49,5.0,#7baa94,-0.6667
S2B_MSIL2A_20230829T183929_R070_T11SKD_20240821T160323,2023-08-29,2B,11SKD,0.0,13004,0.0,0.999,0.0,0.0,0.0051,0.0082,0.0034,-0.0017,-0.0031,-0.0054,0.0015,0.138,196.17,4.0,#00b3be,0.0
S2A_MSIL2A_20230906T184921_R113_T10SGJ_20241024T135951,2023-09-06,2A,10SGJ,3.8,13008,0.0,0.993,0.0,0.0,0.0181,0.0199,0.0189,0.013,0.0124,0.0108,0.0128,0.123,168.16,5.0,#71ab97,-0.3333
S2B_MSIL2A_20230908T183919_R070_T11SKD_20240824T172409,2023-09-08,2B,11SKD,0.0,13004,0.0,0.999,0.0,0.0,-0.0001,0.0039,-0.0002,-0.0044,-0.0062,-0.0087,0.0003,0.175,,,,
S2B_MSIL2A_20230911T184939_R113_T10SGJ_20240824T204432,2023-09-11,2B,10SGJ,4.4,13008,0.0,0.812,0.0,0.106,0.018,0.0208,0.0156,0.0075,0.006,0.0046,0.0052,0.109,187.64,5.0,#73aaa7,-0.4839
S2A_MSIL2A_20230913T184001_R070_T10SGJ_20241104T103229,2023-09-13,2A,10SGJ,6.6,13008,0.0,0.99,0.0,0.01,0.01,0.0061,0.005,-0.0007,-0.002,-0.0049,0.0009,0.179,220.71,3.0,#71a5cf,0.0
S2A_MSIL2A_20230916T185021_R113_T11SKD_20240825T233500,2023-09-16,2A,11SKD,19.9,13004,0.0,0.026,0.0,0.651,,,,,,,,,,,,
S2B_MSIL2A_20230918T183939_R070_T11SKD_20230919T032601,2023-09-18,2B,11SKD,2.5,13004,0.0,0.99,0.0,0.01,0.0001,0.0039,-0.0006,-0.0051,-0.0067,-0.0095,-0.0003,0.19,,,,
S2B_MSIL2A_20230921T185009_R113_T10SGJ_20230922T022305,2023-09-21,2B,10SGJ,50.6,13008,0.0,0.053,0.0,0.946,,,,,,,,,,,,
S2A_MSIL2A_20230923T184111_R070_T11SKD_20230924T024654,2023-09-23,2A,11SKD,0.0,13004,0.0,0.999,0.0,0.0,-0.0005,-0.0025,-0.002,-0.0056,-0.0071,-0.0093,-0.0006,0.174,,,,
S2A_MSIL2A_20230926T185131_R113_T11SKD_20230927T021420,2023-09-26,2A,11SKD,7.6,13004,0.0,0.999,0.0,0.0,0.0156,0.0174,0.017,0.0118,0.0107,0.0097,0.0118,0.108,158.64,6.0,#74ac8e,0.0
S2B_MSIL2A_20230928T184049_R070_T10SGJ_20230929T014355,2023-09-28,2B,10SGJ,0.0,13008,0.0,0.999,0.0,0.0,0.0027,0.0068,0.0028,-0.0024,-0.0035,-0.0052,0.0008,0.154,177.5,5.0,#00b4a3,0.0
S2A_MSIL2A_20231003T184221_R070_T10SGJ_20231004T022552,2023-10-03,2A,10SGJ,42.9,13008,0.0,0.997,0.0,0.003,0.008,0.0044,0.0035,-0.0017,-0.0024,-0.0039,0.0005,0.129,224.12,2.0,#72a4d8,0.0
S2A_MSIL2A_20231006T185241_R113_T10SGJ_20231007T022251,2023-10-06,2A,10SGJ,0.0,13008,0.0,0.999,0.0,0.0,0.0055,0.0057,0.0049,0.0,-0.0013,-0.0021,0.0012,0.096,185.15,5.0,#70aaa6,0.0
S2B_MSIL2A_20231008T184249_R070_T11SKD_20231009T012320,2023-10-08,2B,11SKD,0.0,13004,0.001,0.999,0.0,0.0,0.0023,0.0063,0.0016,-0.0034,-0.0045,-0.0066,-0.0002,0.154,186.49,5.0,#00b5b1,0.0
S2B_MSIL2A_20231011T185319_R113_T11SKD_20240917T161744,2023-10-11,2B,11SKD,9.3,13004,0.0,1.0,0.0,0.0,0.0033,0.0083,0.0046,-0.0008,-0.0015,-0.0022,0.0003,0.075,166.84,5.0,#4db193,0.0
S2A_MSIL2A_20231013T184321_R070_T11SKD_20231014T012518,2023-10-13,2A,11SKD,2.8,13004,0.001,0.999,0.0,0.0,-0.0037,-0.0047,-0.0033,-0.0067,-0.0078,-0.0091,-0.0008,0.158,,,,
S2A_MSIL2A_20231016T185351_R113_T10SGJ_20231017T011354,2023-10-16,2A,10SGJ,35.3,13008,0.0,0.981,0.0,0.016,0.1092,0.1084,0.10295,0.0941,0.1016,0.11995,0.0935,0.129,203.97,4.0,#66aaba,0.8621
S2B_MSIL2A_20231018T184359_R070_T10SGJ_20231019T155652,2023-10-18,2B,10SGJ,0.0,13008,0.003,0.997,0.0,0.0,0.0068,0.0107,0.0053,-0.0009,-0.0023,-0.0041,0.0002,0.123,187.91,5.0,#45afad,0.0
S2B_MSIL2A_20231021T185419_R113_T10SGJ_20231021T221502,2023-10-21,2B,10SGJ,7.7,13008,0.0,0.999,0.0,0.0,0.005,0.0103,0.0063,0.0007,-0.0001,-0.0006,0.0013,0.087,168.05,5.0,#50b095,0.0
S2A_MSIL2A_20231023T184431_R070_T10SGJ_20231023T231900,2023-10-23,2A,10SGJ,19.0,13008,0.001,0.999,0.0,0.0,0.0064,0.0037,0.0035,-0.0011,-0.0017,-0.0023,0.0007,0.1,220.64,3.0,#7aa4ca,0.0
S2A_MSIL2A_20231026T185451_R113_T10SGJ_20241107T143556,2023-10-26,2A,10SGJ,3.3,13008,0.0,1.0,0.0,0.0,0.0,0.0014,0.0009,-0.0032,-0.005,-0.0048,-0.0006,0.096,141.84,6.0,#6bae7c,0.0
S2B_MSIL2A_20231028T184459_R070_T11SKD_20241031T003724,2023-10-28,2B,11SKD,0.3,13004,0.0,1.0,0.0,0.0,-0.0041,0.0016,-0.0022,-0.0061,-0.0068,-0.0081,-0.0007,0.129,,,,
S2B_MSIL2A_20231031T185529_R113_T11SKD_20231031T221641,2023-10-31,2B,11SKD,15.3,13004,0.0,0.997,0.0,0.0,0.0459,0.05025,0.0461,0.0404,0.0417,0.0508,0.034,0.096,168.57,5.0,#8ca697,0.0922
S2A_MSIL2A_20231102T184531_R070_T10SGJ_20241022T213142,2023-11-02,2A,10SGJ,17.7,13008,0.0,0.62,0.0,0.0,0.0244,0.021,0.0206,0.0161,0.0174,0.0197,0.0185,0.134,228.25,1.0,#79a1e2,0.0
S2A_MSIL2A_20231105T185551_R113_T11SKD_20240927T161116,2023-11-05,2A,11SKD,53.0,13004,0.0,0.0,0.0,1.0,,,,,,,,,,,,
S2B_MSIL2A_20231107T184559_R070_T10SGJ_20241112T092502,2023-11-07,2B,10SGJ,48.8,13008,0.0,0.264,0.0,0.734,,,,,,,,,,,,
S2B_MSIL2A_20231110T185619_R113_T11SKD_20231110T220758,2023-11-10,2B,11SKD,4.5,13004,0.005,0.995,0.0,0.0,0.0003,0.0059,0.0025,-0.0031,-0.0048,-0.0047,-0.0006,0.091,153.89,6.0,#3db381,0.0
S2A_MSIL2A_20231112T184621_R070_T10SGJ_20231112T223601,2023-11-12,2A,10SGJ,45.7,13008,0.001,0.998,0.0,0.0,0.0034,0.0012,0.0016,-0.0026,-0.0035,-0.0034,0.0012,0.104,,,,
S2B_MSIL2A_20231117T184649_R070_T10SGJ_20240902T054928,2023-11-17,2B,10SGJ,47.4,13008,0.0,0.009,0.0,0.232,,,,,,,,,,,,
S2B_MSIL2A_20231120T185659_R113_T10SGJ_20240927T053625,2023-11-20,2B,10SGJ,0.0,13008,0.0,1.0,0.0,0.0,-0.0026,0.0035,-0.0004,-0.0048,-0.0067,-0.0065,-0.0012,0.089,168.78,5.0,#00bc94,0.0
S2A_MSIL2A_20231122T184701_R070_T10SGJ_20231122T230810,2023-11-22,2A,10SGJ,10.6,13008,0.001,0.999,0.0,0.0,0.0069,0.0033,0.0036,-0.0005,-0.0012,0.0001,0.0035,0.101,,,,
S2A_MSIL2A_20231125T185721_R113_T10SGJ_20231125T231557,2023-11-25,2A,10SGJ,4.3,13008,0.011,0.989,0.0,0.0,0.0016,0.0022,0.0019,-0.0019,-0.0028,-0.0031,-0.0003,0.075,167.35,5.0,#74ab96,0.0
S2B_MSIL2A_20231127T184719_R070_T11SKD_20231127T223623,2023-11-27,2B,11SKD,0.2,13004,0.01,0.99,0.0,0.0,0.0,0.0054,0.0007,-0.0036,-0.004,-0.0043,-0.0004,0.079,170.78,5.0,#00bb98,0.0
S2B_MSIL2A_20231130T185739_R113_T11SKD_20241031T042024,2023-11-30,2B,11SKD,66.1,13004,0.0,0.002,0.0,0.93,,,,,,,,,,,,
S2A_MSIL2A_20240304T185251_R113_T11SKD_20240305T003714,2024-03-04,2A,11SKD,52.7,13004,0.0,0.994,0.001,0.004,0.1035,0.09355,0.0866,0.0769,0.0779,0.08,0.0341,0.041,207.4,4.0,#a19fa2,0.0115
S2B_MSIL2A_20240306T184229_R070_T11SKD_20240307T002611,2024-03-06,2B,11SKD,24.7,13004,0.0,0.626,0.006,0.368,0.1454,0.1443,0.1349,0.1257,0.1322,0.138,0.0459,0.045,163.87,5.0,#a59f98,0.0391
S2B_MSIL2A_20240309T185109_R113_T11SKD_20240309T232248,2024-03-09,2B,11SKD,67.0,13004,0.0,0.286,0.0,0.714,,,,,,,,,,,,
S2A_MSIL2A_20240311T184151_R070_T11SKD_20240313T144126,2024-03-11,2A,11SKD,50.7,13004,0.0,0.543,0.0,0.457,0.0497,0.0363,0.0289,0.0184,0.0165,0.0158,0.0074,0.062,222.2,2.0,#8da1bf,-0.0945
S2A_MSIL2A_20240314T185131_R113_T10SGJ_20240315T021431,2024-03-14,2A,10SGJ,6.2,13008,0.0,0.995,0.0,0.005,-0.022,-0.0187,-0.0142,-0.0131,-0.0158,-0.0114,0.0039,0.202,,,,
S2B_MSIL2A_20240316T184019_R070_T11SKD_20240317T010056,2024-03-16,2B,11SKD,0.0,13004,0.003,0.997,0.0,0.0,-0.003,-0.0042,-0.0086,-0.0112,-0.0091,-0.0099,-0.0003,0.096,,,,
S2B_MSIL2A_20240319T185009_R113_T11SKD_20240319T230659,2024-03-19,2B,11SKD,0.0,13004,0.003,0.997,0.0,0.0,-0.0449,-0.0347,-0.0321,-0.0295,-0.0309,-0.027,-0.0027,0.267,,,,
S2A_MSIL2A_20240321T184041_R070_T11SKD_20240322T011940,2024-03-21,2A,11SKD,0.0,13004,0.0,0.999,0.0,0.0,-0.036,-0.0344,-0.0284,-0.0258,-0.0275,-0.0252,-0.0019,0.285,,,,
S2A_MSIL2A_20240324T185021_R113_T10SGJ_20240325T033835,2024-03-24,2A,10SGJ,69.2,13008,0.0,0.176,0.0,0.824,,,,,,,,,,,,
S2B_MSIL2A_20240326T183929_R070_T11SKD_20240327T004822,2024-03-26,2B,11SKD,41.3,13004,0.0,0.984,0.0,0.016,0.0346,0.0319,0.0205,0.0111,0.0092,0.0086,0.0026,0.045,211.7,3.0,#80a5b9,-0.1258
S2A_MSIL2A_20240331T183921_R070_T11SKD_20240401T034455,2024-03-31,2A,11SKD,60.2,13004,0.0,0.012,0.0,0.988,,,,,,,,,,,,
S2A_MSIL2A_20240403T184911_R113_T11SKD_20240404T024816,2024-04-03,2A,11SKD,26.9,13004,0.0,1.0,0.0,0.0,0.0368,0.0316,0.0269,0.0197,0.0178,0.0172,0.0118,0.041,214.31,3.0,#8ea2b4,-0.1367
S2B_MSIL2A_20240408T184919_R113_T10SGJ_20240411T084621,2024-04-08,2B,10SGJ,2.4,13008,0.0,1.0,0.0,0.0,-0.0045,0.0081,0.0071,0.006,0.0049,0.0076,0.0155,0.227,,,,
S2A_MSIL2A_20240410T183921_R070_T11SKD_20240411T021513,2024-04-10,2A,11SKD,16.2,13004,0.0,0.997,0.001,0.0,0.1109,0.0974,0.0949,0.0878,0.0937,0.0943,0.045,0.058,215.8,3.0,#a69ea1,0.0645
S2A_MSIL2A_20240413T184921_R113_T11SKD_20240414T034705,2024-04-13,2A,11SKD,60.8,13004,0.0,0.109,0.062,0.828,,,,,,,,,,,,
S2B_MSIL2A_20240415T183919_R070_T10SGJ_20240416T002401,2024-04-15,2B,10SGJ,10.2,13008,0.0,1.0,0.0,0.0,-0.0099,-0.0054,-0.0111,-0.0132,-0.0157,-0.0161,-0.0002,0.287,,,,
S2B_MSIL2A_20240418T184919_R113_T11SKD_20240419T002051,2024-04-18,2B,11SKD,0.0,13004,0.001,0.999,0.0,0.0,-0.0167,-0.0113,-0.0135,-0.0163,-0.0183,-0.0203,-0.0021,0.299,,,,
S2A_MSIL2A_20240420T183921_R070_T10SGJ_20240421T052555,2024-04-20,2A,10SGJ,0.3,13008,0.002,0.998,0.0,0.0,-0.0046,-0.008,-0.009,-0.012,-0.0147,-0.0169,-0.0026,0.28,,,,
S2A_MSIL2A_20240423T184931_R113_T10SGJ_20240424T032310,2024-04-23,2A,10SGJ,69.3,13008,0.0,0.686,0.0,0.31,0.0459,0.0325,0.0251,0.0161,0.0146,0.01,0.0116,0.243,224.95,2.0,#7da2d3,-0.2
S2B_MSIL2A_20240425T183919_R070_T11SKD_20240426T013918,2024-04-25,2B,11SKD,35.8,13004,0.0,0.995,0.0,0.004,0.0303,0.0296,0.0197,0.0122,0.0109,0.0098,0.0085,0.129,210.73,3.0,#6ea8bf,-0.2131
S2B_MSIL2A_20240428T184919_R113_T10SGJ_20240428T234120,2024-04-28,2B,10SGJ,4.8,13008,0.0,0.94,0.0,0.058,0.0212,0.0296,0.0232,0.0171,0.0136,0.0117,0.0195,0.263,164.94,5.0,#00b58f,0.0
S2A_MSIL2A_20240430T183921_R070_T11SKD_20240501T011605,2024-04-30,2A,11SKD,0.2,13004,0.0,1.0,0.0,0.0,-0.0061,-0.0087,-0.009,-0.0106,-0.0134,-0.0175,0.0012,0.345,,,,
S2A_MSIL2A_20240503T184921_R113_T10SGJ_20240504T022400,2024-05-03,2A,10SGJ,0.7,13008,0.0,1.0,0.0,0.0,0.0373,0.0446,0.0407,0.0353,0.0336,0.0318,0.032,0.274,146.62,6.0,#7eaa87,-0.3469
S2B_MSIL2A_20240505T183919_R070_T10SGJ_20240505T231747,2024-05-05,2B,10SGJ,36.8,13008,0.0,1.0,0.0,0.0,0.0308,0.0306,0.0207,0.0127,0.0109,0.0113,0.0068,0.045,207.94,4.0,#7aa6b7,-0.18
S2B_MSIL2A_20240508T184919_R113_T11SKD_20240508T234208,2024-05-08,2B,11SKD,0.0,13004,0.0,0.997,0.0,0.0,0.0713,0.0803,0.0731,0.0655,0.0631,0.0619,0.0559,0.162,161.98,6.0,#8aa793,-0.1429
S2A_MSIL2A_20240510T183921_R070_T11SKD_20240511T010757,2024-05-10,2A,11SKD,0.5,13004,0.0,0.999,0.0,0.0,-0.0001,-0.0033,-0.0041,-0.0061,-0.0083,-0.0132,0.0056,0.326,,,,
S2A_MSIL2A_20240513T184921_R113_T10SGJ_20240514T024438,2024-05-13,2A,10SGJ,3.0,13008,0.0,0.999,0.0,0.0,0.0853,0.0964,0.09,0.0829,0.0823,0.0769,0.0713,0.258,141.07,6.0,#90a68b,-0.0265
S2B_MSIL2A_20240515T183919_R070_T10SGJ_20240516T010936,2024-05-15,2B,10SGJ,0.0,13008,0.0,0.999,0.0,0.0,0.0024,0.0045,-0.0025,-0.0067,-0.009,-0.0127,-0.0012,0.242,,,,
S2B_MSIL2A_20240518T184919_R113_T10SGJ_20240518T231100,2024-05-18,2B,10SGJ,0.3,13008,0.0,0.997,0.0,0.0,0.0727,0.0917,0.0836,0.0768,0.0757,0.0739,0.0663,0.263,116.9,7.0,#8aa977,-0.0553
S2A_MSIL2A_20240520T183921_R070_T11SKD_20240521T022402,2024-05-20,2A,11SKD,5.0,13004,0.0,0.999,0.0,0.0,0.0025,-0.0001,-0.0009,-0.0031,-0.0054,-0.0109,0.0041,0.322,,,,
S2A_MSIL2A_20240523T184921_R113_T11SKD_20240524T025052,2024-05-23,2A,11SKD,19.8,13004,0.0,0.88,0.0,0.116,0.0995,0.1087,0.1027,0.0948,0.095,0.0952,0.0801,0.137,147.47,6.0,#94a48f,0.0068
S2B_MSIL2A_20240525T183919_R070_T11SKD_20240525T231731,2024-05-25,2B,11SKD,2.7,13004,0.0,0.998,0.0,0.0,0.0065,0.0121,0.0058,0.0028,0.0,-0.0051,0.0089,0.287,,,,
S2B_MSIL2A_20240528T184919_R113_T10SGJ_20240529T061746,2024-05-28,2B,10SGJ,1.1,13008,0.0,0.993,0.0,0.004,0.0906,0.1104,0.1033,0.0965,0.0961,0.0954,0.0855,0.182,107.08,8.0,#8da970,-0.0185
S2A_MSIL2A_20240530T183921_R070_T10SGJ_20240531T022320,2024-05-30,2A,10SGJ,8.9,13008,0.0,0.979,0.0,0.019,0.0157,0.0124,0.0117,0.0088,0.0089,0.0076,0.0126,0.222,,,,
S2A_MSIL2A_20240602T184921_R113_T10SGJ_20240603T032329,2024-06-02,2A,10SGJ,3.8,13008,0.0,0.971,0.0,0.027,0.1303,0.1375,0.1344,0.1284,0.1351,0.1375,0.1139,0.234,123.9,7.0,#9ba38a,0.1877
S2B_MSIL2A_20240604T183919_R070_T11SKD_20240604T234025,2024-06-04,2B,11SKD,0.0,13004,0.0,0.999,0.0,0.0,-0.0016,0.0015,-0.0046,-0.0079,-0.0098,-0.0134,-0.0006,0.214,,,,
S2B_MSIL2A_20240607T184919_R113_T10SGJ_20240608T003436,2024-06-07,2B,10SGJ,0.3,13008,0.0,0.758,0.0,0.239,0.1169,0.1429,0.1356,0.1286,0.1289,0.1275,0.1151,0.133,93.14,9.0,#90a95f,0.011
S2A_MSIL2A_20240609T183921_R070_T10SGJ_20240610T024930,2024-06-09,2A,10SGJ,0.6,13008,0.0,0.999,0.0,0.0,0.0113,0.009,0.0072,0.0036,0.0016,-0.0028,0.0066,0.201,230.44,1.0,#0b90ff,0.0
S2A_MSIL2A_20240612T184921_R113_T10SGJ_20240613T042103,2024-06-12,2A,10SGJ,0.1,13008,0.0,0.837,0.0,0.162,0.09,0.1074,0.1035,0.0962,0.098,0.0964,0.0872,0.129,96.54,8.0,#8fa964,0.0909
S2B_MSIL2A_20240614T183919_R070_T11SKD_20240615T002120,2024-06-14,2B,11SKD,0.0,13004,0.0,0.998,0.0,0.0,0.0142,0.0192,0.0128,0.0084,0.006,0.0012,0.0116,0.198,192.32,4.0,#00b9bf,0.0
S2B_MSIL2A_20240617T184919_R113_T10SGJ_20240618T011401,2024-06-17,2B,10SGJ,1.5,13008,0.0,0.983,0.0,0.014,0.1039,0.1244,0.1194,0.1136,0.1133,0.1144,0.1024,0.117,89.99,9.0,#92a85d,-0.0136
S2A_MSIL2A_20240619T183921_R070_T10SGJ_20240620T022220,2024-06-19,2A,10SGJ,0.1,13008,0.0,0.998,0.0,0.0,0.0081,0.0061,0.0046,0.001,-0.0014,-0.0059,0.0043,0.202,231.88,1.0,#0082ff,0.0
S2A_MSIL2A_20240622T184921_R113_T10SGJ_20240623T023318,2024-06-22,2A,10SGJ,0.3,13008,0.0,0.907,0.0,0.09,0.1229,0.1439,0.1405,0.1344,0.1359,0.1331,0.1209,0.149,82.27,10.0,#98a75b,0.0526
S2B_MSIL2A_20240624T183919_R070_T10SGJ_20240625T002515,2024-06-24,2B,10SGJ,4.9,13008,0.0,0.995,0.0,0.005,0.0201,0.0234,0.0162,0.0111,0.0092,0.0039,0.0132,0.186,203.37,4.0,#00b1c8,0.0
S2B_MSIL2A_20240627T184919_R113_T10SGJ_20240628T002848,2024-06-27,2B,10SGJ,0.4,13008,0.0,0.99,0.0,0.008,0.1093,0.1291,0.1243,0.1173,0.1178,0.1146,0.10565,0.104,94.05,8.0,#92a866,0.021
S2A_MSIL2A_20240629T183921_R070_T11SKD_20240630T032900,2024-06-29,2A,11SKD,0.0,13004,0.0,0.998,0.0,0.0,0.0091,0.0071,0.0049,0.0015,-0.0002,-0.0057,0.0057,0.202,,,,
S2A_MSIL2A_20240702T184921_R113_T10SGJ_20240703T025645,2024-07-02,2A,10SGJ,0.2,13008,0.0,0.943,0.0,0.054,0.1157,0.1325,0.1283,0.123,0.1232,0.1224,0.1098,0.112,91.21,9.0,#98a66e,0.0075
S2B_MSIL2A_20240704T183919_R070_T11SKD_20240706T004110,2024-07-04,2B,11SKD,0.0,13004,0.0,0.999,0.0,0.0,0.0082,0.0105,0.0033,-0.0017,-0.0042,-0.0087,0.0019,0.199,212.14,3.0,#00b3e4,0.0
S2B_MSIL2A_20240707T184919_R113_T10SGJ_20240707T234523,2024-07-07,2B,10SGJ,0.1,13008,0.0,0.887,0.0,0.111,0.0877,0.1119,0.1055,0.0996,0.0997,0.0989,0.0889,0.154,92.57,9.0,#8ea959,0.0047
S2A_MSIL2A_20240709T183921_R070_T10SGJ_20240710T024627,2024-07-09,2A,10SGJ,0.0,13008,0.0,0.999,0.0,0.0,0.0162,0.0129,0.0101,0.0048,0.0034,-0.0017,0.0031,0.207,214.55,3.0,#7aa5bf,-0.7
S2A_MSIL2A_20240712T184931_R113_T10SGJ_20240713T041841,2024-07-12,2A,10SGJ,1.2,13008,0.0,0.994,0.0,0.002,0.0838,0.0972,0.0972,0.0959,0.0986,0.0966,0.0909,0.259,66.23,12.0,#a3a44a,0.2126
S2B_MSIL2A_20240717T184919_R113_T10SGJ_20240718T001152,2024-07-17,2B,10SGJ,0.2,13008,0.0,0.998,0.0,0.0,0.0774,0.0932,0.0898,0.085,0.0868,0.0874,0.07855,0.137,92.43,9.0,#8eaa57,0.1224
S2A_MSIL2A_20240719T183921_R070_T11SKD_20240720T024459,2024-07-19,2A,11SKD,4.6,13004,0.0,0.51,0.0,0.458,0.0212,0.0134,0.0085,0.0,-0.0015,-0.0104,0.0039,0.401,226.75,2.0,#53a4f2,0.0
S2A_MSIL2A_20240722T184921_R113_T10SGJ_20240723T050005,2024-07-22,2A,10SGJ,5.7,13008,0.0,0.951,0.0,0.028,0.0779,0.092,0.0892,0.0843,0.0868,0.0811,0.0789,0.227,93.56,9.0,#8caa57,0.188
S2B_MSIL2A_20240724T183919_R070_T11SKD_20240725T080119,2024-07-24,2B,11SKD,20.3,13004,0.0,0.998,0.0,0.0,0.0043,0.0086,0.0015,-0.0036,-0.003,-0.0133,0.0014,0.347,205.09,4.0,#00bee7,0.0
S2B_MSIL2A_20240727T184919_R113_T10SGJ_20240727T214609,2024-07-27,2B,10SGJ,0.1,13008,0.0,0.997,0.0,0.0,0.0616,0.0744,0.0738,0.0704,0.0753,0.0861,0.0708,0.243,116.57,7.0,#6fb05b,0.9565
S2A_MSIL2A_20240729T183921_R070_T10SGJ_20240730T023050,2024-07-29,2A,10SGJ,0.0,13008,0.0,0.999,0.0,0.0,0.0107,0.0078,0.005,0.001,-0.0005,-0.0046,0.0045,0.188,230.56,1.0,#0088ff,0.0
S2A_MSIL2A_20240801T184921_R113_T11SKD_20240802T020250,2024-08-01,2A,11SKD,0.6,13004,0.0,0.997,0.0,0.0,0.0652,0.0728,0.0694,0.0642,0.0642,0.0624,0.0591,0.191,133.72,6.0,#89a883,0.0
S2B_MSIL2A_20240806T184919_R113_T10SGJ_20240806T231154,2024-08-06,2B,10SGJ,0.0,13008,0.0,0.998,0.0,0.0,0.046,0.0585,0.0527,0.0458,0.0453,0.0443,0.0409,0.104,134.05,6.0,#7eab7d,-0.0538
S2A_MSIL2A_20240808T183921_R070_T11SKD_20240809T012502,2024-08-08,2A,11SKD,24.9,13004,0.0,0.812,0.0,0.159,0.1158,0.11565,0.1191,0.1178,0.1373,0.1798,0.18555,0.215,,,,
S2A_MSIL2A_20240811T184921_R113_T10SGJ_20240812T013357,2024-08-11,2A,10SGJ,24.3,13008,0.0,0.41,0.0,0.501,,,,,,,,,,,,
S2B_MSIL2A_20240813T183919_R070_T11SKD_20240813T224159,2024-08-13,2B,11SKD,0.0,13004,0.0,0.999,0.0,0.0,0.0064,0.0094,0.0035,-0.0012,-0.0029,-0.0059,0.0033,0.158,209.04,4.0,#00bbed,0.0
S2B_MSIL2A_20240816T184919_R113_T10SGJ_20240816T230724,2024-08-16,2B,10SGJ,0.0,13008,0.0,0.998,0.0,0.0,0.0311,0.0404,0.0353,0.0287,0.0279,0.0276,0.0263,0.1,149.87,6.0,#71ad85,-0.2
S2A_MSIL2A_20240818T183921_R070_T11SKD_20240819T015050,2024-08-18,2A,11SKD,0.0,13004,0.0,0.999,0.0,0.0,0.0055,0.0034,0.0017,-0.0018,-0.0032,-0.0069,0.0035,0.18,,,,
S2A_MSIL2A_20240821T184921_R113_T10SGJ_20240822T022354,2024-08-21,2A,10SGJ,0.0,13008,0.0,0.998,0.0,0.0,0.0398,0.0454,0.0428,0.0376,0.0371,0.036,0.0348,0.121,144.82,6.0,#81aa87,-0.098
S2B_MSIL2A_20240823T183919_R070_T10SGJ_20240824T000559,2024-08-23,2B,10SGJ,36.7,13008,0.0,0.997,0.0,0.0,0.08695,0.0962,0.0874,0.0779,0.0837,0.1062,0.0866,0.258,176.46,5.0,#00c1a6,0.0
S2B_MSIL2A_20240826T184919_R113_T11SKD_20240826T222522,2024-08-26,2B,11SKD,0.0,13004,0.0,0.999,0.0,0.0,0.0188,0.0262,0.0209,0.0149,0.0138,0.0122,0.0147,0.134,165.33,5.0,#4eb192,-0.3333
S2A_MSIL2A_20240828T183921_R070_T11SKD_20240829T011944,2024-08-28,2A,11SKD,0.0,13004,0.0,0.999,0.0,0.0,0.0105,0.0062,0.0036,-0.0013,-0.0026,-0.0057,0.0009,0.17,226.43,2.0,#59a4ee,0.0
S2A_MSIL2A_20240831T184921_R113_T10SGJ_20240901T011152,2024-08-31,2A,10SGJ,7.4,13008,0.0,0.995,0.0,0.002,0.0279,0.0287,0.0242,0.018,0.0168,0.0144,0.0165,0.162,198.04,4.0,#6ea9b2,-0.6667
S2B_MSIL2A_20240902T183919_R070_T10SGJ_20240902T225006,2024-09-02,2B,10SGJ,0.8,13008,0.0,0.999,0.0,0.0,0.0081,0.0112,0.0048,0.0,-0.0016,-0.0041,0.004,0.179,207.91,4.0,#00b7e0,0.0
S2B_MSIL2A_20240905T184919_R113_T10SGJ_20240906T010501,2024-09-05,2B,10SGJ,0.0,13008,0.0,0.999,0.0,0.0,0.0149,0.0188,0.0132,0.0063,0.0054,0.0035,0.0058,0.151,186.64,5.0,#5aadaa,-0.6667
S2A_MSIL2A_20240907T183921_R070_T11SKD_20240908T014752,2024-09-07,2A,11SKD,6.1,13004,0.0,0.999,0.0,0.0,0.0116,0.0081,0.0053,0.0008,0.0001,-0.0026,0.0035,0.129,227.39,1.0,#43a5fc,0.0
S2A_MSIL2A_20240910T184931_R113_T10SGJ_20240911T005949,2024-09-10,2A,10SGJ,0.0,13008,0.0,0.999,0.0,0.0,0.0149,0.0161,0.0138,0.0092,0.0081,0.0072,0.01,0.119,189.29,5.0,#5eacac,0.0
S2B_MSIL2A_20240912T183919_R070_T10SGJ_20240913T001358,2024-09-12,2B,10SGJ,1.5,13008,0.0,0.999,0.0,0.0,0.0019,0.0053,-0.0005,-0.0047,-0.0061,-0.0082,0.0001,0.159,,,,
S2A_MSIL2A_20240920T185051_R113_T10SGJ_20240921T005645,2024-09-20,2A,10SGJ,0.9,13008,0.0,0.999,0.0,0.0,0.0095,0.0097,0.0081,0.0036,0.0024,0.0014,0.0045,0.109,194.72,4.0,#66abb0,0.0
S2B_MSIL2A_20240922T184009_R070_T10SGJ_20240922T225505,2024-09-22,2B,10SGJ,0.0,13008,0.0,0.999,0.0,0.0,0.00095,0.0048,-0.0005,-0.0049,-0.0064,-0.0085,-0.0005,0.175,,,,
S2B_MSIL2A_20240925T185039_R113_T10SGJ_20240925T225613,2024-09-25,2B,10SGJ,0.0,13008,0.0,0.999,0.0,0.0,0.0125,0.0186,0.0139,0.0083,0.0075,0.0069,0.0088,0.121,168.29,5.0,#49b195,0.0
S2A_MSIL2A_20240927T184141_R070_T11SKD_20240928T001552,2024-09-27,2A,11SKD,0.0,13004,0.0,0.999,0.0,0.0,-0.0016,-0.0036,-0.004,-0.007,-0.0083,-0.01,-0.0009,0.175,,,,
S2A_MSIL2A_20240930T185211_R113_T10SGJ_20241001T005349,2024-09-30,2A,10SGJ,0.0,13008,0.0,0.999,0.0,0.0,0.0077,0.0073,0.0056,0.0008,-0.0003,-0.0012,0.0021,0.104,202.5,4.0,#65aab8,0.0
S2B_MSIL2A_20241002T184119_R070_T11SKD_20241003T000142,2024-10-02,2B,11SKD,0.0,13004,0.0,1.0,0.0,0.0,-0.002,0.002,-0.0034,-0.007,-0.0086,-0.0105,-0.001,0.175,,,,
S2B_MSIL2A_20241005T185139_R113_T10SGJ_20241005T225935,2024-10-05,2B,10SGJ,4.2,13008,0.0,0.866,0.0,0.12,0.0066,0.01025,0.0053,0.0002,-0.0008,-0.0014,0.0012,0.104,188.12,5.0,#3db0ae,0.0
S2A_MSIL2A_20241007T184251_R070_T10SGJ_20241007T223555,2024-10-07,2A,10SGJ,27.6,13008,0.0,0.008,0.0,0.992,,,,,,,,,,,,
S2A_MSIL2A_20241010T185311_R113_T11SKD_20241011T001554,2024-10-10,2A,11SKD,10.8,13004,0.0,0.999,0.0,0.0,0.01,0.0103,0.0089,0.0047,0.0042,0.0047,0.0063,0.083,195.33,4.0,#63abb1,0.0
S2B_MSIL2A_20241012T184229_R070_T11SKD_20241012T235149,2024-10-12,2B,11SKD,0.5,13004,0.0,1.0,0.0,0.0,-0.0019,0.0032,-0.002,-0.0055,-0.0066,-0.008,0.0004,0.158,,,,
S2B_MSIL2A_20241015T185249_R113_T11SKD_20241015T225017,2024-10-15,2B,11SKD,0.0,13004,0.0,1.0,0.0,0.0,0.0099,0.0134,0.0076,0.0022,0.0016,0.0009,0.0016,0.071,191.37,4.0,#54adaf,-0.7143
S2A_MSIL2A_20241020T185421_R113_T11SKD_20241021T005659,2024-10-20,2A,11SKD,0.4,13004,0.0,1.0,0.0,0.0,0.0038,0.0036,0.0021,-0.0015,-0.0021,-0.0027,0.0004,0.071,209.26,4.0,#57abc5,0.0
S2B_MSIL2A_20241022T184339_R070_T11SKD_20241022T230538,2024-10-22,2B,11SKD,10.8,13004,0.0,1.0,0.0,0.0,0.0036,0.0067,0.0004,-0.0038,-0.005,-0.0059,0.0,0.109,209.0,4.0,#00b9e9,0.0
S2A_MSIL2A_20241027T184501_R070_T10SGJ_20241027T220048,2024-10-27,2A,10SGJ,10.8,13008,0.0,0.998,0.0,0.0,0.0113,0.0095,0.0111,0.009,0.0099,0.0114,0.0129,0.134,,,,
S2B_MSIL2A_20241104T185449_R113_T11SKD_20241104T205941,2024-11-04,2B,11SKD,2.2,13004,0.0,1.0,0.0,0.0,-0.0047,0.0009,-0.0035,-0.0065,-0.0086,-0.0085,-0.0017,0.109,,,,
S2A_MSIL2A_20241106T184551_R070_T11SKD_20241106T223151,2024-11-06,2A,11SKD,13.2,13004,0.0,0.581,0.0,0.417,0.1463,0.1338,0.1276,0.1202,0.1285,0.1499,0.1035,0.104,223.82,2.0,#999fb6,0.199
S2A_MSIL2A_20241109T185611_R113_T10SGJ_20241109T222751,2024-11-09,2A,10SGJ,0.2,13008,0.0,1.0,0.0,0.0,0.0018,0.0019,0.0008,-0.0022,-0.0025,-0.0034,0.0002,0.079,212.71,3.0,#36acd2,0.0
S2B_MSIL2A_20241111T184519_R070_T11SKD_20241111T212349,2024-11-11,2B,11SKD,53.6,13004,0.0,0.0,0.0,1.0,,,,,,,,,,,,
S2B_MSIL2A_20241114T185539_R113_T11SKD_20241114T212258,2024-11-14,2B,11SKD,40.8,13004,0.0,0.972,0.0,0.028,-0.0073,-0.001,-0.0055,-0.0082,-0.0105,-0.0103,-0.0006,0.174,,,,
S2A_MSIL2A_20241116T184641_R070_T10SGJ_20241116T222659,2024-11-16,2A,10SGJ,17.2,13008,0.0,0.99,0.0,0.008,0.0348,0.0278,0.0286,0.0266,0.0281,0.0344,0.0212,0.171,235.11,1.0,#a79bb8,0.122
S2B_MSIL2A_20241121T184609_R070_T11SKD_20241121T210927,2024-11-21,2B,11SKD,50.8,13004,0.0,0.796,0.0,0.202,0.1294,0.13085,0.12025,0.11265,0.1187,0.1218,0.0422,0.142,164.97,5.0,#a49f98,0.0412
S2B_MSIL2A_20241124T185629_R113_T11SKD_20241124T205116,2024-11-24,2B,11SKD,4.1,13004,0.0,1.0,0.0,0.0,-0.01,-0.0034,-0.0072,-0.0107,-0.0123,-0.0126,-0.0021,0.154,,,,
S2A_MSIL2A_20241129T185741_R113_T11SKD_20241129T221848,2024-11-29,2A,11SKD,0.5,13004,0.0,1.0,0.0,0.0,-0.0008,-0.0028,-0.0041,-0.0068,-0.0093,-0.0093,-0.0019,0.117,,,,
S2B_MSIL2A_20250301T184219_R070_T10SGJ_20250301T223204,2025-03-01,2B,10SGJ,3.9,13008,0.0,0.999,0.0,0.0,-0.0133,-0.0083,-0.0129,-0.0139,-0.0158,-0.0154,-0.0019,0.208,,,,
S2C_MSIL2A_20250309T185241_R113_T10SGJ_20250309T230504,2025-03-09,2C,10SGJ,4.7,13008,0.0,1.0,0.0,0.0,-0.0038,-0.0038,-0.0038,-0.0061,-0.0089,-0.0078,0.0022,0.191,,,,
S2B_MSIL2A_20250311T184059_R070_T11SKD_20250311T223810,2025-03-11,2B,11SKD,0.0,13004,0.0,1.0,0.0,0.0,-0.0095,-0.005,-0.0103,-0.0125,-0.0147,-0.0168,-0.0016,0.272,,,,
S2C_MSIL2A_20250316T184141_R070_T11SKD_20250317T002414,2025-03-16,2C,11SKD,10.8,13004,0.0,0.625,0.098,0.277,0.153,0.1476,0.1372,0.1288,0.1338,0.1447,0.0513,0.054,182.91,5.0,#a59f9b,0.0312
S2C_MSIL2A_20250319T185131_R113_T10SGJ_20250319T235200,2025-03-19,2C,10SGJ,67.9,13008,0.0,0.967,0.001,0.031,0.1541,0.1421,0.1316,0.1191,0.1224,0.1264,0.0442,0.146,200.05,4.0,#a39f9f,0.0216
S2B_MSIL2A_20250324T184929_R113_T11SKD_20250324T225002,2025-03-24,2B,11SKD,0.0,13004,0.0,1.0,0.0,0.0,-0.0342,-0.0274,-0.0273,-0.0269,-0.0294,-0.0278,-0.0034,0.28,,,,
S2C_MSIL2A_20250326T184031_R070_T11SKD_20250326T234817,2025-03-26,2C,11SKD,0.1,13004,0.0,0.996,0.0,0.004,-0.0168,-0.0162,-0.017,-0.0172,-0.0202,-0.0209,0.0006,0.275,,,,
S2A_MSIL2A_20250328T184821_R070_T11SKD_20250329T025214,2025-03-28,2A,11SKD,39.1,13004,0.0,0.587,0.0,0.413,0.1228,0.1034,0.0948,0.0833,0.0858,0.0899,0.0412,0.104,220.85,3.0,#9f9fab,0.0288
S2C_MSIL2A_20250329T185021_R113_T11SKD_20250330T000214,2025-03-29,2C,11SKD,1.8,13004,0.0,0.999,0.0,0.0,0.0217,0.0204,0.0194,0.0146,0.0135,0.0157,0.0128,0.249,198.19,4.0,#85a6ab,-0.44
S2B_MSIL2A_20250403T184919_R113_T10SGJ_20250403T225702,2025-04-03,2B,10SGJ,53.3,13008,0.0,0.709,0.0,0.291,0.045,0.0444,0.0358,0.0274,0.0263,0.0249,0.0151,0.15,203.13,4.0,#8da3ab,-0.0468
S2C_MSIL2A_20250405T183941_R070_T10SGJ_20250406T012006,2025-04-05,2C,10SGJ,12.9,13008,0.0,0.995,0.0,0.005,0.0526,0.0478,0.0439,0.0405,0.0424,0.046,0.0185,0.096,211.4,3.0,#a39ea2,0.0414
S2C_MSIL2A_20250408T184941_R113_T11SKD_20250409T000215,2025-04-08,2C,11SKD,10.9,13004,0.0,0.998,0.0,0.001,0.0329,0.0303,0.0257,0.0189,0.018,0.0183,0.0147,0.154,209.73,4.0,#82a5b5,-0.12
S2B_MSIL2A_20250410T183919_R070_T10SGJ_20250410T222621,2025-04-10,2B,10SGJ,68.6,13008,0.0,0.072,0.0,0.928,,,,,,,,,,,,
S2B_MSIL2A_20250413T184919_R113_T10SGJ_20250413T224344,2025-04-13,2B,10SGJ,0.0,13008,0.0,0.999,0.0,0.0,0.033,0.0408,0.0349,0.0284,0.0266,0.0258,0.026,0.24,165.44,5.0,#6eac93,-0.6
S2C_MSIL2A_20250415T183941_R070_T10SGJ_20250416T004212,2025-04-15,2C,10SGJ,5.3,13008,0.0,0.999,0.0,0.0,0.0088,0.0068,0.003,-0.0007,-0.003,-0.0037,0.0075,0.276,,,,
S2A_MSIL2A_20250417T184821_R070_T11SKD_20250418T022513,2025-04-17,2A,11SKD,6.7,13004,0.0,1.0,0.0,0.0,0.0067,0.0001,-0.003,-0.0072,-0.0099,-0.0141,-0.0014,0.267,,,,
S2C_MSIL2A_20250418T184941_R113_T10SGJ_20250418T234256,2025-04-18,2C,10SGJ,0.1,13008,0.0,0.999,0.0,0.0,0.0364,0.0396,0.0354,0.0304,0.0272,0.0272,0.0314,0.215,186.48,5.0,#46afab,0.0
S2B_MSIL2A_20250420T183919_R070_T11SKD_20250420T223736,2025-04-20,2B,11SKD,0.1,13004,0.0,1.0,0.0,0.0,-0.0003,0.0014,-0.0063,-0.0102,-0.0128,-0.0164,-0.0021,0.27,,,,
S2B_MSIL2A_20250423T184919_R113_T10SGJ_20250423T223539,2025-04-23,2B,10SGJ,1.7,13008,0.0,0.998,0.0,0.0,0.0432,0.0522,0.0462,0.0398,0.038,0.0361,0.0355,0.23,157.16,6.0,#7baa8e,-0.2647
S2C_MSIL2A_20250428T184941_R113_T10SGJ_20250428T232913,2025-04-28,2C,10SGJ,3.6,13008,0.0,0.993,0.0,0.005,0.0523,0.0567,0.0503,0.0434,0.0412,0.0403,0.0398,0.24,184.82,5.0,#77a9a4,-0.44
S2B_MSIL2A_20250430T183919_R070_T10SGJ_20250430T205337,2025-04-30,2B,10SGJ,33.9,13008,0.0,1.0,0.0,0.0,0.0129,0.0135,0.0033,-0.0021,-0.0046,-0.0103,0.0016,0.332,219.09,3.0,#00b1f9,0.0
S2C_MSIL2A_20250505T183941_R070_T11SKD_20250505T230918,2025-05-05,2C,11SKD,0.5,13004,0.0,1.0,0.0,0.0,0.001,0.001,-0.0023,-0.0044,-0.008,-0.0103,0.0064,0.28,,,,
S2A_MSIL2A_20250507T184821_R070_T11SKD_20250507T220715,2025-05-07,2A,11SKD,0.0,13004,0.0,1.0,0.0,0.0,-0.0036,-0.0078,-0.0092,-0.0113,-0.0139,-0.0189,-0.0021,0.294,,,,
S2C_MSIL2A_20250508T184941_R113_T10SGJ_20250508T235713,2025-05-08,2C,10SGJ,0.0,13008,0.0,0.999,0.0,0.0,0.058,0.0672,0.0615,0.0561,0.0544,0.0541,0.0525,0.24,151.89,6.0,#78ab89,-0.3091
S2B_MSIL2A_20250510T183919_R070_T10SGJ_20250510T220128,2025-05-10,2B,10SGJ,12.4,13008,0.0,0.46,0.0,0.522,,,,,,,,,,,,
S2C_MSIL2A_20250515T183941_R070_T10SGJ_20250515T233917,2025-05-15,2C,10SGJ,8.9,13008,0.0,0.998,0.0,0.0,-0.0067,-0.0054,-0.0066,-0.0058,-0.0093,-0.0113,0.0099,0.371,,,,
S2C_MSIL2A_20250518T184931_R113_T11SKD_20250518T224158,2025-05-18,2C,11SKD,1.1,13004,0.0,0.997,0.0,0.0,0.08,0.0939,0.0893,0.0841,0.0824,0.083,0.0792,0.264,107.75,8.0,#83ac63,-0.2099
S2B_MSIL2A_20250520T183919_R070_T10SGJ_20250520T223512,2025-05-20,2B,10SGJ,0.0,13008,0.0,0.999,0.0,0.0,0.006,0.0084,0.0017,-0.0023,-0.0043,-0.0072,0.0025,0.244,,,,
S2B_MSIL2A_20250523T184919_R113_T11SKD_20250523T225147,2025-05-23,2B,11SKD,3.9,13004,0.0,0.997,0.0,0.0,0.0954,0.1139,0.1074,0.1008,0.1,0.1018,0.0892,0.117,106.38,8.0,#8fa872,-0.0357
S2C_MSIL2A_20250525T183941_R070_T11SKD_20250525T225714,2025-05-25,2C,11SKD,3.3,13004,0.0,0.997,0.0,0.0,-0.0079,-0.0042,-0.0048,-0.0027,-0.0059,-0.0081,0.0159,0.41,,,,
S2A_MSIL2A_20250527T184831_R070_T11SKD_20250528T012214,2025-05-27,2A,11SKD,0.0,13004,0.0,0.998,0.0,0.0,0.0074,0.0049,0.0033,0.0007,-0.0016,-0.0068,0.0053,0.292,,,,
S2C_MSIL2A_20250528T184941_R113_T10SGJ_20250528T232214,2025-05-28,2C,10SGJ,0.3,13008,0.0,0.997,0.0,0.001,0.116,0.1345,0.12855,0.1228,0.1217,0.12205,0.1128,0.183,100.58,8.0,#8ea969,-0.0582
S2B_MSIL2A_20250530T183919_R070_T11SKD_20250530T222847,2025-05-30,2B,11SKD,0.0,13004,0.0,0.999,0.0,0.0,0.0042,0.0065,-0.0006,-0.0042,-0.0062,-0.0103,0.0017,0.248,,,,
S2B_MSIL2A_20250602T184919_R113_T10SGJ_20250602T223229,2025-06-02,2B,10SGJ,0.0,13008,0.0,0.988,0.0,0.009,0.1047,0.1263,0.1219,0.1176,0.1196,0.1171,0.1084,0.207,87.59,9.0,#92a857,0.098
S2C_MSIL2A_20250604T183941_R070_T11SKD_20250605T011214,2025-06-04,2C,11SKD,0.2,13004,0.0,0.998,0.0,0.0,0.0053,0.0063,0.0033,0.001,-0.00225,-0.0058,0.0081,0.279,,,,
S2C_MSIL2A_20250607T184941_R113_T11SKD_20250608T005311,2025-06-07,2C,11SKD,5.0,13004,0.0,0.928,0.0,0.069,0.1175,0.1365,0.1317,0.1274,0.1273,0.1233,0.1203,0.252,95.55,8.0,#8caa5a,-0.0071
S2B_MSIL2A_20250609T183919_R070_T11SKD_20250609T223027,2025-06-09,2B,11SKD,2.7,13004,0.0,0.998,0.0,0.0,0.0048,0.0075,0.0007,-0.0039,-0.0062,-0.0119,0.0,0.256,211.6,3.0,#00b6eb,0.0
S2B_MSIL2A_20250612T184919_R113_T10SGJ_20250612T234122,2025-06-12,2B,10SGJ,0.4,13008,0.0,0.995,0.0,0.002,0.101,0.1237,0.1177,0.1121,0.1115,0.1136,0.1011,0.134,90.47,9.0,#90a958,-0.028
S2C_MSIL2A_20250614T183941_R070_T10SGJ_20250614T231215,2025-06-14,2C,10SGJ,8.3,13008,0.0,0.997,0.0,0.0,0.0064,0.0091,0.0072,0.0063,0.0038,0.0029,0.0192,0.288,,,,
S2A_MSIL2A_20250616T184831_R070_T10SGJ_20250617T053724,2025-06-16,2A,10SGJ,0.1,13008,0.0,0.997,0.0,0.0,0.0238,0.0226,0.0216,0.0175,0.0168,0.0128,0.0164,0.219,200.85,4.0,#7fa6af,-0.4667
S2C_MSIL2A_20250617T184941_R113_T10SGJ_20250617T234722,2025-06-17,2C,10SGJ,0.2,13008,0.0,0.7,0.0,0.298,0.1195,0.1406,0.13535,0.1296,0.1291,0.1308,0.1201,0.117,91.84,9.0,#8ea958,-0.027
S2B_MSIL2A_20250619T183919_R070_T11SKD_20250619T223631,2025-06-19,2B,11SKD,0.1,13004,0.0,0.998,0.0,0.0,0.0145,0.0192,0.0128,0.0086,0.0063,0.0016,0.0121,0.199,196.21,4.0,#00bbcb,0.0
S2B_MSIL2A_20250622T184919_R113_T10SGJ_20250622T211617,2025-06-22,2B,10SGJ,8.3,13008,0.0,0.92,0.0,0.075,0.1199,0.142,0.1363,0.1312,0.1331,0.1326,0.1217,0.134,92.37,9.0,#8ea959,0.0909
S2C_MSIL2A_20250624T183941_R070_T11SKD_20250625T001021,2025-06-24,2C,11SKD,15.1,13004,0.0,0.998,0.0,0.0,0.0054,0.0063,0.0026,0.0006,-0.0031,-0.0085,0.0088,0.288,,,,
S2C_MSIL2A_20250627T184941_R113_T10SGJ_20250627T234511,2025-06-27,2C,10SGJ,0.4,13008,0.0,0.896,0.0,0.101,0.122,0.1397,0.1358,0.1304,0.1307,0.1293,0.1226,0.134,91.23,9.0,#8fa957,0.0189
S2B_MSIL2A_20250629T183919_R070_T11SKD_20250629T223247,2025-06-29,2B,11SKD,0.0,13004,0.0,0.998,0.0,0.0,0.0051,0.0082,0.0013,-0.0027,-0.0048,-0.0102,0.0025,0.232,,,,
S2B_MSIL2A_20250702T184919_R113_T10SGJ_20250702T221755,2025-07-02,2B,10SGJ,4.0,13008,0.0,0.874,0.0,0.124,0.1112,0.1342,0.1282,0.1215,0.1221,0.1177,0.1089,0.154,92.25,9.0,#91a861,0.0233
S2C_MSIL2A_20250704T183941_R070_T11SKD_20250705T001219,2025-07-04,2C,11SKD,2.6,13004,0.0,0.998,0.0,0.0,0.0146,0.0169,0.0139,0.0111,0.0084,0.00425,0.0183,0.215,,,,
S2A_MSIL2A_20250706T184831_R070_T11SKD_20250706T215715,2025-07-06,2A,11SKD,0.0,13004,0.0,0.998,0.0,0.0,0.0071,0.0046,0.0021,-0.0011,-0.003,-0.0078,0.0032,0.207,,,,
S2C_MSIL2A_20250707T184941_R113_T10SGJ_20250707T235518,2025-07-07,2C,10SGJ,0.3,13008,0.0,0.975,0.0,0.022,0.1168,0.1335,0.1294,0.1248,0.1251,0.1228,0.1176,0.146,92.7,9.0,#8eaa58,0.0204
S2B_MSIL2A_20250709T183919_R070_T11SKD_20250709T234451,2025-07-09,2B,11SKD,0.0,13004,0.0,0.998,0.0,0.0,0.0132,0.017,0.0099,0.0056,0.0035,-0.0008,0.009,0.191,205.76,4.0,#00b8db,0.0
S2B_MSIL2A_20250712T184919_R113_T10SGJ_20250712T223121,2025-07-12,2B,10SGJ,0.1,13008,0.0,0.985,0.0,0.012,0.0872,0.1087,0.1039,0.0989,0.0997,0.0955,0.0909,0.195,93.39,9.0,#8daa59,0.0476
S2C_MSIL2A_20250714T183941_R070_T11SKD_20250715T000814,2025-07-14,2C,11SKD,0.0,13004,0.0,0.998,0.0,0.0,0.0113,0.0107,0.0054,0.0007,-0.0026,-0.0104,0.0038,0.344,220.01,3.0,#00adf0,0.0
S2C_MSIL2A_20250717T184941_R113_T10SGJ_20250717T230622,2025-07-17,2C,10SGJ,0.0,13008,0.0,0.997,0.0,0.0,0.0927,0.1072,0.1032,0.0986,0.0987,0.0974,0.0941,0.142,103.39,8.0,#84ac5c,0.011
S2B_MSIL2A_20250719T183919_R070_T10SGJ_20250719T223322,2025-07-19,2B,10SGJ,0.0,13008,0.0,0.999,0.0,0.0,0.0099,0.0122,0.0045,-0.0002,-0.0021,-0.0068,0.0031,0.207,213.01,3.0,#00b3e7,0.0
S2C_MSIL2A_20250724T183941_R070_T10SGJ_20250725T000814,2025-07-24,2C,10SGJ,1.8,13008,0.0,0.998,0.0,0.0,0.0012,0.0016,-0.0024,-0.0044,-0.0068,-0.0108,0.0057,0.248,,,,
S2A_MSIL2A_20250726T184831_R070_T10SGJ_20250727T003916,2025-07-26,2A,10SGJ,21.9,13008,0.0,0.905,0.0,0.083,0.0228,0.0154,0.0089,0.0027,0.0,-0.0098,0.0071,0.322,229.97,1.0,#008fff,0.0
S2C_MSIL2A_20250727T184941_R113_T10SGJ_20250727T215914,2025-07-27,2C,10SGJ,19.9,13008,0.0,0.541,0.0,0.442,0.0908,0.0971,0.0886,0.0803,0.0812,0.0794,0.0777,0.166,185.11,5.0,#69aba6,0.1475
S2B_MSIL2A_20250729T183919_R070_T11SKD_20250729T224016,2025-07-29,2B,11SKD,0.3,13004,0.0,0.999,0.0,0.0,0.0049,0.0071,-0.0004,-0.0045,-0.0065,-0.0114,0.0004,0.211,,,,
S2B_MSIL2A_20250801T184919_R113_T10SGJ_20250801T223959,2025-08-01,2B,10SGJ,9.6,13008,0.0,0.853,0.0,0.127,0.0773,0.0892,0.079,0.0703,0.0697,0.0667,0.0623,0.129,167.07,5.0,#7fa996,-0.039
S2C_MSIL2A_20250803T183941_R070_T11SKD_20250803T234505,2025-08-03,2C,11SKD,0.0,13004,0.0,0.999,0.0,0.0,0.0036,0.0041,0.0002,-0.0024,-0.0048,-0.007,0.0061,0.186,,,,
S2C_MSIL2A_20250806T184941_R113_T10SGJ_20250806T232413,2025-08-06,2C,10SGJ,0.0,13008,0.0,0.998,0.0,0.0,0.0516,0.0609,0.0561,0.0505,0.0494,0.0505,0.049,0.113,144.89,6.0,#67af7e,-0.5789
S2B_MSIL2A_20250808T183919_R070_T10SGJ_20250808T223716,2025-08-08,2B,10SGJ,0.0,13008,0.0,0.999,0.0,0.0,0.0035,0.0062,-0.0008,-0.0046,-0.0066,-0.0101,0.001,0.191,,,,
S2B_MSIL2A_20250811T184919_R113_T10SGJ_20250811T223207,2025-08-11,2B,10SGJ,0.0,13008,0.0,0.998,0.0,0.0,0.0409,0.052,0.0453,0.0394,0.039,0.0367,0.0355,0.154,149.36,6.0,#76ac86,-0.0541
S2C_MSIL2A_20250813T183941_R070_T11SKD_20250813T234116,2025-08-13,2C,11SKD,0.1,13004,0.0,0.998,0.0,0.0,0.0015,0.0017,-0.0019,-0.0046,-0.0067,-0.0097,0.0044,0.211,,,,
S2A_MSIL2A_20250815T184831_R070_T10SGJ_20250815T214915,2025-08-15,2A,10SGJ,0.0,13008,0.0,0.999,0.0,0.0,0.0046,0.001,-0.0018,-0.0048,-0.0061,-0.0098,0.0003,0.2,,,,
S2C_MSIL2A_20250816T184941_R113_T10SGJ_20250816T235117,2025-08-16,2C,10SGJ,2.2,13008,0.0,0.998,0.0,0.0,0.0373,0.0417,0.0377,0.0327,0.032,0.0316,0.0331,0.146,174.74,5.0,#4eb09d,0.0
S2B_MSIL2A_20250818T183919_R070_T10SGJ_20250818T222742,2025-08-18,2B,10SGJ,0.0,13008,0.0,0.999,0.0,0.0,0.0043,0.0072,0.0005,-0.0034,-0.0051,-0.0084,0.0021,0.19,,,,
S2B_MSIL2A_20250821T184919_R113_T10SGJ_20250821T221857,2025-08-21,2B,10SGJ,4.2,13008,0.0,0.786,0.0,0.213,0.1285,0.12855,0.1202,0.1112,0.1197,0.1401,0.086,0.138,191.66,4.0,#9aa1a0,0.1443
S2C_MSIL2A_20250823T183941_R070_T11SKD_20250824T000120,2025-08-23,2C,11SKD,16.7,13004,0.0,0.137,0.0,0.862,,,,,,,,,,,,
S2C_MSIL2A_20250826T184941_R113_T10SGJ_20250826T234313,2025-08-26,2C,10SGJ,58.3,13008,0.0,0.546,0.0,0.452,0.0406,0.0385,0.0305,0.022,0.0213,0.0171,0.0209,0.24,211.59,3.0,#5fa9c6,-0.4667
S2B_MSIL2A_20250828T183919_R070_T10SGJ_20250829T062027,2025-08-28,2B,10SGJ,0.0,13008,0.0,0.999,0.0,0.0,0.0105,0.0139,0.0074,0.0019,0.0011,-0.002,0.0015,0.245,195.08,4.0,#4aaeb5,-0.6
S2B_MSIL2A_20250831T184919_R113_T10SGJ_20250831T224258,2025-08-31,2B,10SGJ,0.5,13008,0.0,0.998,0.0,0.0,0.0239,0.0292,0.0226,0.0161,0.0155,0.0144,0.0143,0.167,183.17,5.0,#66aca5,-0.2
S2C_MSIL2A_20250902T183941_R070_T11SKD_20250902T232813,2025-09-02,2C,11SKD,34.8,13004,0.0,0.602,0.0,0.397,0.1838,0.1713,0.1486,0.1256,0.137,0.1575,0.125,0.252,216.95,3.0,#53a9d3,0.9048
S2A_MSIL2A_20250904T184831_R070_T11SKD_20250904T220018,2025-09-04,2A,11SKD,6.3,13004,0.0,0.866,0.0,0.119,0.0407,0.033,0.0283,0.0206,0.0222,0.0219,0.0164,0.207,220.26,3.0,#83a3c4,0.16
S2C_MSIL2A_20250905T184931_R113_T10SGJ_20250906T001400,2025-09-05,2C,10SGJ,0.2,13008,0.0,0.999,0.0,0.0,0.02315,0.0232,0.0199,0.0141,0.0136,0.013,0.0149,0.15,202.41,4.0,#5cabba,0.0
S2A_MSIL2A_20250907T185821_R113_T10SGJ_20250907T215416,2025-09-07,2A,10SGJ,10.2,13008,0.0,0.999,0.0,0.0,0.0178,0.02,0.0173,0.0135,0.0126,0.0101,0.0157,0.203,186.1,5.0,#1eb2ae,0.0
S2B_MSIL2A_20250910T184919_R113_T11SKD_20250910T224340,2025-09-10,2B,11SKD,69.8,13004,0.0,0.605,0.0,0.392,0.0551,0.0536,0.0408,0.02875,0.0275,0.0242,0.0196,0.075,207.95,4.0,#7ea6b5,-0.0733
S2C_MSIL2A_20250912T184001_R070_T11SKD_20250913T004015,2025-09-12,2C,11SKD,42.0,13004,0.0,0.112,0.0,0.885,,,,,,,,,,,,
S2C_MSIL2A_20250915T185031_R113_T10SGJ_20250916T012207,2025-09-15,2C,10SGJ,0.0,13008,0.0,0.999,0.0,0.0,0.0104,0.01,0.0075,0.0029,0.0018,0.0026,0.0064,0.104,218.89,3.0,#00ace5,0.0
S2B_MSIL2A_20250917T183919_R070_T10SGJ_20250917T234521,2025-09-17,2B,10SGJ,0.0,13008,0.0,0.999,0.0,0.0,0.0041,0.0071,0.0005,-0.0042,-0.0053,-0.0087,0.0,0.215,210.16,3.0,#00b8ea,0.0
S2B_MSIL2A_20250920T184959_R113_T11SKD_20250920T224559,2025-09-20,2B,11SKD,25.6,13004,0.0,0.986,0.0,0.014,0.0153,0.0189,0.0114,0.0052,0.0039,0.0011,0.0061,0.162,198.51,4.0,#31afbc,0.0
S2C_MSIL2A_20250922T184121_R070_T11SKD_20250922T232800,2025-09-22,2C,11SKD,0.1,13004,0.0,0.999,0.0,0.0,-0.0028,-0.0021,-0.0044,-0.0067,-0.0089,-0.0097,0.0021,0.183,,,,
S2A_MSIL2A_20250924T184831_R070_T11SKD_20250924T220613,2025-09-24,2A,11SKD,0.5,13004,0.0,0.998,0.0,0.0,0.0019,-0.0015,-0.0035,-0.0063,-0.0075,-0.0095,-0.0006,0.175,,,,
S2C_MSIL2A_20250925T185141_R113_T11SKD_20250925T234419,2025-09-25,2C,11SKD,60.2,13004,0.0,0.803,0.0,0.191,0.049,0.0432,0.0409,0.036,0.0415,0.05025,0.0495,0.142,,,,
S2B_MSIL2A_20250927T184039_R070_T11SKD_20250927T234438,2025-09-27,2B,11SKD,0.3,13004,0.0,0.999,0.0,0.0,-0.0005,0.003,-0.0033,-0.0066,-0.0081,-0.0098,-0.0006,0.175,,,,
S2A_MSIL2A_20251004T184831_R070_T10SGJ_20251004T215716,2025-10-04,2A,10SGJ,12.3,13008,0.0,1.0,0.0,0.0,0.0041,0.0008,-0.001,-0.0042,-0.0048,-0.0062,-0.0004,0.129,,,,
S2C_MSIL2A_20251005T185251_R113_T10SGJ_20251005T221214,2025-10-05,2C,10SGJ,4.7,13008,0.0,1.0,0.0,0.0,0.0089,0.0085,0.0066,0.0024,0.0016,0.0022,0.0055,0.079,217.83,3.0,#34abdd,0.0
S2B_MSIL2A_20251007T184149_R070_T11SKD_20251007T233707,2025-10-07,2B,11SKD,0.5,13004,0.0,1.0,0.0,0.0,-0.0001,0.0037,-0.0021,-0.0058,-0.0068,-0.0086,-0.0006,0.154,,,,
S2B_MSIL2A_20251010T185219_R113_T11SKD_20251010T223821,2025-10-10,2B,11SKD,0.2,13004,0.0,1.0,0.0,0.0,0.0145,0.022,0.0172,0.0124,0.0118,0.0118,0.0121,0.092,158.4,6.0,#4bb288,-0.5
S2C_MSIL2A_20251012T184341_R070_T11SKD_20251012T220220,2025-10-12,2C,11SKD,0.0,13004,0.0,1.0,0.0,0.0,-0.0006,0.0003,-0.0019,-0.0041,-0.0055,-0.0047,0.0027,0.113,,,,
S2A_MSIL2A_20251017T185831_R113_T11SKD_20251017T220317,2025-10-17,2A,11SKD,0.1,13004,0.0,1.0,0.0,0.0,0.0051,0.0037,0.0009,-0.0027,-0.0042,-0.0047,-0.0003,0.1,223.62,2.0,#07a9f4,0.0
S2B_MSIL2A_20251020T185329_R113_T11SKD_20251020T210250,2025-10-20,2B,11SKD,0.0,13004,0.0,1.0,0.0,0.0,0.0042,0.0082,0.0029,-0.0016,-0.002,-0.0024,0.0004,0.075,190.33,5.0,#00b3b5,0.0
S2A_MSIL2A_20251024T184831_R070_T11SKD_20251024T214521,2025-10-24,2A,11SKD,63.3,13004,0.0,0.0,0.0,1.0,,,,,,,,,,,,
S2B_MSIL2A_20251027T184359_R070_T10SGJ_20251027T223153,2025-10-27,2B,10SGJ,0.2,13008,0.0,1.0,0.0,0.0,0.0032,0.0066,0.0004,-0.0036,-0.0047,-0.0049,-0.0004,0.096,205.17,4.0,#00b8da,0.0
S2B_MSIL2A_20251030T185429_R113_T11SKD_20251030T211118,2025-10-30,2B,11SKD,3.6,13004,0.0,0.998,0.0,0.0,0.0152,0.021,0.0164,0.0117,0.0127,0.0164,0.0124,0.088,168.66,5.0,#3cb295,0.5
S2C_MSIL2A_20251101T184541_R070_T10SGJ_20251101T212412,2025-11-01,2C,10SGJ,0.0,13008,0.0,1.0,0.0,0.0,-0.0003,0.001,-0.0012,-0.0037,-0.0047,-0.0041,0.0023,0.092,,,,
S2C_MSIL2A_20251104T185601_R113_T11SKD_20251104T214108,2025-11-04,2C,11SKD,12.2,13004,0.0,1.0,0.0,0.0,0.0073,0.0079,0.0062,0.0019,0.0011,0.0031,0.0063,0.07,,,,
S2B_MSIL2A_20251106T184459_R070_T11SKD_20251106T222434,2025-11-06,2B,11SKD,0.2,13004,0.0,1.0,0.0,0.0,0.0016,0.0055,-0.0004,-0.0044,-0.0054,-0.0057,-0.0008,0.092,201.07,4.0,#00bcd8,0.0
S2B_MSIL2A_20251109T185519_R113_T10SGJ_20251109T204846,2025-11-09,2B,10SGJ,2.3,13008,0.0,1.0,0.0,0.0,0.0043,0.0098,0.0048,0.0011,0.001,0.0017,0.0035,0.067,173.63,5.0,#00ba9e,0.0
S2C_MSIL2A_20251111T184631_R070_T11SKD_20251111T213312,2025-11-11,2C,11SKD,29.1,13004,0.0,0.997,0.0,0.0,0.0179,0.0189,0.0189,0.0177,0.0187,0.0232,0.0192,0.096,,,,
S2B_MSIL2A_20251119T185559_R113_T11SKD_20251119T205445,2025-11-19,2B,11SKD,20.4,13004,0.0,1.0,0.0,0.0,0.0078,0.0105,0.0028,-0.003,-0.0054,-0.0061,-0.0013,0.095,205.16,4.0,#00afc8,0.0
S2C_MSIL2A_20251121T184711_R070_T10SGJ_20251121T212709,2025-11-21,2C,10SGJ,50.9,13008,0.0,0.568,0.0,0.431,0.0309,0.0226,0.0126,0.0056,0.0033,0.0028,0.01,0.104,228.11,1.0,#0097ff,0.0
S2C_MSIL2A_20251124T185731_R113_T10SGJ_20251124T214117,2025-11-24,2C,10SGJ,0.3,13008,0.0,1.0,0.0,0.0,-0.0017,-0.0013,-0.0015,-0.0044,-0.0067,-0.0046,0.0013,0.092,,,,
S2A_MSIL2A_20251126T185831_R113_T10SGJ_20251126T215609,2025-11-26,2A,10SGJ,0.2,13008,0.0,1.0,0.0,0.0,0.0003,-0.0003,-0.0013,-0.0045,-0.0058,-0.0057,-0.0008,0.088,,,,
S2B_MSIL2A_20251129T185639_R113_T10SGJ_20251129T204514,2025-11-29,2B,10SGJ,18.9,13008,0.0,0.971,0.0,0.029,-0.0051,0.002,-0.0009,-0.0024,-0.0033,-0.0008,0.0021,0.088,,,,
S2C_MSIL2A_20260304T185251_R113_T11SKD_20260304T225811,2026-03-04,2C,11SKD,58.5,13004,0.0,0.081,0.0,0.919,,,,,,,,,,,,
S2A_MSIL2A_20260306T185831_R113_T11SKD_20260306T234116,2026-03-06,2A,11SKD,0.0,13004,0.0,1.0,0.0,0.0,0.0018,0.0036,0.0046,0.0038,0.0021,0.0017,0.0113,0.191,,,,
S2B_MSIL2A_20260309T185119_R113_T11SKD_20260309T224304,2026-03-09,2B,11SKD,0.2,13004,0.0,1.0,0.0,0.0,-0.0035,0.0007,-0.0019,-0.0046,-0.0059,-0.0048,0.0031,0.194,,,,
S2C_MSIL2A_20260311T184201_R070_T10SGJ_20260312T002409,2026-03-11,2C,10SGJ,9.5,13008,0.0,1.0,0.0,0.0,-0.0114,-0.0106,-0.0112,-0.0121,-0.0148,-0.0146,-0.0001,0.203,,,,
S2C_MSIL2A_20260314T185141_R113_T10SGJ_20260315T000413,2026-03-14,2C,10SGJ,3.0,13008,0.0,1.0,0.0,0.0,0.0059,0.0049,0.0038,-0.0001,-0.0012,-0.0008,0.0043,0.134,,,,
S2B_MSIL2A_20260316T185059_R070_T10SGJ_20260316T223455,2026-03-16,2B,10SGJ,27.2,13008,0.0,0.997,0.0,0.0,0.0443,0.0486,0.0451,0.0422,0.0464,0.0516,0.0372,0.267,159.85,6.0,#8ea693,0.2958
S2B_MSIL2A_20260319T185009_R113_T11SKD_20260319T224403,2026-03-19,2B,11SKD,0.0,13004,0.0,1.0,0.0,0.0,0.0009,0.0033,-0.0013,-0.0054,-0.0071,-0.0081,-0.0013,0.146,,,,
S2C_MSIL2A_20260321T184051_R070_T10SGJ_20260322T005116,2026-03-21,2C,10SGJ,41.2,13008,0.0,0.997,0.0,0.0,0.0249,0.0245,0.021,0.0172,0.017,0.0199,0.0192,0.195,216.86,3.0,#1bacde,0.0
S2C_MSIL2A_20260324T185031_R113_T11SKD_20260324T215217,2026-03-24,2C,11SKD,0.0,13004,0.0,1.0,0.0,0.0,0.0039,0.0028,0.0021,-0.0013,-0.0024,-0.0019,0.0041,0.129,,,,
S2B_MSIL2A_20260326T183919_R070_T10SGJ_20260326T235923,2026-03-26,2B,10SGJ,17.6,13008,0.0,0.997,0.0,0.0,0.1145,0.1153,0.1067,0.098,0.1041,0.1191,0.0729,0.219,189.99,5.0,#9aa19f,0.1083
S2B_MSIL2A_20260329T184919_R113_T11SKD_20260329T223928,2026-03-29,2B,11SKD,0.7,13004,0.0,1.0,0.0,0.0,0.0082,0.0126,0.0081,0.0036,0.0023,0.0022,0.0059,0.179,179.75,5.0,#00b4a6,0.0
S2C_MSIL2A_20260403T184921_R113_T11SKD_20260403T233913,2026-04-03,2C,11SKD,0.2,13004,0.0,1.0,0.0,0.0,0.0184,0.0185,0.0162,0.0116,0.0089,0.0088,0.0146,0.183,211.17,3.0,#3caccd,0.0
S2B_MSIL2A_20260405T183919_R070_T11SKD_20260405T235650,2026-04-05,2B,11SKD,4.8,13004,0.0,1.0,0.0,0.0,0.0003,0.0021,-0.0045,-0.0081,-0.0098,-0.0131,-0.0019,0.211,,,,
S2B_MSIL2A_20260408T184919_R113_T11SKD_20260408T223722,2026-04-08,2B,11SKD,27.4,13004,0.0,1.0,0.0,0.0,0.0181,0.0208,0.0147,0.0084,0.0071,0.0062,0.0069,0.096,194.75,4.0,#65abb0,-0.7647
S2C_MSIL2A_20260413T184921_R113_T11SKD_20260413T223110,2026-04-13,2C,11SKD,24.1,13004,0.0,0.995,0.0,0.005,0.0227,0.0161,0.0111,0.0042,0.003,0.003,0.0029,0.058,220.76,3.0,#6ea6d1,-0.8571
S2B_MSIL2A_20260418T184919_R113_T10SGJ_20260418T223701,2026-04-18,2B,10SGJ,1.2,13008,0.0,1.0,0.0,0.0,0.0094,0.01495,0.0089,0.0038,0.0022,-0.0009,0.0076,0.24,184.18,5.0,#00b9b1,0.0
S2C_MSIL2A_20260420T183921_R070_T10SGJ_20260421T000409,2026-04-20,2C,10SGJ,21.1,13008,0.0,1.0,0.0,0.0,0.0039,0.004,0.0011,-0.0008,-0.0034,-0.0053,0.0095,0.283,,,,
S2C_MSIL2A_20260423T184921_R113_T10SGJ_20260423T230910,2026-04-23,2C,10SGJ,0.1,13008,0.0,1.0,0.0,0.0,0.0336,0.0375,0.0331,0.0273,0.0243,0.0237,0.0264,0.215,180.09,5.0,#64aca2,-0.8
S2B_MSIL2A_20260428T184919_R113_T10SGJ_20260428T223109,2026-04-28,2B,10SGJ,58.8,13008,0.0,0.006,0.0,0.994,,,,,,,,,,,,
S2C_MSIL2A_20260430T183921_R070_T10SGJ_20260430T235212,2026-04-30,2C,10SGJ,4.1,13008,0.0,1.0,0.0,0.0,0.0033,0.0032,-0.0001,-0.0025,-0.005,-0.0074,0.006,0.232,,,,
S2B_MSIL2A_20260508T184919_R113_T10SGJ_20260508T223807,2026-05-08,2B,10SGJ,6.1,13008,0.0,0.998,0.0,0.0,0.0568,0.0705,0.0629,0.056,0.0544,0.0552,0.0482,0.121,140.47,6.0,#84a985,-0.1143
S2C_MSIL2A_20260510T183921_R070_T11SKD_20260510T233916,2026-05-10,2C,11SKD,0.0,13004,0.0,0.999,0.0,0.0,0.0007,0.0,-0.0034,-0.0056,-0.0078,-0.01,0.0025,0.218,,,,
S2C_MSIL2A_20260513T184921_R113_T10SGJ_20260513T235009,2026-05-13,2C,10SGJ,0.1,13008,0.0,0.997,0.0,0.0,0.081,0.091,0.0876,0.0829,0.0819,0.0836,0.0775,0.125,112.88,7.0,#8ba974,-0.102
S2A_MSIL2A_20260515T185831_R113_T10SGJ_20260516T025522,2026-05-15,2A,10SGJ,0.0,13008,0.0,0.998,0.0,0.0,0.0457,0.0566,0.0519,0.0463,0.0449,0.0462,0.0403,0.125,125.94,7.0,#87a97c,-0.1321
S2C_MSIL2A_20260520T183921_R070_T10SGJ_20260521T064542,2026-05-20,2C,10SGJ,23.2,13008,0.0,0.997,0.0,0.0,0.0714,0.0719,0.06945,0.0664,0.0725,0.0892,0.0728,0.383,,,,
S2A_MSIL2A_20260522T184831_R070_T11SKD_20260523T023713,2026-05-22,2A,11SKD,22.0,13004,0.0,0.985,0.0,0.014,0.0144,0.0076,0.0034,-0.0006,-0.0031,-0.0097,0.003,0.296,233.26,1.0,#006dff,0.0
S2C_MSIL2A_20260523T184921_R113_T10SGJ_20260523T234313,2026-05-23,2C,10SGJ,0.2,13008,0.0,0.998,0.0,0.0,0.0946,0.1126,0.1071,0.101,0.0996,0.1019,0.093,0.129,101.37,8.0,#8aaa63,-0.0959
S2B_MSIL2A_20260525T183919_R070_T10SGJ_20260525T223217,2026-05-25,2B,10SGJ,4.2,13008,0.0,0.999,0.0,0.0,0.0154,0.0185,0.0117,0.0071,0.0053,0.0016,0.0088,0.207,203.3,4.0,#00b1c8,0.0
S2C_MSIL2A_20260530T183921_R070_T11SKD_20260530T232508,2026-05-30,2C,11SKD,24.3,13004,0.0,0.928,0.0,0.065,-0.0045,-0.0028,-0.0054,-0.0055,-0.0095,-0.0143,0.0105,0.329,,,,
S2C_MSIL2A_20260602T184921_R113_T11SKD_20260602T234853,2026-06-02,2C,11SKD,3.4,13004,0.0,0.992,0.0,0.005,0.1231,0.1411,0.1358,0.1304,0.1294,0.1304,0.1198,0.121,96.32,8.0,#91a868,-0.0495
S2B_MSIL2A_20260607T184919_R113_T10SGJ_20260607T224035,2026-06-07,2B,10SGJ,0.5,13008,0.0,0.996,0.0,0.001,0.1068,0.1282,0.1217,0.116,0.1166,0.1178,0.1046,0.104,95.41,8.0,#90a963,0.0256
S2C_MSIL2A_20260609T183921_R070_T11SKD_20260609T232110,2026-06-09,2C,11SKD,3.2,13004,0.0,0.998,0.0,0.0,0.0078,0.0095,0.0061,0.0043,0.0016,-0.0019,0.0132,0.236,,,,
S2A_MSIL2A_20260611T184831_R070_T11SKD_20260612T023012,2026-06-11,2A,11SKD,0.0,13004,0.0,0.999,0.0,0.0,0.0056,0.0034,0.0012,-0.0021,-0.0044,-0.0082,0.0026,0.191,,,,
S2C_MSIL2A_20260612T184921_R113_T10SGJ_20260612T233713,2026-06-12,2C,10SGJ,0.2,13008,0.0,0.974,0.0,0.024,0.0243,0.0284,0.0255,0.0194,0.0185,0.0197,0.0202,0.113,167.62,5.0,#5daf95,0.0
S2B_MSIL2A_20260614T183919_R070_T10SGJ_20260614T224241,2026-06-14,2B,10SGJ,0.0,13008,0.0,0.998,0.0,0.0,0.0076,0.0113,0.0041,-0.0002,-0.0023,-0.0066,0.0037,0.208,208.26,4.0,#00bae9,0.0
S2B_MSIL2A_20260617T184919_R113_T10SGJ_20260617T223902,2026-06-17,2B,10SGJ,1.8,13008,0.0,0.785,0.0,0.213,0.1188,0.1485,0.1416,0.136,0.138,0.1313,0.1203,0.154,84.45,9.0,#95a856,0.0599
S2C_MSIL2A_20260619T183921_R070_T11SKD_20260619T233627,2026-06-19,2C,11SKD,21.7,13004,0.0,0.759,0.0,0.236,0.0123,0.0112,0.0043,-0.0008,-0.0044,-0.0115,0.0089,0.339,,,,
S2C_MSIL2A_20260622T184921_R113_T10SGJ_20260622T235211,2026-06-22,2C,10SGJ,0.9,13008,0.0,0.798,0.0,0.2,0.1267,0.144,0.1386,0.1332,0.1335,0.1285,0.1237,0.142,99.37,8.0,#8fa869,0.0155
S2B_MSIL2A_20260624T183919_R070_T10SGJ_20260624T223210,2026-06-24,2B,10SGJ,0.0,13008,0.0,0.999,0.0,0.0,0.0143,0.018,0.0106,0.0052,0.0029,-0.0016,0.0077,0.175,202.22,4.0,#00b2c7,0.0
S2B_MSIL2A_20260627T184919_R113_T11SKD_20260627T224223,2026-06-27,2B,11SKD,0.8,13004,0.0,0.991,0.0,0.006,0.0848,0.0975,0.0914,0.0863,0.0864,0.0838,0.0781,0.113,125.39,7.0,#8ba87e,0.0061
S2C_MSIL2A_20260629T183921_R070_T11SKD_20260629T233012,2026-06-29,2C,11SKD,5.5,13004,0.0,0.998,0.0,0.0,0.0072,0.008,0.0032,0.0008,-0.0027,-0.0075,0.0095,0.232,,,,
S2A_MSIL2A_20260701T184831_R070_T11SKD_20260702T023007,2026-07-01,2A,11SKD,1.6,13004,0.0,0.997,0.0,0.0,0.0211,0.0199,0.0202,0.0206,0.0208,0.0223,0.0359,0.387,,,,
S2C_MSIL2A_20260702T184921_R113_T10SGJ_20260702T235216,2026-07-02,2C,10SGJ,3.5,13008,0.0,0.933,0.0,0.065,0.1205,0.137,0.1306,0.1244,0.1241,0.1199,0.115,0.15,112.72,7.0,#8ca875,-0.0162
S2B_MSIL2A_20260704T183919_R070_T11SKD_20260704T222709,2026-07-04,2B,11SKD,0.0,13004,0.0,0.998,0.0,0.0,0.008,0.0109,0.0031,-0.0011,-0.0031,-0.009,0.004,0.224,,,,
S2B_MSIL2A_20260707T184919_R113_T10SGJ_20260707T224253,2026-07-07,2B,10SGJ,0.3,13008,0.0,0.996,0.0,0.001,0.1115,0.1336,0.1258,0.1196,0.1206,0.118,0.1074,0.104,102.1,8.0,#8ea86b,0.0394
S2C_MSIL2A_20260709T183921_R070_T10SGJ_20260709T232952,2026-07-09,2C,10SGJ,0.0,13008,0.0,0.999,0.0,0.0,0.0044,0.0048,0.0007,-0.002,-0.0046,-0.0075,0.0063,0.19,,,,
S2A_MSIL2A_20260714T185831_R113_T10SGJ_20260715T024413,2026-07-14,2A,10SGJ,24.6,13008,0.0,0.6,0.0,0.397,0.079,0.0768,0.0683,0.0597,0.0628,0.0552,0.0535,0.15,209.83,4.0,#7fa5b7,0.2
S2B_MSIL2A_20260717T184919_R113_T10SGJ_20260717T223312,2026-07-17,2B,10SGJ,0.1,13008,0.0,0.996,0.0,0.002,0.0867,0.1064,0.0988,0.092,0.0917,0.0921,0.0823,0.096,111.34,7.0,#89a970,-0.0157
S2C_MSIL2A_20260719T183921_R070_T10SGJ_20260719T233121,2026-07-19,2C,10SGJ,7.9,13008,0.0,0.998,0.0,0.0,0.0067,0.0065,0.0017,-0.0018,-0.0036,-0.0087,0.007,0.246,,,,
S2A_MSIL2A_20260721T184831_R070_T11SKD_20260722T025414,2026-07-21,2A,11SKD,66.9,13004,0.0,0.023,0.0,0.977,,,,,,,,,,,,
S2C_MSIL2A_20260722T184921_R113_T10SGJ_20260722T234914,2026-07-22,2C,10SGJ,4.2,13008,0.0,0.997,0.0,0.0,0.0831,0.0958,0.0906,0.0843,0.0851,0.0817,0.0803,0.121,125.43,7.0,#7bac73,0.0909
S2B_MSIL2A_20260724T183919_R070_T10SGJ_20260724T223143,2026-07-24,2B,10SGJ,0.0,13008,0.0,0.999,0.0,0.0,0.0083,0.0105,0.003,-0.0014,-0.0032,-0.0064,0.0028,0.162,216.5,3.0,#00b4ff,0.0
S2B_MSIL2A_20260727T184919_R113_T10SGJ_20260727T224036,2026-07-27,2B,10SGJ,0.1,13008,0.0,0.997,0.0,0.0,0.0866,0.1023,0.0956,0.0889,0.0883,0.0891,0.0794,0.092,120.4,7.0,#8ba87b,-0.0326
S2C_MSIL2A_20260729T183921_R070_T11SKD_20260729T233215,2026-07-29,2C,11SKD,0.0,13004,0.0,0.998,0.0,0.0,0.0021,0.0019,-0.0026,-0.0055,-0.0079,-0.0104,0.0035,0.186,,,,
S2C_MSIL2A_20260801T184921_R113_T11SKD_20260801T233406,2026-08-01,2C,11SKD,2.0,13004,0.0,0.99,0.0,0.001,0.0585,0.0641,0.0602,0.0548,0.0548,0.0594,0.0545,0.11,165.21,5.0,#5aaf92,0.0
S2A_MSIL2A_20260803T185831_R113_T11SKD_20260804T045713,2026-08-03,2A,11SKD,0.0,13004,0.0,0.997,0.0,0.0,0.0643,0.0728,0.0678,0.0622,0.0614,0.0601,0.0555,0.117,145.6,6.0,#8aa78a,-0.0635
S2B_MSIL2A_20260806T184919_R113_T10SGJ_20260806T224126,2026-08-06,2B,10SGJ,0.0,13008,0.0,0.998,0.0,0.0,0.0447,0.0569,0.0494,0.0426,0.0421,0.041,0.0382,0.125,151.01,6.0,#76ac88,-0.0602
S2C_MSIL2A_20260808T183921_R070_T10SGJ_20260808T233201,2026-08-08,2C,10SGJ,23.9,13008,0.0,0.997,0.0,0.0,0.0119,0.0106,0.005,0.0,-0.0016,-0.0061,0.0065,0.29,,,,
S2A_MSIL2A_20260810T184831_R070_T11SKD_20260811T043612,2026-08-10,2A,11SKD,8.3,13004,0.0,0.998,0.0,0.0,0.0039,0.0012,-0.0017,-0.0046,-0.0059,-0.0118,0.0034,0.279,,,,
S2C_MSIL2A_20260811T184921_R113_T10SGJ_20260812T000210,2026-08-11,2C,10SGJ,11.3,13008,0.0,0.975,0.0,0.006,0.0549,0.0584,0.0536,0.0468,0.0472,0.0476,0.0472,0.187,185.7,5.0,#55aea9,0.0
S2B_MSIL2A_20260813T183919_R070_T10SGJ_20260813T223243,2026-08-13,2B,10SGJ,62.7,13008,0.0,0.0,0.0,1.0,,,,,,,,,,,,
S2B_MSIL2A_20260816T184919_R113_T11SKD_20260816T224133,2026-08-16,2B,11SKD,1.2,13004,0.0,0.998,0.0,0.0,0.0344,0.0445,0.0371,0.0309,0.0302,0.029,0.029,0.138,163.14,5.0,#60af90,-0.2258
S2C_MSIL2A_20260818T183921_R070_T11SKD_20260818T234111,2026-08-18,2C,11SKD,0.9,13004,0.0,0.999,0.0,0.0,-0.002,-0.0017,-0.005,-0.0076,-0.0097,-0.0127,0.0034,0.206,,,,
S2C_MSIL2A_20260821T184911_R113_T10SGJ_20260822T000756,2026-08-21,2C,10SGJ,40.2,13008,0.0,0.591,0.0,0.407,0.05325,0.0566,0.0526,0.0461,0.0482,0.0548,0.0461,0.142,181.8,5.0,#5cada5,0.9091
S2A_MSIL2A_20260823T185831_R113_T10SGJ_20260824T045211,2026-08-23,2A,10SGJ,15.1,13008,0.0,0.997,0.0,0.0,0.0368,0.0393,0.0368,0.03305,0.0352,0.0349,0.0357,0.217,178.04,5.0,#00b5a5,0.0
S2B_MSIL2A_20260826T184919_R113_T10SGJ_20260826T223721,2026-08-26,2B,10SGJ,11.3,13008,0.0,0.971,0.0,0.026,0.0392,0.0463,0.0384,0.031,0.0306,0.0273,0.0283,0.143,179.54,5.0,#6aaca1,-0.08
S2A_MSIL2A_20260830T184831_R070_T10SGJ_20260831T044811,2026-08-30,2A,10SGJ,0.0,13008,0.0,0.999,0.0,0.0,0.0023,-0.0004,-0.0025,-0.0058,-0.0072,-0.0103,0.0002,0.195,,,,
S2C_MSIL2A_20260831T184921_R113_T10SGJ_20260901T001409,2026-08-31,2C,10SGJ,0.2,13008,0.0,0.999,0.0,0.0,0.0195,0.0207,0.0175,0.0118,0.0105,0.0101,0.0146,0.158,199.63,4.0,#47aebb,0.0
S2B_MSIL2A_20260905T184919_R113_T11SKD_20260905T224919,2026-09-05,2B,11SKD,52.9,13004,0.0,0.446,0.0,0.53,,,,,,,,,,,,
S2C_MSIL2A_20260907T183921_R070_T10SGJ_20260907T232614,2026-09-07,2C,10SGJ,0.1,13008,0.0,0.999,0.0,0.0,0.0026,0.0034,0.0002,-0.0034,-0.005,-0.0059,0.0043,0.15,,,,
S2C_MSIL2A_20260910T184931_R113_T11SKD_20260911T102908,2026-09-10,2C,11SKD,36.2,13004,0.0,0.999,0.0,0.0,0.0208,0.0202,0.0158,0.0084,0.0076,0.0055,0.0124,0.142,213.57,3.0,#41abd1,0.0
S2A_MSIL2A_20260912T185831_R113_T10SGJ_20260913T025118,2026-09-12,2A,10SGJ,3.6,13008,0.0,0.999,0.0,0.0,0.0235,0.0253,0.0225,0.0167,0.0158,0.0148,0.0164,0.099,184.29,5.0,#66aca6,-0.5
S2B_MSIL2A_20260915T184919_R113_T10SGJ_20260915T224119,2026-09-15,2B,10SGJ,6.3,13008,0.0,0.998,0.0,0.0,0.0155,0.0211,0.0157,0.0089,0.0081,0.0081,0.0077,0.121,175.62,5.0,#64ad9e,-0.5
S2C_MSIL2A_20260917T184021_R070_T11SKD_20260917T233814,2026-09-17,2C,11SKD,25.9,13004,0.0,0.8,0.0,0.186,0.0235,0.0202,0.0133,0.0061,0.0044,0.0035,0.0084,0.117,219.59,3.0,#3daae0,0.0
S2A_MSIL2A_20260919T184831_R070_T10SGJ_20260920T023113,2026-09-19,2A,10SGJ,0.0,13008,0.0,0.999,0.0,0.0,0.0036,0.0013,-0.0005,-0.0046,-0.0054,-0.0076,0.0,0.15,,,,
S2C_MSIL2A_20260920T185051_R113_T11SKD_20260920T231609,2026-09-20,2C,11SKD,47.9,13004,0.0,0.041,0.0,0.959,,,,,,,,,,,,
S2B_MSIL2A_20260922T184009_R070_T11SKD_20260923T000345,2026-09-22,2B,11SKD,5.4,13004,0.0,0.985,0.0,0.015,0.0014,0.0053,-0.0011,-0.0061,-0.0069,-0.0109,-0.0007,0.223,,,,
S2B_MSIL2A_20260925T185029_R113_T10SGJ_20260925T224348,2026-09-25,2B,10SGJ,37.2,13008,0.0,0.983,0.0,0.017,0.0382,0.0457,0.0445,0.0418,0.0468,0.054,0.0467,0.083,,,,
S2C_MSIL2A_20260930T185201_R113_T10SGJ_20260930T221307,2026-09-30,2C,10SGJ,0.0,13008,0.0,1.0,0.0,0.0,0.0064,0.006,0.0041,-0.0005,-0.0012,-0.0008,0.0037,0.079,223.36,2.0,#00abff,0.0
S2A_MSIL2A_20261002T185831_R113_T11SKD_20261002T233503,2026-10-02,2A,11SKD,7.4,13004,0.0,0.992,0.0,0.0,0.0553,0.0514,0.0524,0.0507,0.0583,0.0823,0.082,0.092,,,,
