id,date,sat,tile,cloud_cover,n_mask,f_nodata,f_water,f_ice,f_cloud,B01,B02,B03,B04,B05,B08,B11,aot,hue,fu,swatch,ndci
S2A_MSIL2A_20170311T185151_R113_T10SGJ_20210208T213823,2017-03-11,2A,10SGJ,18.5,68699,0.0,0.884,0.0,0.116,0.0737,0.0631,0.0558,0.0509,0.0546,0.0545,0.0318,0.076,224.31,2.0,#9b9fb3,0.0883
S2A_MSIL2A_20170331T184921_R113_T10SGJ_20210209T033042,2017-03-31,2A,10SGJ,19.6,68699,0.0,0.896,0.0,0.104,0.0431,0.0352,0.0289,0.0243,0.0255,0.0239,0.0194,0.071,225.23,2.0,#83a2ce,0.1091
S2A_MSIL2A_20170420T184921_R113_T11SKD_20210209T091746,2017-04-20,2A,11SKD,35.7,68700,0.0,0.687,0.0,0.312,0.036,0.0334,0.0286,0.0245,0.0263,0.0261,0.023,0.147,217.74,3.0,#6ca7cc,0.375
S2A_MSIL2A_20170427T183921_R070_T10SGJ_20210209T111112,2017-04-27,2A,10SGJ,25.3,68699,0.0,1.0,0.0,0.0,0.0229,0.0159,0.0134,0.0084,0.0098,0.0085,0.0068,0.105,224.95,2.0,#7da2d2,0.3043
S2A_MSIL2A_20170510T184921_R113_T10SGJ_20210209T143429,2017-05-10,2A,10SGJ,1.4,68699,0.0,1.0,0.0,0.0,0.0207,0.0149,0.0095,0.0043,0.0056,0.0044,0.0035,0.118,222.67,2.0,#62a6dc,0.4483
S2A_MSIL2A_20170517T183921_R070_T10SGJ_20210209T161350,2017-05-17,2A,10SGJ,12.1,68699,0.0,1.0,0.0,0.0,0.0313,0.0249,0.0215,0.016,0.0178,0.0163,0.0143,0.135,222.72,2.0,#79a4cf,0.3462
S2A_MSIL2A_20170530T184921_R113_T11SKD_20210209T191756,2017-05-30,2A,11SKD,2.1,68700,0.0,1.0,0.0,0.0,0.0199,0.0158,0.011,0.0048,0.0058,0.0043,0.0031,0.114,216.86,3.0,#71a6c8,0.2273
S2A_MSIL2A_20170606T183921_R070_T10SGJ_20210209T205824,2017-06-06,2A,10SGJ,1.5,68699,0.0,1.0,0.0,0.0,0.0197,0.0133,0.0081,0.0015,0.0023,0.0013,0.0008,0.105,221.23,2.0,#65a6d7,0.3636
S2A_MSIL2A_20170619T184921_R113_T10SGJ_20210210T001337,2017-06-19,2A,10SGJ,1.7,68699,0.0,0.955,0.0,0.045,0.0436,0.0442,0.0366,0.0288,0.0303,0.0321,0.0253,0.13,203.38,4.0,#74a8b5,0.1765
S2A_MSIL2A_20170626T183921_R070_T10SGJ_20210210T015305,2017-06-26,2A,10SGJ,0.7,68699,0.0,1.0,0.0,0.0,0.0199,0.0142,0.0083,0.0016,0.0028,0.0017,0.0019,0.122,220.93,3.0,#55a8dd,0.8
S2B_MSIL2A_20170704T184919_R113_T11SKD_20210210T044752,2017-07-04,2B,11SKD,1.0,68700,0.0,1.0,0.0,0.0,0.0903,0.1128,0.1055,0.1,0.1024,0.1054,0.0927,0.088,104.95,8.0,#83ab5f,0.1412
S2A_MSIL2A_20170709T184921_R113_T10SGJ_20210210T063521,2017-07-09,2A,10SGJ,0.8,68699,0.0,0.929,0.0,0.071,0.1151,0.1389,0.1366,0.13305,0.1358,0.1395,0.1229,0.126,76.81,10.0,#9ba751,0.1193
S2B_MSIL2A_20170711T183919_R070_T10SGJ_20210210T073718,2017-07-11,2B,10SGJ,0.3,68699,0.0,1.0,0.0,0.0,0.0128,0.016,0.0075,0.0017,0.0028,0.0025,0.0024,0.105,203.34,4.0,#1fafc4,0.6
S2A_MSIL2A_20170716T183921_R070_T10SGJ_20210210T095217,2017-07-16,2A,10SGJ,0.9,68699,0.0,1.0,0.0,0.0,0.0128,0.0073,0.0036,0.0001,0.0001,0.0001,0.0001,0.122,226.14,2.0,#54a5ef,0.0
S2B_MSIL2A_20170724T184919_R113_T10SGJ_20210210T140113,2017-07-24,2B,10SGJ,22.9,68699,0.0,1.0,0.0,0.0,0.0254,0.0263,0.0153,0.0072,0.0081,0.0054,0.0023,0.076,207.2,4.0,#72a8b9,0.0841
S2A_MSIL2A_20170729T184921_R113_T11SKD_20210210T161545,2017-07-29,2A,11SKD,2.7,68700,0.0,1.0,0.0,0.0,0.0211,0.0156,0.0097,0.0039,0.0053,0.0031,0.0021,0.135,220.86,3.0,#6da5d2,0.28
S2B_MSIL2A_20170731T183919_R070_T10SGJ_20210210T173621,2017-07-31,2B,10SGJ,0.8,68699,0.0,1.0,0.0,0.0,0.0166,0.0188,0.0094,0.0031,0.005,0.0031,0.0024,0.18,206.07,4.0,#45adc4,0.5758
S2A_MSIL2A_20170805T183921_R070_T11SKD_20210210T195548,2017-08-05,2A,11SKD,56.0,68700,0.0,0.466,0.0,0.534,,,,,,,,,,,,
S2B_MSIL2A_20170813T184919_R113_T11SKD_20210131T203157,2017-08-13,2B,11SKD,2.3,68700,0.0,1.0,0.0,0.0,0.0146,0.0172,0.0081,0.0026,0.0035,0.0026,0.0014,0.088,205.18,4.0,#4dacc1,0.2727
S2A_MSIL2A_20170818T184921_R113_T10SGJ_20210201T045743,2017-08-18,2A,10SGJ,6.8,68699,0.0,1.0,0.0,0.0,0.0274,0.0201,0.0132,0.0067,0.0074,0.0049,0.0018,0.071,221.64,2.0,#80a3c8,0.0667
S2B_MSIL2A_20170820T183919_R070_T10SGJ_20201015T042032,2017-08-20,2B,10SGJ,1.1,68699,0.0,1.0,0.0,0.0,0.014,0.0179,0.0095,0.0042,0.0072,0.0049,0.0036,0.217,199.52,4.0,#40aebc,0.7143
S2A_MSIL2A_20170825T183921_R070_T10SGJ_20210201T100637,2017-08-25,2A,10SGJ,0.9,68699,0.0,1.0,0.0,0.0,0.02,0.0123,0.0084,0.0027,0.0047,0.0023,0.0019,0.155,224.71,2.0,#6da4dc,0.5556
S2B_MSIL2A_20170902T184909_R113_T11SKD_20210201T171756,2017-09-02,2B,11SKD,0.2,68700,0.0,1.0,0.0,0.0,0.0145,0.0176,0.0092,0.0031,0.0045,0.0025,0.001,0.143,200.28,4.0,#62abb6,0.25
S2A_MSIL2A_20170907T184921_R113_T11SKD_20210201T204658,2017-09-07,2A,11SKD,19.0,68700,0.0,0.89,0.0,0.106,0.0651,0.0558,0.047,0.0376,0.0392,0.0331,0.0257,0.168,219.01,3.0,#8da2ba,0.063
S2B_MSIL2A_20170909T184049_R070_T11SKD_20210201T225338,2017-09-09,2B,11SKD,8.4,68700,0.0,1.0,0.0,0.0,0.0275,0.0278,0.0172,0.0092,0.0105,0.0075,0.0026,0.126,207.42,4.0,#7ba6b6,0.0897
S2A_MSIL2A_20170914T184001_R070_T11SKD_20210202T022918,2017-09-14,2A,11SKD,31.8,68700,0.0,1.0,0.0,0.0,0.023,0.0147,0.011,0.0052,0.0072,0.0048,0.0045,0.159,225.41,2.0,#6ea4df,0.5882
S2B_MSIL2A_20170922T185049_R113_T10SGJ_20210202T081610,2017-09-22,2B,10SGJ,66.0,68699,0.0,0.389,0.0,0.61,,,,,,,,,,,,
S2A_MSIL2A_20170927T185131_R113_T10SGJ_20210202T103953,2017-09-27,2A,10SGJ,0.2,68699,0.0,1.0,0.0,0.0,0.009,0.0067,0.0045,0.0001,0.001,0.0003,0.0003,0.067,214.69,3.0,#65a8c9,0.75
S2A_MSIL2A_20171004T184221_R070_T10SGJ_20210202T134928,2017-10-04,2A,10SGJ,0.2,68699,0.0,1.0,0.0,0.0,0.0058,0.0017,0.0014,0.0001,0.0001,0.0001,0.0001,0.114,233.9,1.0,#7993ff,0.0
S2B_MSIL2A_20171012T185309_R113_T10SGJ_20201019T211551,2017-10-12,2B,10SGJ,1.5,68699,0.0,1.0,0.0,0.0,0.0031,0.0097,0.0048,0.0002,0.0009,0.0007,0.0005,0.097,165.54,5.0,#3cb291,0.6
S2A_MSIL2A_20171017T185401_R113_T11SKD_20201015T001923,2017-10-17,2A,11SKD,62.3,68700,0.0,0.0,0.0,1.0,,,,,,,,,,,,
S2B_MSIL2A_20171019T184349_R070_T11SKD_20201015T010125,2017-10-19,2B,11SKD,15.4,68700,0.0,1.0,0.0,0.0,0.0074,0.0131,0.0068,0.001,0.0025,0.0013,0.0021,0.08,182.13,5.0,#32b1a8,0.6
S2A_MSIL2A_20171024T184441_R070_T10SGJ_20201015T015902,2017-10-24,2A,10SGJ,0.2,68699,0.0,1.0,0.0,0.0,0.0069,0.0022,0.0018,0.0001,0.0001,0.0001,0.0001,0.076,232.98,1.0,#7b9aff,0.0
S2A_MSIL2A_20171106T185601_R113_T11SKD_20201014T182925,2017-11-06,2A,11SKD,17.6,68700,0.0,1.0,0.0,0.0,0.0078,0.0053,0.0036,0.0001,0.0006,0.0001,0.0002,0.067,218.04,3.0,#67a7ce,0.6
S2A_MSIL2A_20171113T184631_R070_T11SKD_20201014T193657,2017-11-13,2A,11SKD,32.6,68700,0.0,0.519,0.001,0.475,0.0348,0.023,0.0212,0.0181,0.0206,0.019,0.0287,0.093,,,,
S2B_MSIL2A_20171118T184639_R070_T11SKD_20201014T204855,2017-11-18,2B,11SKD,2.5,68700,0.0,1.0,0.0,0.0,0.0001,0.0079,0.0024,0.0001,0.0001,0.0001,0.0001,0.067,158.87,6.0,#00b983,0.0
S2B_MSIL2A_20171121T185659_R113_T10SGJ_20201014T212923,2017-11-21,2B,10SGJ,48.4,68699,0.0,0.137,0.003,0.859,,,,,,,,,,,,
S2B_MSIL2A_20171128T184719_R070_T10SGJ_20201014T224749,2017-11-28,2B,10SGJ,1.6,68699,0.0,1.0,0.0,0.0,0.0001,0.0055,0.0002,0.0001,0.0001,0.0001,0.0001,0.071,179.99,5.0,#00c5b0,0.0
S2A_MSIL2A_20180303T184251_R070_T11SKD_20201013T055855,2018-03-03,2A,11SKD,20.1,68700,0.0,1.0,0.0,0.0,0.0208,0.0111,0.0039,0.0001,0.0018,0.0001,0.0001,0.147,228.81,1.0,#319dff,0.8889
S2A_MSIL2A_20180306T185231_R113_T10SGJ_20201013T071634,2018-03-06,2A,10SGJ,48.5,68699,0.0,0.116,0.0,0.884,,,,,,,,,,,,
S2B_MSIL2A_20180308T184209_R070_T11SKD_20201013T081459,2018-03-08,2B,11SKD,35.5,68700,0.0,0.999,0.0,0.001,0.0172,0.0197,0.0118,0.0082,0.0113,0.0101,0.0088,0.147,208.81,4.0,#00b0d3,0.9231
S2B_MSIL2A_20180318T184059_R070_T11SKD_20201013T105742,2018-03-18,2B,11SKD,8.7,68700,0.0,1.0,0.0,0.0,0.0529,0.0519,0.0413,0.0353,0.037,0.0371,0.021,0.093,209.53,4.0,#90a3ae,0.0561
S2A_MSIL2A_20180323T184031_R070_T11SKD_20201013T130422,2018-03-23,2A,11SKD,17.9,68700,0.0,0.999,0.0,0.001,0.0247,0.0174,0.0111,0.0058,0.0066,0.0051,0.0032,0.097,224.04,2.0,#74a4d6,0.1333
S2A_MSIL2A_20180326T185011_R113_T10SGJ_20201013T143223,2018-03-26,2A,10SGJ,2.1,68699,0.0,1.0,0.0,0.0,0.0149,0.0138,0.0097,0.0067,0.0088,0.008,0.0075,0.147,219.06,3.0,#26abe2,0.8571
S2B_MSIL2A_20180328T183949_R070_T10SGJ_20201013T154932,2018-03-28,2B,10SGJ,1.2,68699,0.0,1.0,0.0,0.0,0.0073,0.0092,0.0016,0.0001,0.0005,0.0001,0.0001,0.147,214.09,3.0,#00b2e8,0.6
S2A_MSIL2A_20180402T183921_R070_T10SGJ_20201012T172350,2018-04-02,2A,10SGJ,35.4,68699,0.0,0.86,0.0,0.137,0.0269,0.0198,0.014,0.0083,0.0102,0.0075,0.0077,0.147,223.78,2.0,#5ea6e1,0.6129
S2B_MSIL2A_20180407T183919_R070_T11SKD_20201012T193617,2018-04-07,2B,11SKD,23.5,68700,0.0,1.0,0.0,0.0,0.0279,0.0302,0.0235,0.0186,0.0205,0.0196,0.0145,0.135,198.8,4.0,#7aa7ae,0.1881
S2A_MSIL2A_20180412T183931_R070_T11SKD_20201012T212423,2018-04-12,2A,11SKD,33.4,68700,0.0,0.776,0.0,0.224,0.0311,0.0252,0.0218,0.0171,0.0183,0.0176,0.0178,0.088,225.8,2.0,#5ca5ea,0.6667
S2A_MSIL2A_20180415T184921_R113_T11SKD_20201012T223705,2018-04-15,2A,11SKD,38.9,68700,0.0,0.995,0.0,0.005,0.0723,0.0703,0.0656,0.0608,0.063,0.061,0.0467,0.139,203.61,4.0,#9aa1a5,0.0724
S2B_MSIL2A_20180417T183919_R070_T11SKD_20201012T233405,2018-04-17,2B,11SKD,12.7,68700,0.0,1.0,0.0,0.0,0.0091,0.0105,0.0049,0.0002,0.0018,0.0008,0.0006,0.147,204.85,4.0,#3dadc3,0.8462
S2B_MSIL2A_20180420T184919_R113_T11SKD_20201013T003947,2018-04-20,2B,11SKD,0.8,68700,0.0,1.0,0.0,0.0,0.0108,0.0126,0.006,0.0012,0.002,0.0013,0.0006,0.076,204.1,4.0,#4cacc0,0.4
S2A_MSIL2A_20180422T183921_R070_T10SGJ_20201013T011708,2018-04-22,2A,10SGJ,2.6,68699,0.0,1.0,0.0,0.0,0.016,0.0106,0.0059,0.0012,0.0026,0.0017,0.0012,0.114,223.37,2.0,#54a7e4,0.8667
S2A_MSIL2A_20180425T185031_R113_T11SKD_20201013T023055,2018-04-25,2A,11SKD,0.6,68700,0.0,1.0,0.0,0.0,0.0189,0.0152,0.0087,0.0038,0.005,0.0039,0.0019,0.08,219.31,3.0,#6aa6d0,0.24
S2B_MSIL2A_20180427T183919_R070_T10SGJ_20201013T033251,2018-04-27,2B,10SGJ,1.3,68699,0.0,1.0,0.0,0.0,0.0224,0.0249,0.0166,0.0121,0.0137,0.0134,0.0112,0.122,205.8,4.0,#43adc4,0.4706
S2A_MSIL2A_20180502T183921_R070_T11SKD_20201012T045910,2018-05-02,2A,11SKD,10.2,68700,0.0,1.0,0.0,0.0,0.0142,0.0101,0.0055,0.0005,0.0024,0.0013,0.0019,0.147,223.29,2.0,#48a7e8,0.6667
S2B_MSIL2A_20180507T183919_R070_T10SGJ_20201012T070810,2018-05-07,2B,10SGJ,0.8,68699,0.0,1.0,0.0,0.0,0.0145,0.0154,0.0058,0.0002,0.0012,0.0008,0.0007,0.105,212.14,3.0,#0daed4,0.6667
S2A_MSIL2A_20180512T183921_R070_T10SGJ_20201012T085911,2018-05-12,2A,10SGJ,67.1,68699,0.0,0.861,0.0,0.138,0.0409,0.0298,0.0177,0.0086,0.0091,0.0062,0.0047,0.088,223.02,2.0,#6da5d8,0.0602
S2A_MSIL2A_20180515T184941_R113_T10SGJ_20201012T100932,2018-05-15,2A,10SGJ,61.5,68699,0.0,1.0,0.0,0.0,0.0736,0.0844,0.07,0.0595,0.0598,0.0616,0.0478,0.122,181.77,5.0,#81a7a1,0.0127
S2B_MSIL2A_20180517T183919_R070_T11SKD_20201012T110828,2018-05-17,2B,11SKD,61.2,68700,0.0,0.68,0.0,0.32,0.0501,0.0425,0.0235,0.0105,0.0103,0.0069,0.004,0.097,217.72,3.0,#6ca7cb,-0.0156
S2B_MSIL2A_20180520T184919_R113_T11SKD_20201026T102521,2018-05-20,2B,11SKD,53.4,68700,0.0,0.991,0.0,0.009,0.0944,0.1085,0.0952,0.0876,0.0898,0.0934,0.0749,0.118,168.56,5.0,#86a797,0.0797
S2A_MSIL2A_20180522T183921_R070_T11SKD_20201012T125730,2018-05-22,2A,11SKD,60.4,68700,0.0,0.37,0.0,0.629,,,,,,,,,,,,
S2B_MSIL2A_20180527T183919_R070_T10SGJ_20201012T145233,2018-05-27,2B,10SGJ,27.7,68699,0.0,1.0,0.0,0.0,0.027,0.0265,0.0148,0.0082,0.0101,0.0082,0.008,0.151,214.43,3.0,#27acd7,0.8261
S2A_MSIL2A_20180601T183931_R070_T10SGJ_20201011T223559,2018-06-01,2A,10SGJ,0.6,68699,0.0,1.0,0.0,0.0,0.0192,0.0136,0.0061,0.0005,0.0018,0.0012,0.0014,0.122,223.55,2.0,#37a8ee,0.6
S2A_MSIL2A_20180604T184921_R113_T10SGJ_20201026T151329,2018-06-04,2A,10SGJ,4.5,68699,0.0,1.0,0.0,0.0,0.088,0.0967,0.089,0.0854,0.0875,0.0888,0.0784,0.08,164.34,5.0,#85a895,0.1304
S2B_MSIL2A_20180606T183929_R070_T10SGJ_20201026T174515,2018-06-06,2B,10SGJ,27.3,68699,0.0,0.102,0.0,0.898,,,,,,,,,,,,
S2B_MSIL2A_20180609T184919_R113_T11SKD_20201026T203441,2018-06-09,2B,11SKD,32.3,68700,0.0,0.977,0.0,0.023,0.0906,0.0989,0.0896,0.0858,0.0887,0.0905,0.0777,0.172,176.36,5.0,#85a79c,0.1518
S2A_MSIL2A_20180611T183921_R070_T10SGJ_20201026T215957,2018-06-11,2A,10SGJ,0.4,68699,0.0,1.0,0.0,0.0,0.0165,0.0113,0.0045,0.0001,0.0013,0.0006,0.0011,0.13,225.15,2.0,#22a8f8,0.3333
S2A_MSIL2A_20180614T184921_R113_T10SGJ_20201027T004723,2018-06-14,2A,10SGJ,1.3,68699,0.0,0.999,0.0,0.001,0.0678,0.0828,0.0738,0.0685,0.0695,0.0735,0.0608,0.097,139.91,6.0,#82aa84,0.061
S2B_MSIL2A_20180616T183929_R070_T10SGJ_20201027T022451,2018-06-16,2B,10SGJ,0.3,68699,0.0,1.0,0.0,0.0,0.0327,0.0351,0.0257,0.0216,0.0235,0.0226,0.0218,0.126,209.94,4.0,#00b0d4,0.8889
S2B_MSIL2A_20180619T184919_R113_T10SGJ_20201012T000922,2018-06-19,2B,10SGJ,2.9,68699,0.0,0.772,0.0,0.228,0.1227,0.1506,0.1423,0.1376,0.1404,0.1431,0.1275,0.143,98.57,8.0,#8aaa5e,0.1217
S2A_MSIL2A_20180621T183921_R070_T10SGJ_20201012T004208,2018-06-21,2A,10SGJ,0.4,68699,0.0,1.0,0.0,0.0,0.0163,0.0111,0.0042,0.0001,0.0013,0.0009,0.0017,0.13,226.62,2.0,#00a3ff,0.0
S2A_MSIL2A_20180624T184921_R113_T10SGJ_20201012T015157,2018-06-24,2A,10SGJ,1.0,68699,0.0,0.999,0.0,0.001,0.1201,0.1381,0.1314,0.1279,0.1304,0.1347,0.1167,0.084,97.59,8.0,#92a76c,0.1004
S2B_MSIL2A_20180626T183919_R070_T10SGJ_20201012T024943,2018-06-26,2B,10SGJ,0.2,68699,0.0,1.0,0.0,0.0,0.0132,0.0141,0.0038,0.0001,0.0007,0.0007,0.0019,0.122,218.18,3.0,#00b1f4,0.0
S2B_MSIL2A_20180629T184919_R113_T10SGJ_20201012T035951,2018-06-29,2B,10SGJ,1.4,68699,0.0,0.999,0.0,0.001,0.1136,0.1392,0.1304,0.1259,0.1286,0.1327,0.1172,0.084,104.57,8.0,#85ab61,0.1343
S2A_MSIL2A_20180704T184931_R113_T10SGJ_20201011T115213,2018-07-04,2A,10SGJ,0.6,68699,0.0,1.0,0.0,0.0,0.092,0.1032,0.0995,0.0988,0.1026,0.1065,0.0975,0.143,141.93,6.0,#5db178,0.5937
S2B_MSIL2A_20180706T183919_R070_T11SKD_20201027T025422,2018-07-06,2B,11SKD,5.6,68700,0.0,1.0,0.0,0.0,0.0119,0.0131,0.0033,0.0001,0.0016,0.0011,0.0028,0.184,220.03,3.0,#00abff,0.0
S2B_MSIL2A_20180709T185019_R113_T10SGJ_20201011T135748,2018-07-09,2B,10SGJ,0.8,68699,0.0,1.0,0.0,0.0,0.0778,0.0982,0.0874,0.0819,0.0827,0.0868,0.0747,0.08,128.8,7.0,#7aac75,0.0526
S2A_MSIL2A_20180711T183921_R070_T10SGJ_20201011T143355,2018-07-11,2A,10SGJ,0.8,68699,0.0,1.0,0.0,0.0,0.0185,0.0123,0.0052,0.0003,0.0019,0.0007,0.0024,0.143,227.17,1.0,#00a1ff,0.0
S2A_MSIL2A_20180714T184921_R113_T10SGJ_20201011T154218,2018-07-14,2A,10SGJ,5.6,68699,0.0,1.0,0.0,0.0,0.03,0.0295,0.02,0.0133,0.0141,0.0145,0.0101,0.114,211.08,3.0,#6ba8c1,0.1111
S2B_MSIL2A_20180716T183929_R070_T10SGJ_20201011T164004,2018-07-16,2B,10SGJ,0.3,68699,0.0,1.0,0.0,0.0,0.0154,0.0153,0.0043,0.0001,0.0008,0.0002,0.0006,0.143,217.46,3.0,#00aee8,0.3333
S2B_MSIL2A_20180719T184919_R113_T10SGJ_20201011T174521,2018-07-19,2B,10SGJ,0.4,68699,0.0,1.0,0.0,0.0,0.0246,0.0238,0.0111,0.0043,0.0049,0.0037,0.0014,0.109,214.36,3.0,#5ca9cb,0.0937
S2A_MSIL2A_20180721T183921_R070_T10SGJ_20201011T182055,2018-07-21,2A,10SGJ,10.3,68699,0.0,0.935,0.0,0.064,0.043,0.0339,0.0232,0.0139,0.0167,0.0104,0.0062,0.225,220.29,3.0,#80a3c5,0.1538
S2A_MSIL2A_20180724T184921_R113_T10SGJ_20201011T192859,2018-07-24,2A,10SGJ,2.0,68699,0.0,1.0,0.0,0.0,0.0531,0.0444,0.0306,0.0192,0.0196,0.0131,0.0032,0.139,216.79,3.0,#8ba3b9,0.0123
S2B_MSIL2A_20180726T184029_R070_T10SGJ_20201011T202542,2018-07-26,2B,10SGJ,0.7,68699,0.0,1.0,0.0,0.0,0.0354,0.0358,0.0221,0.0131,0.0154,0.0109,0.0049,0.258,208.87,4.0,#7aa6b8,0.123
S2B_MSIL2A_20180729T184919_R113_T10SGJ_20201011T213156,2018-07-29,2B,10SGJ,10.5,68699,0.0,1.0,0.0,0.0,0.0365,0.0373,0.0225,0.0125,0.0137,0.0089,0.0022,0.274,207.47,4.0,#7ea6b5,0.055
S2A_MSIL2A_20180731T183921_R070_T10SGJ_20201011T220632,2018-07-31,2A,10SGJ,28.2,68699,0.0,0.529,0.0,0.471,0.0905,0.0768,0.0603,0.0436,0.04365,0.0305,0.0129,0.233,215.45,3.0,#93a1b1,0.0008
S2A_MSIL2A_20180803T184921_R113_T10SGJ_20201010T203314,2018-08-03,2A,10SGJ,0.2,68699,0.0,1.0,0.0,0.0,0.0489,0.0536,0.0473,0.0443,0.0473,0.0491,0.0457,0.237,192.93,4.0,#00b6be,0.8824
S2B_MSIL2A_20180805T184019_R070_T10SGJ_20201010T214304,2018-08-05,2B,10SGJ,0.1,68699,0.0,1.0,0.0,0.0,0.0169,0.0183,0.0078,0.002,0.0036,0.003,0.0031,0.184,212.52,3.0,#00aed8,0.6667
S2B_MSIL2A_20180808T184909_R113_T10SGJ_20201010T230610,2018-08-08,2B,10SGJ,0.2,68699,0.0,1.0,0.0,0.0,0.0376,0.0397,0.0254,0.0151,0.0173,0.0109,0.003,0.338,203.54,4.0,#83a5af,0.0833
S2A_MSIL2A_20180810T183921_R070_T10SGJ_20201010T234854,2018-08-10,2A,10SGJ,1.2,68699,0.0,1.0,0.0,0.0,0.0332,0.0292,0.0228,0.0147,0.0178,0.0143,0.0038,0.302,210.14,3.0,#90a2af,0.1245
S2A_MSIL2A_20180813T184921_R113_T10SGJ_20201011T011139,2018-08-13,2A,10SGJ,4.4,68699,0.0,1.0,0.0,0.0,0.0243,0.0201,0.0115,0.0057,0.0071,0.0053,0.0034,0.18,219.29,3.0,#66a7d2,0.2333
S2B_MSIL2A_20180815T184019_R070_T11SKD_20201011T021850,2018-08-15,2B,11SKD,5.5,68700,0.0,1.0,0.0,0.0,0.0225,0.0223,0.0106,0.004,0.0058,0.0035,0.0019,0.176,213.22,3.0,#56aacb,0.3
S2B_MSIL2A_20180818T184909_R113_T10SGJ_20201011T034507,2018-08-18,2B,10SGJ,0.1,68699,0.0,1.0,0.0,0.0,0.0137,0.0162,0.0064,0.002,0.0029,0.0034,0.0034,0.097,211.81,3.0,#00b1dc,0.0
S2A_MSIL2A_20180820T183921_R070_T10SGJ_20201011T042801,2018-08-20,2A,10SGJ,0.2,68699,0.0,1.0,0.0,0.0,0.0182,0.0124,0.0061,0.0014,0.0033,0.0021,0.0025,0.151,225.69,2.0,#34a7f7,0.7778
S2A_MSIL2A_20180823T184921_R113_T11SKD_20201011T055234,2018-08-23,2A,11SKD,0.1,68700,0.0,1.0,0.0,0.0,0.0319,0.0331,0.0258,0.0216,0.0227,0.0236,0.0203,0.109,208.54,4.0,#55abc4,0.2973
S2B_MSIL2A_20180825T183909_R070_T10SGJ_20201027T035118,2018-08-25,2B,10SGJ,0.2,68699,0.0,1.0,0.0,0.0,0.0052,0.0081,0.0001,0.0001,0.0001,0.0001,0.0003,0.213,,,,
S2B_MSIL2A_20180828T185019_R113_T10SGJ_20201103T094419,2018-08-28,2B,10SGJ,0.3,68699,0.0,1.0,0.0,0.0,0.0271,0.0317,0.0215,0.0169,0.0183,0.0183,0.0161,0.118,202.44,4.0,#2aafc2,0.4667
S2A_MSIL2A_20180830T183921_R070_T10SGJ_20201103T150652,2018-08-30,2A,10SGJ,0.9,68699,0.0,1.0,0.0,0.0,0.0095,0.0044,0.0001,0.0001,0.0001,0.0001,0.0001,0.164,,,,
S2A_MSIL2A_20180902T184921_R113_T10SGJ_20201011T073631,2018-09-02,2A,10SGJ,0.2,68699,0.0,1.0,0.0,0.0,0.022,0.0194,0.0117,0.007,0.0084,0.0076,0.006,0.139,218.39,3.0,#51a9d7,0.4118
S2B_MSIL2A_20180904T184019_R070_T10SGJ_20201011T084307,2018-09-04,2B,10SGJ,0.5,68699,0.0,1.0,0.0,0.0,0.0163,0.0185,0.0077,0.0022,0.0051,0.0026,0.0012,0.25,209.21,4.0,#3dadca,0.5918
S2B_MSIL2A_20180907T184909_R113_T10SGJ_20201011T095312,2018-09-07,2B,10SGJ,0.3,68699,0.0,1.0,0.0,0.0,0.0113,0.0124,0.0031,0.0001,0.0001,0.0001,0.0002,0.084,215.2,3.0,#00afe3,0.0
S2A_MSIL2A_20180909T183921_R070_T11SKD_20201008T231613,2018-09-09,2A,11SKD,2.7,68700,0.0,1.0,0.0,0.0,0.0071,0.0023,0.0001,0.0001,0.0001,0.0001,0.0001,0.151,,,,
S2A_MSIL2A_20180912T184951_R113_T11SKD_20201009T002432,2018-09-12,2A,11SKD,10.9,68700,0.0,0.963,0.0,0.037,0.026,0.0282,0.0247,0.0229,0.025,0.0269,0.0235,0.135,197.5,4.0,#00b3c1,0.875
S2B_MSIL2A_20180914T183949_R070_T10SGJ_20201009T012046,2018-09-14,2B,10SGJ,27.9,68699,0.0,0.341,0.0,0.655,,,,,,,,,,,,
S2B_MSIL2A_20180917T185019_R113_T11SKD_20201009T021305,2018-09-17,2B,11SKD,0.1,68700,0.0,1.0,0.0,0.0,0.0092,0.0123,0.0039,0.0002,0.001,0.0013,0.002,0.093,209.91,4.0,#00b3dd,0.0
S2A_MSIL2A_20180919T184031_R070_T10SGJ_20210614T020621,2018-09-19,2A,10SGJ,0.8,68699,0.0,1.0,0.0,0.0,0.0126,0.0058,0.0004,0.0001,0.0001,0.0001,0.0001,0.164,232.45,1.0,#0071ff,0.0
S2A_MSIL2A_20180922T185101_R113_T10SGJ_20201009T034502,2018-09-22,2A,10SGJ,0.7,68699,0.0,1.0,0.0,0.0,0.0107,0.008,0.0024,0.0001,0.0005,0.0004,0.0014,0.105,226.57,2.0,#009bff,0.0
S2B_MSIL2A_20180924T184109_R070_T10SGJ_20201009T043337,2018-09-24,2B,10SGJ,0.1,68699,0.0,1.0,0.0,0.0,0.0034,0.0074,0.0001,0.0001,0.0001,0.0001,0.0001,0.118,,,,
S2B_MSIL2A_20180927T185129_R113_T10SGJ_20201009T054002,2018-09-27,2B,10SGJ,0.1,68699,0.0,1.0,0.0,0.0,0.0201,0.0217,0.0128,0.0087,0.0102,0.0106,0.0091,0.097,211.94,3.0,#00afd7,0.8333
S2A_MSIL2A_20180929T184141_R070_T10SGJ_20201009T061235,2018-09-29,2A,10SGJ,29.1,68699,0.0,0.884,0.0,0.116,0.0485,0.0407,0.0351,0.0302,0.0342,0.0348,0.0273,0.151,225.36,2.0,#7aa3d6,0.4082
S2A_MSIL2A_20181002T185211_R113_T10SGJ_20201009T071746,2018-10-02,2A,10SGJ,45.7,68699,0.0,0.987,0.0,0.012,0.0404,0.0347,0.0257,0.0199,0.0217,0.0191,0.0144,0.071,220.61,3.0,#7ca4c8,0.1406
S2B_MSIL2A_20181007T185249_R113_T10SGJ_20201009T091624,2018-10-07,2B,10SGJ,3.6,68699,0.0,0.981,0.0,0.018,0.0132,0.0167,0.0081,0.0038,0.0049,0.0045,0.0044,0.071,204.94,4.0,#00b1cb,0.6667
S2A_MSIL2A_20181009T184251_R070_T10SGJ_20201009T094849,2018-10-09,2A,10SGJ,0.1,68699,0.0,1.0,0.0,0.0,0.0067,0.0028,0.0001,0.0001,0.0001,0.0001,0.0001,0.101,,,,
S2A_MSIL2A_20181012T185321_R113_T11SKD_20201009T104748,2018-10-12,2A,11SKD,0.1,68700,0.0,1.0,0.0,0.0,0.0113,0.0097,0.0043,0.0008,0.0022,0.0017,0.0022,0.071,221.45,2.0,#00abf0,0.0
S2B_MSIL2A_20181014T184329_R070_T11SKD_20201009T113648,2018-10-14,2B,11SKD,3.5,68700,0.0,1.0,0.0,0.0,0.0056,0.0086,0.0005,0.0001,0.0001,0.0001,0.001,0.109,,,,
S2B_MSIL2A_20181017T185359_R113_T11SKD_20201009T123848,2018-10-17,2B,11SKD,0.1,68700,0.0,1.0,0.0,0.0,0.007,0.0102,0.0018,0.0001,0.0001,0.0001,0.0001,0.067,209.99,4.0,#00b4de,0.0
S2A_MSIL2A_20181019T184401_R070_T10SGJ_20201009T130900,2018-10-19,2A,10SGJ,0.1,68699,0.0,1.0,0.0,0.0,0.0097,0.0051,0.0008,0.0001,0.0001,0.0001,0.0001,0.088,230.77,1.0,#0085ff,0.0
S2A_MSIL2A_20181022T185421_R113_T10SGJ_20201009T141041,2018-10-22,2A,10SGJ,0.6,68699,0.0,1.0,0.0,0.0,0.0116,0.0091,0.0032,0.0001,0.0011,0.0002,0.0003,0.067,221.72,2.0,#17aaec,0.7778
S2B_MSIL2A_20181024T184439_R070_T11SKD_20201009T150134,2018-10-24,2B,11SKD,16.9,68700,0.0,1.0,0.0,0.0,0.0096,0.0117,0.0019,0.0001,0.0001,0.0001,0.001,0.101,217.11,3.0,#00b4fc,0.0
S2B_MSIL2A_20181027T185459_R113_T10SGJ_20201009T160027,2018-10-27,2B,10SGJ,64.6,68699,0.0,0.006,0.0,0.994,,,,,,,,,,,,
S2A_MSIL2A_20181029T184501_R070_T11SKD_20201009T162909,2018-10-29,2A,11SKD,60.7,68700,0.0,1.0,0.0,0.0,0.0303,0.0278,0.0257,0.0233,0.028,0.0295,0.0225,0.147,221.91,2.0,#75a4d0,0.746
S2A_MSIL2A_20181101T185521_R113_T11SKD_20201008T144802,2018-11-01,2A,11SKD,33.0,68700,0.0,1.0,0.0,0.0,0.0149,0.0148,0.0122,0.0101,0.0145,0.0149,0.0141,0.147,,,,
S2B_MSIL2A_20181103T184529_R070_T10SGJ_20201008T153347,2018-11-03,2B,10SGJ,56.4,68699,0.0,0.009,0.0,0.991,,,,,,,,,,,,
S2B_MSIL2A_20181106T185559_R113_T11SKD_20201008T162812,2018-11-06,2B,11SKD,0.7,68700,0.0,1.0,0.0,0.0,0.0058,0.0108,0.0028,0.0001,0.0001,0.0001,0.0001,0.067,197.9,4.0,#00b4c3,0.0
S2A_MSIL2A_20181108T184601_R070_T11SKD_20201008T165452,2018-11-08,2A,11SKD,8.2,68700,0.0,1.0,0.0,0.0,0.007,0.0059,0.0021,0.0001,0.0002,0.0001,0.0005,0.093,220.97,3.0,#00abec,0.0
S2A_MSIL2A_20181111T185621_R113_T11SKD_20201008T174750,2018-11-11,2A,11SKD,6.0,68700,0.0,1.0,0.0,0.0,0.0035,0.0037,0.0003,0.0001,0.0001,0.0001,0.0001,0.067,221.43,2.0,#00a8ff,0.0
S2B_MSIL2A_20181116T185639_R113_T10SGJ_20201008T191305,2018-11-16,2B,10SGJ,0.2,68699,0.0,1.0,0.0,0.0,0.0084,0.0145,0.0064,0.0016,0.0028,0.0015,0.0004,0.067,188.11,5.0,#4caead,0.3333
S2A_MSIL2A_20181118T184641_R070_T11SKD_20201008T193834,2018-11-18,2A,11SKD,1.9,68700,0.001,0.999,0.0,0.0,0.0049,0.0051,0.0014,0.0001,0.0001,0.0001,0.0001,0.071,216.05,3.0,#00aee2,0.0
S2B_MSIL2A_20181123T184709_R070_T10SGJ_20201008T211143,2018-11-23,2B,10SGJ,69.7,68699,0.0,0.033,0.245,0.722,,,,,,,,,,,,
S2A_MSIL2A_20181128T184721_R070_T10SGJ_20201008T222515,2018-11-28,2A,10SGJ,68.6,68699,0.0,0.065,0.004,0.931,,,,,,,,,,,,
S2B_MSIL2A_20190303T184259_R070_T10SGJ_20201109T074254,2019-03-03,2B,10SGJ,67.6,68699,0.0,0.123,0.72,0.157,,,,,,,,,,,,
S2B_MSIL2A_20190306T185239_R113_T11SKD_20201030T185740,2019-03-06,2B,11SKD,49.9,68700,0.0,0.09,0.087,0.823,,,,,,,,,,,,
S2A_MSIL2A_20190308T184211_R070_T10SGJ_20201007T042817,2019-03-08,2A,10SGJ,57.2,68699,0.0,0.54,0.0,0.46,0.0662,0.0577,0.0548,0.0552,0.059,0.0583,0.0588,0.147,,,,
S2A_MSIL2A_20190311T185201_R113_T10SGJ_20201007T053159,2019-03-11,2A,10SGJ,28.4,68699,0.0,0.87,0.0,0.13,0.031,0.0226,0.0132,0.0076,0.0082,0.0063,0.0072,0.105,225.0,2.0,#41a7f1,0.4286
S2B_MSIL2A_20190313T184139_R070_T10SGJ_20201007T062455,2019-03-13,2B,10SGJ,24.2,68699,0.0,1.0,0.0,0.0,0.0051,0.0079,0.0002,0.0001,0.0001,0.0001,0.0002,0.147,,,,
S2A_MSIL2A_20190318T184101_R070_T10SGJ_20201007T075302,2019-03-18,2A,10SGJ,0.7,68699,0.0,1.0,0.0,0.0,0.0092,0.0052,0.0006,0.0001,0.0001,0.0001,0.0001,0.147,230.27,1.0,#0084ff,0.0
S2B_MSIL2A_20190323T184039_R070_T10SGJ_20201007T095455,2019-03-23,2B,10SGJ,63.5,68699,0.0,0.113,0.0,0.887,,,,,,,,,,,,
S2A_MSIL2A_20190328T184031_R070_T11SKD_20201007T113807,2019-03-28,2A,11SKD,35.9,68700,0.0,1.0,0.0,0.0,0.0308,0.0228,0.0156,0.0095,0.0105,0.0077,0.0036,0.088,222.86,2.0,#84a2c8,0.0781
S2A_MSIL2A_20190331T184941_R113_T11SKD_20201007T124615,2019-03-31,2A,11SKD,0.7,68700,0.0,1.0,0.0,0.0,0.0123,0.0093,0.0064,0.0025,0.0047,0.003,0.0024,0.147,219.07,3.0,#5ea8d4,0.9167
S2B_MSIL2A_20190402T183929_R070_T11SKD_20201006T213340,2019-04-02,2B,11SKD,65.6,68700,0.0,0.199,0.101,0.7,,,,,,,,,,,,
S2A_MSIL2A_20190407T183921_R070_T11SKD_20201006T231631,2019-04-07,2A,11SKD,60.2,68700,0.0,0.657,0.001,0.341,0.0505,0.041,0.0378,0.0326,0.0358,0.0335,0.0266,0.147,226.66,2.0,#91a0c4,0.2105
S2A_MSIL2A_20190410T184921_R113_T11SKD_20201007T002709,2019-04-10,2A,11SKD,5.9,68700,0.0,1.0,0.0,0.0,0.0151,0.0129,0.0098,0.006,0.008,0.0072,0.0052,0.147,216.09,3.0,#6ca7c9,0.5556
S2B_MSIL2A_20190412T183929_R070_T10SGJ_20201007T012543,2019-04-12,2B,10SGJ,26.2,68699,0.0,0.983,0.0,0.017,0.0187,0.0188,0.0116,0.0046,0.0057,0.004,0.0022,0.08,206.4,4.0,#6da9ba,0.1864
S2B_MSIL2A_20190415T184919_R113_T10SGJ_20201007T023615,2019-04-15,2B,10SGJ,68.1,68699,0.0,0.0,0.0,1.0,,,,,,,,,,,,
S2A_MSIL2A_20190417T183921_R070_T11SKD_20201007T031226,2019-04-17,2A,11SKD,8.7,68700,0.0,1.0,0.0,0.0,0.0275,0.0222,0.0178,0.0117,0.0136,0.0127,0.0088,0.118,219.04,3.0,#7da4c5,0.2468
S2B_MSIL2A_20190422T183929_R070_T10SGJ_20201105T153553,2019-04-22,2B,10SGJ,0.9,68699,0.0,1.0,0.0,0.0,0.0194,0.0201,0.0119,0.0055,0.0069,0.0057,0.0038,0.084,207.71,4.0,#5faac0,0.2917
S2B_MSIL2A_20190425T184929_R113_T10SGJ_20201105T183829,2019-04-25,2B,10SGJ,0.7,68699,0.0,1.0,0.0,0.0,0.0177,0.0176,0.0078,0.0017,0.0026,0.0015,0.0006,0.076,212.49,3.0,#4cabcd,0.2903
S2A_MSIL2A_20190427T183921_R070_T10SGJ_20201105T201101,2019-04-27,2A,10SGJ,0.7,68699,0.0,1.0,0.0,0.0,0.0202,0.0144,0.0077,0.0019,0.0032,0.0021,0.0007,0.084,221.66,2.0,#62a6d9,0.3514
S2B_MSIL2A_20190502T183929_R070_T10SGJ_20201006T092031,2019-05-02,2B,10SGJ,1.7,68699,0.0,1.0,0.0,0.0,0.0165,0.0177,0.0097,0.0036,0.0048,0.004,0.002,0.097,206.37,4.0,#5eaabf,0.2727
S2B_MSIL2A_20190505T184929_R113_T10SGJ_20201006T103205,2019-05-05,2B,10SGJ,0.8,68699,0.0,1.0,0.0,0.0,0.0206,0.0221,0.0132,0.0068,0.0078,0.0066,0.0036,0.088,205.62,4.0,#6ca9ba,0.1351
S2A_MSIL2A_20190507T183921_R070_T10SGJ_20201006T110900,2019-05-07,2A,10SGJ,24.0,68699,0.0,1.0,0.0,0.0,0.0362,0.0324,0.0284,0.0223,0.0259,0.0255,0.0172,0.205,213.68,3.0,#89a3b6,0.2609
S2A_MSIL2A_20190510T184921_R113_T11SKD_20201006T122322,2019-05-10,2A,11SKD,1.0,68700,0.0,1.0,0.0,0.0,0.0637,0.0705,0.0667,0.0612,0.0626,0.0638,0.0543,0.084,144.41,6.0,#8ea68b,0.0921
S2B_MSIL2A_20190512T183929_R070_T10SGJ_20201006T132644,2019-05-12,2B,10SGJ,18.4,68699,0.0,1.0,0.0,0.0,0.0207,0.0214,0.0114,0.0037,0.0048,0.0035,0.0017,0.114,208.24,4.0,#5eaac1,0.2157
S2A_MSIL2A_20190517T183921_R070_T10SGJ_20201006T151749,2019-05-17,2A,10SGJ,45.8,68699,0.0,1.0,0.0,0.0,0.0352,0.0291,0.0228,0.0145,0.0162,0.0131,0.011,0.147,217.45,3.0,#7aa5c4,0.1954
S2A_MSIL2A_20190520T184921_R113_T11SKD_20201006T163052,2019-05-20,2A,11SKD,25.6,68700,0.0,1.0,0.0,0.0,0.0704,0.0753,0.07,0.0641,0.066,0.0658,0.0577,0.122,172.68,5.0,#88a69a,0.1293
S2B_MSIL2A_20190525T184929_R113_T10SGJ_20201006T182346,2019-05-25,2B,10SGJ,62.0,68699,0.0,1.0,0.0,0.0,0.085,0.0959,0.0819,0.0729,0.0743,0.0746,0.0628,0.105,182.2,5.0,#7ea8a1,0.0648
S2A_MSIL2A_20190530T184921_R113_T10SGJ_20201006T201014,2019-05-30,2A,10SGJ,60.4,68699,0.0,1.0,0.0,0.0,0.0298,0.024,0.0141,0.0062,0.0069,0.0047,0.0019,0.118,218.59,3.0,#73a5ca,0.0753
S2B_MSIL2A_20190601T183929_R070_T11SKD_20201005T205817,2019-06-01,2B,11SKD,13.2,68700,0.0,1.0,0.0,0.0,0.018,0.019,0.009,0.0019,0.0038,0.0021,0.0017,0.151,209.21,4.0,#3badca,0.8261
S2B_MSIL2A_20190604T184929_R113_T10SGJ_20201005T221129,2019-06-04,2B,10SGJ,11.1,68699,0.0,1.0,0.0,0.0,0.0221,0.0224,0.0114,0.0039,0.0048,0.0032,0.0014,0.071,210.3,3.0,#60aac4,0.1525
S2A_MSIL2A_20190606T183921_R070_T10SGJ_20201005T224849,2019-06-06,2A,10SGJ,11.7,68699,0.0,1.0,0.0,0.0,0.0364,0.0323,0.0259,0.0206,0.0223,0.0206,0.019,0.093,219.46,3.0,#67a7d1,0.3469
S2A_MSIL2A_20190609T184921_R113_T10SGJ_20201006T000218,2019-06-09,2A,10SGJ,4.4,68699,0.0,1.0,0.0,0.0,0.1,0.1158,0.1094,0.1038,0.1055,0.109,0.0935,0.084,112.27,7.0,#8fa878,0.0762
S2B_MSIL2A_20190611T183929_R070_T10SGJ_20201006T010425,2019-06-11,2B,10SGJ,0.8,68699,0.0,1.0,0.0,0.0,0.0165,0.0177,0.0083,0.001,0.0019,0.0014,0.0007,0.101,207.56,4.0,#43adc6,0.6
S2B_MSIL2A_20190614T184929_R113_T10SGJ_20201006T021806,2019-06-14,2B,10SGJ,9.9,68699,0.0,1.0,0.0,0.0,0.0238,0.0252,0.0142,0.0056,0.0064,0.0045,0.0017,0.08,205.9,4.0,#6ca9ba,0.093
S2A_MSIL2A_20190616T183921_R070_T10SGJ_20201006T025512,2019-06-16,2A,10SGJ,9.1,68699,0.0,1.0,0.0,0.0,0.022,0.0176,0.0107,0.0034,0.0051,0.003,0.0012,0.143,216.68,3.0,#6ea7c9,0.2787
S2A_MSIL2A_20190619T184921_R113_T10SGJ_20201106T010740,2019-06-19,2A,10SGJ,1.8,68699,0.0,1.0,0.0,0.0,0.0196,0.0167,0.0088,0.0022,0.003,0.0018,0.0011,0.084,215.89,3.0,#5ba9cf,0.2667
S2B_MSIL2A_20190621T183929_R070_T11SKD_20201006T051040,2019-06-21,2B,11SKD,1.2,68700,0.0,1.0,0.0,0.0,0.0159,0.0184,0.0089,0.0024,0.0037,0.0034,0.0034,0.126,207.04,4.0,#1bafca,0.5
S2B_MSIL2A_20190624T184929_R113_T10SGJ_20201006T055906,2019-06-24,2B,10SGJ,2.9,68699,0.0,1.0,0.0,0.0,0.0193,0.0241,0.015,0.0081,0.0094,0.01,0.0085,0.105,196.79,4.0,#31afba,0.8
S2A_MSIL2A_20190626T183921_R070_T10SGJ_20201006T063648,2019-06-26,2A,10SGJ,1.2,68699,0.0,1.0,0.0,0.0,0.0337,0.032,0.0267,0.0207,0.0228,0.0214,0.0207,0.122,212.33,3.0,#54aaca,0.9091
S2A_MSIL2A_20190629T184921_R113_T10SGJ_20201006T075112,2019-06-29,2A,10SGJ,54.5,68699,0.0,0.242,0.0,0.758,,,,,,,,,,,,
S2B_MSIL2A_20190701T183929_R070_T10SGJ_20201005T075934,2019-07-01,2B,10SGJ,1.3,68699,0.0,1.0,0.0,0.0,0.0222,0.0251,0.0176,0.0114,0.0135,0.0138,0.012,0.135,201.09,4.0,#38aebf,0.875
S2B_MSIL2A_20190704T184929_R113_T10SGJ_20201005T092335,2019-07-04,2B,10SGJ,1.4,68699,0.0,0.951,0.0,0.049,0.1155,0.1458,0.1384,0.1333,0.1362,0.1426,0.1255,0.097,103.27,8.0,#85ab5f,0.1568
S2A_MSIL2A_20190706T183921_R070_T10SGJ_20201005T100704,2019-07-06,2A,10SGJ,0.8,68699,0.0,1.0,0.0,0.0,0.0148,0.0118,0.0063,0.0001,0.001,0.0002,0.0004,0.164,216.28,3.0,#53a9d2,0.7143
S2A_MSIL2A_20190709T184921_R113_T10SGJ_20201005T113216,2019-07-09,2A,10SGJ,1.6,68699,0.0,1.0,0.0,0.0,0.0732,0.0875,0.0812,0.0744,0.0762,0.0788,0.0667,0.114,125.02,7.0,#87a97c,0.1047
S2B_MSIL2A_20190711T183929_R070_T10SGJ_20201005T124257,2019-07-11,2B,10SGJ,0.8,68699,0.0,1.0,0.0,0.0,0.0092,0.012,0.0033,0.0001,0.0001,0.0001,0.0001,0.139,208.75,4.0,#00b1d3,0.0
S2B_MSIL2A_20190714T184929_R113_T10SGJ_20201005T141005,2019-07-14,2B,10SGJ,0.6,68699,0.0,1.0,0.0,0.0,0.0633,0.0844,0.0746,0.0679,0.0688,0.073,0.0616,0.08,122.87,7.0,#78ad6d,0.0667
S2A_MSIL2A_20190716T183921_R070_T10SGJ_20201005T145512,2019-07-16,2A,10SGJ,38.2,68699,0.0,0.793,0.0,0.206,0.0676,0.0622,0.0589,0.0555,0.0612,0.061,0.0627,0.164,,,,
S2A_MSIL2A_20190719T184921_R113_T10SGJ_20201005T162510,2019-07-19,2A,10SGJ,0.7,68699,0.0,1.0,0.0,0.0,0.0447,0.0553,0.0476,0.0413,0.0427,0.0447,0.0369,0.109,159.45,6.0,#76ab8f,0.1373
S2B_MSIL2A_20190721T183929_R070_T11SKD_20201005T174511,2019-07-21,2B,11SKD,1.8,68700,0.0,1.0,0.0,0.0,0.0103,0.013,0.0038,0.0001,0.0005,0.0001,0.0005,0.197,209.76,4.0,#00b1d5,0.0
S2B_MSIL2A_20190724T184929_R113_T10SGJ_20201005T191301,2019-07-24,2B,10SGJ,1.4,68699,0.0,1.0,0.0,0.0,0.0605,0.0764,0.0679,0.0625,0.0644,0.0651,0.0579,0.097,134.34,6.0,#73ad77,0.1712
S2A_MSIL2A_20190726T183921_R070_T10SGJ_20201109T145236,2019-07-26,2A,10SGJ,37.5,68699,0.0,0.986,0.0,0.014,0.0268,0.0208,0.0126,0.0047,0.0083,0.0039,0.003,0.225,219.18,3.0,#66a7d1,0.5143
S2A_MSIL2A_20190729T184921_R113_T11SKD_20201106T050510,2019-07-29,2A,11SKD,0.9,68700,0.0,1.0,0.0,0.0,0.0465,0.0524,0.0463,0.0414,0.0433,0.0458,0.037,0.114,173.92,5.0,#7da99c,0.1776
S2B_MSIL2A_20190731T183929_R070_T11SKD_20201005T203319,2019-07-31,2B,11SKD,0.2,68700,0.0,1.0,0.0,0.0,0.0111,0.0132,0.0044,0.0001,0.0012,0.0009,0.001,0.147,210.85,3.0,#00b0d6,0.3333
S2B_MSIL2A_20190803T184929_R113_T10SGJ_20201004T200821,2019-08-03,2B,10SGJ,2.2,68699,0.0,1.0,0.0,0.0,0.0148,0.0171,0.0078,0.0022,0.0031,0.0031,0.002,0.101,206.94,4.0,#2baec9,0.6923
S2A_MSIL2A_20190805T183921_R070_T11SKD_20201004T204357,2019-08-05,2A,11SKD,6.8,68700,0.0,1.0,0.0,0.0,0.0359,0.0325,0.0294,0.0253,0.03,0.0321,0.025,0.209,219.87,3.0,#64a7d4,0.8868
S2A_MSIL2A_20190808T184921_R113_T10SGJ_20201004T215439,2019-08-08,2A,10SGJ,16.7,68699,0.0,0.995,0.0,0.004,0.0532,0.0608,0.0536,0.0477,0.0496,0.0495,0.0421,0.126,170.28,5.0,#7fa999,0.145
S2B_MSIL2A_20190810T183929_R070_T11SKD_20201004T225325,2019-08-10,2B,11SKD,40.0,68700,0.0,0.781,0.0,0.203,0.055,0.0509,0.0351,0.0234,0.0243,0.0193,0.0143,0.147,213.91,3.0,#7aa6bf,0.0471
S2B_MSIL2A_20190813T184929_R113_T11SKD_20201005T000443,2019-08-13,2B,11SKD,0.2,68700,0.0,1.0,0.0,0.0,0.0186,0.022,0.0126,0.0069,0.0077,0.0076,0.0059,0.097,202.97,4.0,#47adbf,0.2857
S2A_MSIL2A_20190815T183931_R070_T10SGJ_20201005T004053,2019-08-15,2A,10SGJ,0.4,68699,0.0,1.0,0.0,0.0,0.0142,0.0098,0.0041,0.0001,0.0007,0.0001,0.0001,0.151,223.0,2.0,#40a8ea,0.7143
S2A_MSIL2A_20190818T184921_R113_T10SGJ_20201005T015233,2019-08-18,2A,10SGJ,0.3,68699,0.0,1.0,0.0,0.0,0.0131,0.0106,0.0046,0.0004,0.0014,0.0009,0.0012,0.105,220.6,3.0,#2aaae6,0.3333
S2B_MSIL2A_20190820T183929_R070_T10SGJ_20201005T025246,2019-08-20,2B,10SGJ,0.2,68699,0.0,1.0,0.0,0.0,0.0099,0.0125,0.004,0.0001,0.0011,0.0008,0.0007,0.151,208.9,4.0,#00b0d3,0.6
S2B_MSIL2A_20190823T184919_R113_T10SGJ_20201005T040434,2019-08-23,2B,10SGJ,0.2,68699,0.0,1.0,0.0,0.0,0.0103,0.0141,0.0068,0.0027,0.0042,0.0042,0.0031,0.114,199.72,4.0,#00b1c1,0.8333
S2A_MSIL2A_20190825T183921_R070_T10SGJ_20201005T044143,2019-08-25,2A,10SGJ,0.5,68699,0.0,1.0,0.0,0.0,0.0122,0.0076,0.0026,0.0001,0.0001,0.0001,0.0002,0.139,226.66,2.0,#23a6ff,0.0
S2A_MSIL2A_20190828T184921_R113_T10SGJ_20201005T055728,2019-08-28,2A,10SGJ,1.8,68699,0.0,0.995,0.0,0.005,0.0155,0.0128,0.0067,0.0018,0.0041,0.002,0.0017,0.147,217.83,3.0,#47aad9,0.92
S2B_MSIL2A_20190830T183919_R070_T10SGJ_20201005T070420,2019-08-30,2B,10SGJ,0.1,68699,0.0,1.0,0.0,0.0,0.0074,0.0107,0.0029,0.0001,0.0003,0.0006,0.0011,0.13,207.98,4.0,#00b4d8,0.0
S2B_MSIL2A_20190902T184919_R113_T10SGJ_20201004T083552,2019-09-02,2B,10SGJ,0.4,68699,0.0,1.0,0.0,0.0,0.0175,0.0222,0.0139,0.0088,0.0099,0.0099,0.0078,0.105,195.63,4.0,#49aeb6,0.3548
S2A_MSIL2A_20190904T183921_R070_T11SKD_20201004T091130,2019-09-04,2A,11SKD,36.9,68700,0.0,0.996,0.0,0.001,0.028,0.0202,0.0126,0.005,0.0072,0.0039,0.0021,0.147,221.45,2.0,#72a5d0,0.275
S2B_MSIL2A_20190909T183919_R070_T10SGJ_20201004T111821,2019-09-09,2B,10SGJ,2.7,68699,0.0,1.0,0.0,0.0,0.0079,0.0112,0.0033,0.0001,0.0013,0.0013,0.0018,0.159,208.99,4.0,#00b4dd,0.0
S2B_MSIL2A_20190912T184949_R113_T11SKD_20201004T122824,2019-09-12,2B,11SKD,0.2,68700,0.0,1.0,0.0,0.0,0.013,0.0163,0.0081,0.0029,0.0038,0.004,0.003,0.101,202.21,4.0,#24afc2,0.7778
S2A_MSIL2A_20190914T184001_R070_T10SGJ_20201004T130342,2019-09-14,2A,10SGJ,0.2,68699,0.0,1.0,0.0,0.0,0.0103,0.0078,0.0029,0.0001,0.0001,0.0001,0.0001,0.13,221.74,2.0,#2ea9e9,0.0
S2A_MSIL2A_20190917T185021_R113_T10SGJ_20201004T141028,2019-09-17,2A,10SGJ,1.0,68699,0.0,1.0,0.0,0.0,0.0104,0.0086,0.0037,0.0001,0.0008,0.0005,0.0003,0.088,218.31,3.0,#3caadd,0.6667
S2B_MSIL2A_20190922T185059_R113_T10SGJ_20201004T161557,2019-09-22,2B,10SGJ,65.0,68699,0.0,0.0,0.0,1.0,,,,,,,,,,,,
S2A_MSIL2A_20190924T184111_R070_T10SGJ_20201004T163648,2019-09-24,2A,10SGJ,0.5,68699,0.0,1.0,0.0,0.0,0.0095,0.0069,0.002,0.0001,0.0001,0.0001,0.0006,0.109,225.64,2.0,#00a4ff,0.0
S2A_MSIL2A_20190927T185131_R113_T10SGJ_20201004T174128,2019-09-27,2A,10SGJ,1.2,68699,0.0,1.0,0.0,0.0,0.0184,0.0176,0.0119,0.0075,0.0092,0.0083,0.0073,0.084,213.24,3.0,#46abd0,0.8095
S2B_MSIL2A_20190929T184139_R070_T11SKD_20201004T183647,2019-09-29,2B,11SKD,42.5,68700,0.0,0.718,0.0,0.28,0.0284,0.0286,0.0161,0.0081,0.01,0.0075,0.0081,0.147,212.25,3.0,#2eadd2,0.9
S2B_MSIL2A_20191002T185209_R113_T11SKD_20201003T215550,2019-10-02,2B,11SKD,1.2,68700,0.0,1.0,0.0,0.0,0.0055,0.0097,0.0021,0.0001,0.0001,0.0001,0.0001,0.097,202.31,4.0,#00b4cc,0.0
S2A_MSIL2A_20191004T184221_R070_T10SGJ_20201003T222908,2019-10-04,2A,10SGJ,1.0,68699,0.0,1.0,0.0,0.0,0.006,0.0045,0.0007,0.0001,0.0001,0.0001,0.0001,0.126,226.09,2.0,#009dff,0.0
S2A_MSIL2A_20191007T185251_R113_T11SKD_20201003T233653,2019-10-07,2A,11SKD,28.5,68700,0.0,0.068,0.0,0.932,,,,,,,,,,,,
S2B_MSIL2A_20191009T184259_R070_T10SGJ_20201004T003223,2019-10-09,2B,10SGJ,2.0,68699,0.0,1.0,0.0,0.0,0.0033,0.0095,0.0019,0.0001,0.0006,0.0006,0.0017,0.13,192.68,4.0,#00c1cb,0.0
S2B_MSIL2A_20191012T185319_R113_T10SGJ_20201004T013906,2019-10-12,2B,10SGJ,0.3,68699,0.0,1.0,0.0,0.0,0.0187,0.0229,0.0125,0.0059,0.0069,0.0046,0.0009,0.168,198.75,4.0,#73a9b1,0.0909
S2A_MSIL2A_20191014T184331_R070_T10SGJ_20201004T021235,2019-10-14,2A,10SGJ,0.3,68699,0.0,1.0,0.0,0.0,0.0094,0.0066,0.003,0.0001,0.0011,0.0001,0.0004,0.147,222.94,2.0,#44a8e8,0.75
S2A_MSIL2A_20191017T185401_R113_T11SKD_20201004T031806,2019-10-17,2A,11SKD,6.8,68700,0.0,1.0,0.0,0.0,0.0122,0.0116,0.0066,0.0024,0.0038,0.003,0.0021,0.071,211.85,3.0,#4fabcb,0.7
S2B_MSIL2A_20191022T185429_R113_T10SGJ_20201004T051310,2019-10-22,2B,10SGJ,8.6,68699,0.0,1.0,0.0,0.0,0.008,0.0127,0.0053,0.0012,0.0027,0.0026,0.0025,0.071,196.85,4.0,#00b3c0,0.3333
S2A_MSIL2A_20191024T184441_R070_T10SGJ_20201004T054452,2019-10-24,2A,10SGJ,24.6,68699,0.0,0.997,0.0,0.003,0.0385,0.0357,0.0329,0.0285,0.0326,0.0352,0.0268,0.135,215.57,3.0,#7ca5c0,0.5467
S2A_MSIL2A_20191027T185501_R113_T10SGJ_20201004T064203,2019-10-27,2A,10SGJ,11.6,68699,0.0,0.946,0.0,0.053,0.0247,0.0227,0.0161,0.0107,0.0114,0.0102,0.0063,0.088,213.23,3.0,#7da5bc,0.0737
S2B_MSIL2A_20191029T184509_R070_T10SGJ_20201004T073024,2019-10-29,2B,10SGJ,10.6,68699,0.0,1.0,0.0,0.0,0.0028,0.0093,0.0022,0.0001,0.0001,0.0003,0.0009,0.088,184.53,5.0,#00bbb3,0.0
S2B_MSIL2A_20191101T185529_R113_T10SGJ_20201003T120643,2019-11-01,2B,10SGJ,0.2,68699,0.0,1.0,0.0,0.0,0.0039,0.0096,0.0026,0.0001,0.0001,0.0001,0.0001,0.063,188.58,5.0,#00b5b4,0.0
S2A_MSIL2A_20191103T184541_R070_T10SGJ_20201003T123915,2019-11-03,2A,10SGJ,0.2,68699,0.0,1.0,0.0,0.0,0.0076,0.0051,0.0019,0.0001,0.0001,0.0001,0.0001,0.08,224.74,2.0,#34a7f3,0.0
S2A_MSIL2A_20191106T185601_R113_T11SKD_20201003T134228,2019-11-06,2A,11SKD,1.2,68700,0.0,1.0,0.0,0.0,0.0069,0.007,0.0028,0.0001,0.0003,0.0001,0.0002,0.071,212.36,3.0,#2eadd2,0.0
S2B_MSIL2A_20191108T184559_R070_T10SGJ_20201003T143608,2019-11-08,2B,10SGJ,0.2,68699,0.0,1.0,0.0,0.0,0.0023,0.0095,0.0021,0.0001,0.0001,0.0001,0.0001,0.067,180.73,5.0,#00b8aa,0.0
S2B_MSIL2A_20191111T185619_R113_T11SKD_20201003T153528,2019-11-11,2B,11SKD,6.3,68700,0.0,1.0,0.0,0.0,0.0169,0.0238,0.0169,0.0133,0.0161,0.0165,0.0125,0.08,177.81,5.0,#3db1a2,0.6364
S2A_MSIL2A_20191113T184631_R070_T11SKD_20201003T160548,2019-11-13,2A,11SKD,30.7,68700,0.0,1.0,0.0,0.0,0.0412,0.0387,0.0354,0.031,0.0344,0.0348,0.0228,0.08,209.14,4.0,#96a1aa,0.1717
S2A_MSIL2A_20191116T185651_R113_T10SGJ_20201003T170359,2019-11-16,2A,10SGJ,0.3,68699,0.0,1.0,0.0,0.0,0.0044,0.005,0.0012,0.0001,0.0001,0.0001,0.0001,0.063,214.75,3.0,#00b0e3,0.0
S2B_MSIL2A_20191118T184649_R070_T10SGJ_20201003T175203,2019-11-18,2B,10SGJ,0.2,68699,0.0,1.0,0.0,0.0,0.0001,0.0074,0.0006,0.0001,0.0001,0.0001,0.0001,0.063,175.92,5.0,#00c2a5,0.0
S2B_MSIL2A_20191121T185659_R113_T10SGJ_20201003T184647,2019-11-21,2B,10SGJ,29.0,68699,0.0,1.0,0.0,0.0,0.0112,0.0163,0.0072,0.0015,0.0028,0.0011,0.0003,0.067,195.64,4.0,#4caeb5,0.3514
S2A_MSIL2A_20191123T184711_R070_T10SGJ_20201003T191353,2019-11-23,2A,10SGJ,6.3,68699,0.0,1.0,0.0,0.0,0.0122,0.01,0.0062,0.0012,0.0028,0.0011,0.0002,0.067,213.38,3.0,#6ca7c4,0.4444
S2B_MSIL2A_20191128T184719_R070_T10SGJ_20201003T203710,2019-11-28,2B,10SGJ,61.2,68699,0.0,0.988,0.0,0.012,0.0174,0.0214,0.0107,0.003,0.0047,0.0022,0.0006,0.126,200.37,4.0,#5fabb7,0.2615
S2A_MSIL2A_20200302T184251_R070_T10SGJ_20200926T002740,2020-03-02,2A,10SGJ,9.3,68699,0.0,1.0,0.0,0.0,0.0143,0.0109,0.0065,0.0019,0.0033,0.0019,0.0009,0.08,218.71,3.0,#68a7cf,0.4118
S2A_MSIL2A_20200305T185241_R113_T10SGJ_20200928T162145,2020-03-05,2A,10SGJ,8.3,68699,0.0,1.0,0.0,0.0,0.0152,0.0124,0.0077,0.0035,0.0048,0.0037,0.0018,0.084,217.85,3.0,#70a6ca,0.2766
S2B_MSIL2A_20200307T184219_R070_T10SGJ_20201003T085143,2020-03-07,2B,10SGJ,63.1,68699,0.0,0.271,0.049,0.68,,,,,,,,,,,,
S2B_MSIL2A_20200310T185109_R113_T10SGJ_20201005T030133,2020-03-10,2B,10SGJ,1.6,68699,0.0,1.0,0.0,0.0,0.0115,0.0149,0.0079,0.0036,0.0046,0.0038,0.0023,0.067,198.15,4.0,#56acb6,0.2778
S2A_MSIL2A_20200312T184141_R070_T10SGJ_20201006T102357,2020-03-12,2A,10SGJ,0.7,68699,0.0,1.0,0.0,0.0,0.0104,0.0083,0.0052,0.0011,0.0027,0.0013,0.0012,0.076,215.91,3.0,#5ba9cf,0.875
S2A_MSIL2A_20200315T185121_R113_T11SKD_20201020T022933,2020-03-15,2A,11SKD,58.6,68700,0.0,0.008,0.967,0.026,,,,,,,,,,,,
S2B_MSIL2A_20200317T184009_R070_T11SKD_20201010T105251,2020-03-17,2B,11SKD,64.8,68700,0.0,0.519,0.0,0.481,0.1006,0.097,0.0822,0.0739,0.0763,0.0733,0.0422,0.147,209.36,4.0,#99a1a9,0.0365
S2B_MSIL2A_20200320T184959_R113_T10SGJ_20201013T045149,2020-03-20,2B,10SGJ,13.0,68699,0.0,0.993,0.0,0.006,0.0181,0.0195,0.0095,0.0041,0.006,0.0043,0.0035,0.147,210.53,3.0,#35adcd,0.6129
S2A_MSIL2A_20200322T184031_R070_T10SGJ_20201014T112045,2020-03-22,2A,10SGJ,7.7,68699,0.0,1.0,0.0,0.0,0.0119,0.008,0.0032,0.0001,0.0008,0.0001,0.0001,0.147,224.03,2.0,#3ca8ee,0.75
S2A_MSIL2A_20200325T185011_R113_T10SGJ_20201019T111448,2020-03-25,2A,10SGJ,49.8,68699,0.0,0.825,0.0,0.174,0.0393,0.0337,0.0257,0.0202,0.0209,0.0193,0.0157,0.118,220.98,2.0,#7aa4ca,0.0722
S2B_MSIL2A_20200327T183929_R070_T11SKD_20201027T115821,2020-03-27,2B,11SKD,10.2,68700,0.0,1.0,0.0,0.0,0.0187,0.0192,0.0103,0.0042,0.0053,0.0041,0.0013,0.093,209.12,4.0,#69a9bf,0.1594
S2A_MSIL2A_20200401T183921_R070_T11SKD_20200924T134814,2020-04-01,2A,11SKD,6.7,68700,0.0,1.0,0.0,0.0,0.0203,0.0151,0.0102,0.0052,0.0066,0.0052,0.0032,0.088,221.53,2.0,#74a5d0,0.2593
S2B_MSIL2A_20200406T183919_R070_T10SGJ_20200925T074357,2020-04-06,2B,10SGJ,66.9,68699,0.0,0.523,0.0,0.477,0.0314,0.0291,0.0171,0.0138,0.0158,0.0158,0.012,0.105,221.0,2.0,#3ba9e4,0.3571
S2B_MSIL2A_20200409T184919_R113_T10SGJ_20200925T173100,2020-04-09,2B,10SGJ,57.2,68699,0.0,0.025,0.006,0.969,,,,,,,,,,,,
S2A_MSIL2A_20200411T183921_R070_T11SKD_20200923T021143,2020-04-11,2A,11SKD,2.3,68700,0.0,1.0,0.0,0.0,0.0216,0.0161,0.0102,0.004,0.0054,0.0035,0.001,0.088,219.74,3.0,#78a5c9,0.1892
S2A_MSIL2A_20200414T184921_R113_T10SGJ_20200923T114751,2020-04-14,2A,10SGJ,2.2,68699,0.0,1.0,0.0,0.0,0.0192,0.0164,0.0109,0.0063,0.0074,0.0068,0.0045,0.084,217.42,3.0,#6da7cb,0.234
S2B_MSIL2A_20200416T183919_R070_T11SKD_20200923T200051,2020-04-16,2B,11SKD,8.2,68700,0.0,1.0,0.0,0.0,0.0215,0.0217,0.0123,0.0063,0.0075,0.0064,0.0041,0.101,211.04,3.0,#60a9c5,0.2143
S2B_MSIL2A_20200419T184909_R113_T10SGJ_20200924T055114,2020-04-19,2B,10SGJ,49.6,68699,0.0,0.989,0.0,0.011,0.0372,0.0406,0.0296,0.0227,0.0236,0.023,0.0174,0.093,202.01,4.0,#73a8b4,0.0783
S2A_MSIL2A_20200421T183921_R070_T11SKD_20200921T123218,2020-04-21,2A,11SKD,11.8,68700,0.0,1.0,0.0,0.0,0.023,0.0167,0.0098,0.0035,0.0046,0.0032,0.001,0.105,221.25,2.0,#70a5d1,0.1803
S2A_MSIL2A_20200424T184921_R113_T11SKD_20200921T220920,2020-04-24,2A,11SKD,2.2,68700,0.0,1.0,0.0,0.0,0.0231,0.0182,0.0105,0.0051,0.0064,0.0052,0.0032,0.08,220.87,3.0,#65a6d6,0.2549
S2B_MSIL2A_20200426T183919_R070_T10SGJ_20200922T060751,2020-04-26,2B,10SGJ,0.7,68699,0.0,1.0,0.0,0.0,0.0165,0.0166,0.0069,0.0013,0.0027,0.0022,0.0011,0.109,213.12,3.0,#2badd4,0.7778
S2A_MSIL2A_20200501T183921_R070_T10SGJ_20200920T014027,2020-05-01,2A,10SGJ,1.9,68699,0.0,1.0,0.0,0.0,0.022,0.0167,0.0103,0.0049,0.0065,0.0056,0.0043,0.122,221.71,2.0,#58a7de,0.5714
S2A_MSIL2A_20200504T184921_R113_T11SKD_20200920T113247,2020-05-04,2A,11SKD,1.4,68700,0.0,1.0,0.0,0.0,0.0202,0.0163,0.0091,0.0031,0.0038,0.0028,0.001,0.093,217.99,3.0,#6aa7cd,0.1429
S2B_MSIL2A_20200506T183919_R070_T11SKD_20200920T194347,2020-05-06,2B,11SKD,5.2,68700,0.0,1.0,0.0,0.0,0.0166,0.0179,0.0084,0.0025,0.0037,0.0034,0.0018,0.126,209.31,4.0,#42acc9,0.4615
S2B_MSIL2A_20200509T184919_R113_T11SKD_20200921T053010,2020-05-09,2B,11SKD,2.0,68700,0.0,1.0,0.0,0.0,0.0297,0.0321,0.0217,0.0163,0.0183,0.0192,0.0154,0.135,208.33,4.0,#3badc9,0.5263
S2A_MSIL2A_20200511T183921_R070_T10SGJ_20200917T184925,2020-05-11,2A,10SGJ,1.2,68699,0.0,1.0,0.0,0.0,0.0321,0.0279,0.021,0.0156,0.0176,0.0165,0.0149,0.13,219.98,3.0,#56a8da,0.5882
S2B_MSIL2A_20200516T183919_R070_T10SGJ_20200909T225429,2020-05-16,2B,10SGJ,39.9,68699,0.0,1.0,0.0,0.0,0.0152,0.0179,0.0084,0.0023,0.0051,0.005,0.0052,0.213,210.42,3.0,#00b1d8,0.0
S2A_MSIL2A_20200521T183921_R070_T10SGJ_20200910T105643,2020-05-21,2A,10SGJ,0.8,68699,0.0,1.0,0.0,0.0,0.021,0.0154,0.008,0.0017,0.0035,0.0022,0.0015,0.139,221.04,2.0,#4da8df,0.8182
S2A_MSIL2A_20200524T184921_R113_T11SKD_20200910T192835,2020-05-24,2A,11SKD,23.0,68700,0.0,0.801,0.0,0.199,0.0559,0.0546,0.0475,0.0421,0.0453,0.047,0.0352,0.126,210.47,3.0,#87a4b4,0.1882
S2B_MSIL2A_20200526T183919_R070_T10SGJ_20200911T023431,2020-05-26,2B,10SGJ,14.9,68699,0.0,1.0,0.0,0.0,0.0181,0.0183,0.0063,0.0001,0.0013,0.0006,0.001,0.139,215.22,3.0,#00aedd,0.5
S2A_MSIL2A_20200531T183921_R070_T11SKD_20200911T151836,2020-05-31,2A,11SKD,3.8,68700,0.0,1.0,0.0,0.0,0.0168,0.0119,0.0043,0.0001,0.002,0.0018,0.0033,0.213,228.49,1.0,#008fff,0.0
S2A_MSIL2A_20200603T184921_R113_T10SGJ_20200826T000129,2020-06-03,2A,10SGJ,1.3,68699,0.0,0.953,0.0,0.047,0.0274,0.022,0.0122,0.0064,0.0073,0.0072,0.0067,0.105,222.26,2.0,#2aa9ec,0.7143
S2B_MSIL2A_20200605T183919_R070_T10SGJ_20200826T073448,2020-06-05,2B,10SGJ,6.9,68699,0.0,1.0,0.0,0.0,0.0376,0.0383,0.0262,0.0201,0.0219,0.0205,0.0188,0.118,212.8,3.0,#42accf,0.4091
S2B_MSIL2A_20200608T184919_R113_T10SGJ_20200826T161925,2020-06-08,2B,10SGJ,1.3,68699,0.0,0.998,0.0,0.002,0.1017,0.1316,0.1203,0.1126,0.1126,0.1228,0.1022,0.101,107.17,8.0,#82ac60,0.0
S2A_MSIL2A_20200610T183921_R070_T11SKD_20200826T205255,2020-06-10,2A,11SKD,11.5,68700,0.0,0.998,0.0,0.002,0.0338,0.0284,0.021,0.0155,0.0189,0.0198,0.0147,0.209,221.81,2.0,#56a7df,0.68
S2A_MSIL2A_20200613T184921_R113_T10SGJ_20200918T171830,2020-06-13,2A,10SGJ,65.7,68699,0.0,0.301,0.0,0.699,,,,,,,,,,,,
S2B_MSIL2A_20200618T184919_R113_T10SGJ_20200823T061809,2020-06-18,2B,10SGJ,0.9,68699,0.0,0.999,0.0,0.001,0.1095,0.1329,0.1225,0.1168,0.1182,0.1241,0.1081,0.08,113.93,7.0,#80ac69,0.0745
S2A_MSIL2A_20200620T183921_R070_T10SGJ_20200823T103638,2020-06-20,2A,10SGJ,45.4,68699,0.0,0.111,0.0,0.889,,,,,,,,,,,,
S2A_MSIL2A_20200623T184921_R113_T10SGJ_20200823T193940,2020-06-23,2A,10SGJ,1.8,68699,0.0,0.986,0.0,0.014,0.0249,0.0193,0.009,0.0032,0.0047,0.004,0.0046,0.13,223.84,2.0,#00a9f7,0.0
S2B_MSIL2A_20200625T183919_R070_T10SGJ_20200824T031420,2020-06-25,2B,10SGJ,6.0,68699,0.0,1.0,0.0,0.0,0.0219,0.0215,0.0085,0.0013,0.0031,0.0017,0.0012,0.164,214.37,3.0,#1eadd8,0.9
S2B_MSIL2A_20200628T184919_R113_T11SKD_20200824T121911,2020-06-28,2B,11SKD,8.2,68700,0.0,0.732,0.0,0.248,0.0755,0.0818,0.0686,0.0626,0.0641,0.0624,0.0586,0.088,199.77,4.0,#62abb6,0.1579
S2A_MSIL2A_20200630T183921_R070_T10SGJ_20200824T165501,2020-06-30,2A,10SGJ,0.5,68699,0.0,1.0,0.0,0.0,0.0347,0.0296,0.0212,0.0156,0.0181,0.0166,0.0166,0.143,223.08,2.0,#29a9ef,0.875
S2A_MSIL2A_20200703T184921_R113_T10SGJ_20200825T014245,2020-07-03,2A,10SGJ,0.8,68699,0.0,1.0,0.0,0.0,0.1066,0.1192,0.1103,0.106,0.1082,0.1113,0.0976,0.105,149.72,6.0,#86a88c,0.1158
S2B_MSIL2A_20200705T183919_R070_T10SGJ_20200825T090149,2020-07-05,2B,10SGJ,0.2,68699,0.0,1.0,0.0,0.0,0.0176,0.0165,0.0036,0.0001,0.0001,0.0001,0.0002,0.122,220.03,3.0,#00aef4,0.0
S2B_MSIL2A_20200708T184919_R113_T10SGJ_20200912T124318,2020-07-08,2B,10SGJ,0.6,68699,0.0,1.0,0.0,0.0,0.0386,0.0447,0.0302,0.0235,0.0243,0.0266,0.0204,0.084,202.39,4.0,#55acbc,0.1143
S2A_MSIL2A_20200710T183921_R070_T10SGJ_20200918T171833,2020-07-10,2A,10SGJ,14.2,68699,0.0,1.0,0.0,0.0,0.0214,0.0135,0.003,0.0001,0.0001,0.0001,0.0001,0.151,227.55,1.0,#009bff,0.0
S2A_MSIL2A_20200713T184921_R113_T10SGJ_20200913T010531,2020-07-13,2A,10SGJ,0.6,68699,0.0,1.0,0.0,0.0,0.0598,0.066,0.0543,0.0481,0.0492,0.0518,0.0431,0.097,195.35,4.0,#6fa9af,0.0991
S2B_MSIL2A_20200715T183919_R070_T10SGJ_20200912T054055,2020-07-15,2B,10SGJ,0.5,68699,0.0,1.0,0.0,0.0,0.0269,0.025,0.0119,0.0065,0.0085,0.0074,0.008,0.159,220.46,3.0,#00adf3,0.6667
S2B_MSIL2A_20200718T184919_R113_T10SGJ_20200816T163019,2020-07-18,2B,10SGJ,0.9,68699,0.0,1.0,0.0,0.0,0.0232,0.0217,0.0079,0.002,0.0032,0.0025,0.0021,0.122,217.96,3.0,#00ade5,0.8333
S2A_MSIL2A_20200720T183921_R070_T10SGJ_20200816T204244,2020-07-20,2A,10SGJ,0.8,68699,0.0,1.0,0.0,0.0,0.0214,0.0139,0.0045,0.0001,0.0027,0.0001,0.0009,0.31,226.74,2.0,#00a3ff,0.8947
S2A_MSIL2A_20200723T184921_R113_T10SGJ_20200817T060412,2020-07-23,2A,10SGJ,3.8,68699,0.0,1.0,0.0,0.0,0.0305,0.024,0.0131,0.0068,0.0083,0.0064,0.0045,0.159,221.97,2.0,#5ea6dc,0.2459
S2B_MSIL2A_20200725T183919_R070_T10SGJ_20201024T201423,2020-07-25,2B,10SGJ,2.1,68699,0.0,1.0,0.0,0.0,0.0212,0.0201,0.0074,0.0015,0.0036,0.0021,0.0016,0.197,217.03,3.0,#00ade1,0.9048
S2B_MSIL2A_20200728T184919_R113_T10SGJ_20200817T230006,2020-07-28,2B,10SGJ,0.9,68699,0.0,1.0,0.0,0.0,0.03,0.032,0.0192,0.013,0.0138,0.0135,0.0105,0.109,210.27,3.0,#54abc7,0.1379
S2A_MSIL2A_20200730T183921_R070_T10SGJ_20200818T035754,2020-07-30,2A,10SGJ,0.2,68699,0.0,1.0,0.0,0.0,0.0213,0.014,0.0053,0.0004,0.0022,0.0012,0.0019,0.147,226.94,2.0,#00a2ff,0.5
S2A_MSIL2A_20200802T184921_R113_T11SKD_20200815T211339,2020-08-02,2A,11SKD,0.2,68700,0.0,1.0,0.0,0.0,0.0325,0.0261,0.0148,0.008,0.0086,0.0066,0.0029,0.18,220.69,3.0,#74a5ce,0.0556
S2B_MSIL2A_20200804T183919_R070_T10SGJ_20200816T044322,2020-08-04,2B,10SGJ,0.2,68699,0.0,1.0,0.0,0.0,0.019,0.0176,0.0059,0.0004,0.0019,0.0012,0.0007,0.13,217.8,3.0,#00ade3,0.8462
S2B_MSIL2A_20200807T184919_R113_T10SGJ_20200815T094955,2020-08-07,2B,10SGJ,0.4,68699,0.0,1.0,0.0,0.0,0.0557,0.0657,0.0554,0.0506,0.0527,0.0534,0.0469,0.122,177.13,5.0,#66ac9f,0.2211
S2A_MSIL2A_20200809T183921_R070_T10SGJ_20200815T144424,2020-08-09,2A,10SGJ,0.9,68699,0.0,1.0,0.0,0.0,0.0178,0.0105,0.0025,0.0001,0.0002,0.0001,0.0005,0.168,228.96,1.0,#0093ff,0.0
S2A_MSIL2A_20200812T184921_R113_T11SKD_20200814T202403,2020-08-12,2A,11SKD,0.2,68700,0.0,1.0,0.0,0.0,0.0203,0.0164,0.008,0.0039,0.0048,0.0051,0.0043,0.088,222.82,2.0,#00aaf2,0.6667
S2B_MSIL2A_20200814T183919_R070_T11SKD_20201025T153752,2020-08-14,2B,11SKD,9.4,68700,0.0,1.0,0.0,0.0,0.0138,0.0134,0.0023,0.0001,0.0001,0.0001,0.0005,0.164,220.92,3.0,#00afff,0.0
S2B_MSIL2A_20200817T184919_R113_T11SKD_20200818T161424,2020-08-17,2B,11SKD,22.2,68700,0.0,0.997,0.0,0.003,0.0591,0.0622,0.0515,0.0454,0.0508,0.0504,0.0349,0.217,200.26,4.0,#88a5ab,0.2045
S2A_MSIL2A_20200819T183921_R070_T10SGJ_20200908T073157,2020-08-19,2A,10SGJ,49.5,68699,0.0,0.721,0.0,0.279,0.175,0.1937,0.1989,0.1753,0.1741,0.13,0.0338,0.505,80.31,10.0,#a89f8a,-0.0043
S2A_MSIL2A_20200822T184921_R113_T11SKD_20200908T080040,2020-08-22,2A,11SKD,0.6,68700,0.0,1.0,0.0,0.0,0.0338,0.0326,0.0245,0.0196,0.0217,0.0196,0.0133,0.258,212.7,3.0,#82a5b9,0.1429
S2B_MSIL2A_20200824T183919_R070_T10SGJ_20200918T171837,2020-08-24,2B,10SGJ,2.2,68699,0.0,1.0,0.0,0.0,0.0239,0.024,0.0127,0.0058,0.0093,0.0046,0.0023,0.25,211.42,3.0,#67a8c3,0.3333
S2B_MSIL2A_20200827T184919_R113_T11SKD_20200907T080951,2020-08-27,2B,11SKD,0.2,68700,0.0,1.0,0.0,0.0,0.0162,0.0188,0.0095,0.0047,0.0057,0.0059,0.0051,0.109,208.24,4.0,#00afcf,0.7143
S2A_MSIL2A_20200829T183921_R070_T10SGJ_20200907T140913,2020-08-29,2A,10SGJ,3.8,68699,0.0,1.0,0.0,0.0,0.0296,0.0219,0.0145,0.0073,0.01,0.0059,0.0021,0.237,221.22,2.0,#7fa3c7,0.2061
S2A_MSIL2A_20200901T184921_R113_T10SGJ_20201026T005041,2020-09-01,2A,10SGJ,0.6,68699,0.0,1.0,0.0,0.0,0.0243,0.024,0.0182,0.0141,0.0153,0.0156,0.0137,0.109,212.21,3.0,#49abcd,0.6
S2B_MSIL2A_20200903T183919_R070_T10SGJ_20201027T151326,2020-09-03,2B,10SGJ,0.2,68699,0.0,1.0,0.0,0.0,0.0056,0.0088,0.0004,0.0001,0.0001,0.0001,0.0001,0.233,213.62,3.0,#00b9fa,0.0
S2A_MSIL2A_20200908T183921_R070_T11SKD_20200911T201250,2020-09-08,2A,11SKD,0.2,68700,0.0,1.0,0.0,0.0,0.014,0.0111,0.0079,0.0045,0.0066,0.0064,0.0082,0.18,,,,
S2A_MSIL2A_20200911T184951_R113_T11SKD_20200913T063720,2020-09-11,2A,11SKD,0.3,68700,0.0,1.0,0.0,0.0,0.0243,0.022,0.0147,0.0082,0.01,0.0061,0.0027,0.262,212.25,3.0,#80a5b9,0.1406
S2B_MSIL2A_20200913T183929_R070_T11SKD_20200918T152802,2020-09-13,2B,11SKD,4.1,68700,0.0,1.0,0.0,0.0,0.14,0.139,0.1186,0.0926,0.0878,0.069,0.0188,0.118,188.62,5.0,#9ba19f,-0.0336
S2B_MSIL2A_20200916T184939_R113_T10SGJ_20200918T122130,2020-09-16,2B,10SGJ,39.5,68699,0.0,1.0,0.0,0.0,0.182,0.1927,0.1756,0.1482,0.142,0.113,0.0302,0.147,155.17,6.0,#a1a095,-0.027
S2A_MSIL2A_20200921T185101_R113_T11SKD_20200924T095458,2020-09-21,2A,11SKD,0.3,68700,0.0,1.0,0.0,0.0,0.0741,0.0666,0.052,0.0369,0.0366,0.0253,0.0061,0.241,209.08,4.0,#95a2ab,-0.0049
S2B_MSIL2A_20200923T184019_R070_T10SGJ_20200926T092338,2020-09-23,2B,10SGJ,0.3,68699,0.0,1.0,0.0,0.0,0.0042,0.0081,0.0005,0.0001,0.0001,0.0001,0.0001,0.114,208.35,4.0,#00bae9,0.0
S2B_MSIL2A_20200926T185049_R113_T11SKD_20200927T191044,2020-09-26,2B,11SKD,16.1,68700,0.0,0.836,0.0,0.164,0.0574,0.0588,0.0485,0.0423,0.0461,0.0485,0.0321,0.109,204.7,4.0,#88a4ae,0.157
S2A_MSIL2A_20200928T184151_R070_T10SGJ_20200930T161211,2020-09-28,2A,10SGJ,0.2,68699,0.0,1.0,0.0,0.0,0.0098,0.0064,0.0021,0.0001,0.0001,0.0001,0.0013,0.105,228.97,1.0,#0091ff,0.0
S2A_MSIL2A_20201001T185221_R113_T11SKD_20201004T054215,2020-10-01,2A,11SKD,0.1,68700,0.0,1.0,0.0,0.0,0.014,0.0112,0.0052,0.0007,0.0015,0.0006,0.0003,0.109,218.62,3.0,#4da9d9,0.5
S2B_MSIL2A_20201003T184129_R070_T10SGJ_20201005T065703,2020-10-03,2B,10SGJ,0.2,68699,0.0,1.0,0.0,0.0,0.0049,0.0107,0.0021,0.0001,0.0019,0.0001,0.0001,0.298,197.3,4.0,#00b6c5,0.8947
S2B_MSIL2A_20201006T185249_R113_T11SKD_20201010T054448,2020-10-06,2B,11SKD,0.1,68700,0.0,1.0,0.0,0.0,0.0397,0.0401,0.0259,0.0163,0.0167,0.0115,0.0026,0.151,206.74,4.0,#87a4b0,0.0144
S2A_MSIL2A_20201011T185321_R113_T10SGJ_20201013T192233,2020-10-11,2A,10SGJ,0.2,68699,0.0,1.0,0.0,0.0,0.0088,0.0069,0.0017,0.0001,0.0001,0.0001,0.0002,0.071,223.8,2.0,#00abfe,0.0
S2B_MSIL2A_20201013T184329_R070_T10SGJ_20201015T033207,2020-10-13,2B,10SGJ,15.7,68699,0.0,1.0,0.0,0.0,0.0072,0.0101,0.0015,0.0001,0.0001,0.0002,0.0013,0.097,215.28,3.0,#00b7ff,0.0
S2B_MSIL2A_20201016T185359_R113_T11SKD_20201027T134057,2020-10-16,2B,11SKD,0.1,68700,0.0,1.0,0.0,0.0,0.0057,0.0092,0.0008,0.0001,0.0001,0.0001,0.0001,0.093,211.32,3.0,#00b8ed,0.0
S2A_MSIL2A_20201018T184411_R070_T10SGJ_20201019T170554,2020-10-18,2A,10SGJ,0.1,68699,0.0,1.0,0.0,0.0,0.0099,0.0051,0.0006,0.0001,0.0001,0.0001,0.0001,0.088,231.23,1.0,#007eff,0.0
S2A_MSIL2A_20201021T185431_R113_T10SGJ_20201022T234530,2020-10-21,2A,10SGJ,1.9,68699,0.0,1.0,0.0,0.0,0.0155,0.0135,0.0079,0.0038,0.0051,0.0041,0.003,0.067,217.06,3.0,#58a9d2,0.4483
S2B_MSIL2A_20201023T184439_R070_T10SGJ_20201028T212256,2020-10-23,2B,10SGJ,0.4,68699,0.0,1.0,0.0,0.0,0.0029,0.0088,0.0006,0.0001,0.0001,0.0001,0.0003,0.088,198.44,4.0,#00bfd6,0.0
S2B_MSIL2A_20201026T185459_R113_T10SGJ_20201030T222225,2020-10-26,2B,10SGJ,0.4,68699,0.0,1.0,0.0,0.0,0.0101,0.0144,0.006,0.0017,0.0029,0.0024,0.0021,0.067,200.64,4.0,#00b1c3,0.7778
S2A_MSIL2A_20201028T184511_R070_T10SGJ_20201101T002412,2020-10-28,2A,10SGJ,0.2,68699,0.0,1.0,0.0,0.0,0.0077,0.004,0.0002,0.0001,0.0001,0.0001,0.0001,0.076,231.66,1.0,#0075ff,0.0
S2A_MSIL2A_20201031T185531_R113_T11SKD_20201102T043324,2020-10-31,2A,11SKD,0.2,68700,0.0,1.0,0.0,0.0,0.0075,0.006,0.0007,0.0001,0.0001,0.0001,0.0001,0.067,225.42,2.0,#009cff,0.0
S2B_MSIL2A_20201105T185559_R113_T11SKD_20201106T221305,2020-11-05,2B,11SKD,0.2,68700,0.0,1.0,0.0,0.0,0.0096,0.0141,0.0049,0.0004,0.0019,0.0009,0.0007,0.08,201.61,4.0,#00b1c5,0.8462
S2A_MSIL2A_20201107T184601_R070_T11SKD_20201108T144901,2020-11-07,2A,11SKD,64.6,68700,0.0,0.818,0.0,0.181,0.049,0.037,0.0275,0.0205,0.022,0.0194,0.0161,0.058,225.71,2.0,#77a3da,0.1456
S2A_MSIL2A_20201110T185621_R113_T10SGJ_20201111T124326,2020-11-10,2A,10SGJ,13.7,68699,0.0,1.0,0.0,0.0,0.0188,0.0161,0.01,0.006,0.0081,0.0075,0.0051,0.084,219.29,3.0,#57a8d8,0.5385
S2B_MSIL2A_20201112T184629_R070_T11SKD_20201113T211928,2020-11-12,2B,11SKD,6.6,68700,0.001,0.999,0.0,0.0,0.0001,0.0055,0.0001,0.0001,0.0001,0.0001,0.0001,0.105,,,,
S2B_MSIL2A_20201115T185649_R113_T11SKD_20201116T204445,2020-11-15,2B,11SKD,16.4,68700,0.0,1.0,0.0,0.0,0.0097,0.014,0.0044,0.0002,0.0012,0.0003,0.0005,0.058,203.9,4.0,#00b1ca,0.75
S2A_MSIL2A_20201117T184651_R070_T11SKD_20201118T184312,2020-11-17,2A,11SKD,56.9,68700,0.0,0.0,0.0,1.0,,,,,,,,,,,,
S2A_MSIL2A_20201120T185711_R113_T11SKD_20201122T002739,2020-11-20,2A,11SKD,11.5,68700,0.0,0.879,0.0,0.121,0.1078,0.1029,0.0946,0.0877,0.0916,0.0924,0.0541,0.076,204.78,4.0,#a09fa2,0.0549
S2B_MSIL2A_20201122T184709_R070_T11SKD_20201123T151433,2020-11-22,2B,11SKD,1.4,68700,0.0,1.0,0.0,0.0,0.0075,0.0145,0.0061,0.0013,0.0035,0.0021,0.0013,0.084,186.0,5.0,#01b2ae,0.913
S2B_MSIL2A_20201125T185719_R113_T10SGJ_20201126T110519,2020-11-25,2B,10SGJ,34.7,68699,0.0,0.965,0.0,0.034,0.017,0.0205,0.0097,0.0035,0.0047,0.0027,0.0015,0.058,204.14,4.0,#55acbe,0.2308
S2A_MSIL2A_20201127T184731_R070_T11SKD_20201128T160010,2020-11-27,2A,11SKD,1.6,68700,0.0,1.0,0.0,0.0,0.0071,0.0045,0.0013,0.0001,0.0001,0.0001,0.0001,0.071,227.1,2.0,#00a2ff,0.0
S2A_MSIL2A_20201130T185741_R113_T10SGJ_20201202T022047,2020-11-30,2A,10SGJ,1.0,68699,0.0,1.0,0.0,0.0,0.0092,0.0085,0.0035,0.0002,0.0012,0.0003,0.0001,0.058,214.79,3.0,#38acd5,0.8333
S2B_MSIL2A_20210302T184259_R070_T10SGJ_20210303T073454,2021-03-02,2B,10SGJ,40.3,68699,0.0,0.826,0.0,0.174,0.0213,0.0277,0.0226,0.0204,0.024,0.0247,0.0177,0.147,161.86,6.0,#74ab91,0.4
S2B_MSIL2A_20210305T185239_R113_T11SKD_20210306T183307,2021-03-05,2B,11SKD,12.3,68700,0.0,1.0,0.0,0.0,0.0109,0.0155,0.0091,0.0057,0.008,0.0086,0.0067,0.135,193.11,4.0,#00b4ba,0.8571
S2A_MSIL2A_20210307T184221_R070_T11SKD_20210308T031307,2021-03-07,2A,11SKD,1.3,68700,0.0,1.0,0.0,0.0,0.0057,0.003,0.0007,0.0001,0.0011,0.0001,0.0006,0.147,232.47,1.0,#0071ff,0.6667
S2B_MSIL2A_20210312T184049_R070_T10SGJ_20210313T205721,2021-03-12,2B,10SGJ,24.3,68699,0.0,0.986,0.0,0.014,0.0096,0.0126,0.0045,0.0001,0.0022,0.0008,0.0009,0.147,205.96,4.0,#00b0cc,0.8571
S2B_MSIL2A_20210315T185039_R113_T10SGJ_20210317T082427,2021-03-15,2B,10SGJ,64.3,68699,0.0,0.995,0.0,0.005,0.0171,0.0189,0.009,0.0046,0.0057,0.0051,0.0044,0.126,211.18,3.0,#00aed4,0.7333
S2A_MSIL2A_20210320T185051_R113_T11SKD_20210321T151559,2021-03-20,2A,11SKD,53.3,68700,0.0,0.824,0.0,0.176,0.0334,0.0285,0.0211,0.016,0.0168,0.0153,0.0117,0.126,220.47,3.0,#7ba4c9,0.0851
S2A_MSIL2A_20210327T184001_R070_T10SGJ_20210328T054753,2021-03-27,2A,10SGJ,1.0,68699,0.0,1.0,0.0,0.0,0.0148,0.0105,0.0057,0.001,0.0025,0.0015,0.0003,0.08,220.89,3.0,#61a7d8,0.5172
S2A_MSIL2A_20210330T184941_R113_T10SGJ_20210331T090938,2021-03-30,2A,10SGJ,3.5,68699,0.0,1.0,0.0,0.0,0.0232,0.0229,0.0183,0.0143,0.0153,0.0153,0.0118,0.08,208.28,4.0,#78a7b9,0.1667
S2B_MSIL2A_20210401T183919_R070_T10SGJ_20210402T191511,2021-04-01,2B,10SGJ,1.3,68699,0.0,1.0,0.0,0.0,0.0136,0.0152,0.0067,0.0019,0.0034,0.0024,0.001,0.088,208.67,4.0,#46acc8,0.4545
S2B_MSIL2A_20210404T184919_R113_T11SKD_20210405T122714,2021-04-04,2B,11SKD,6.9,68700,0.0,0.569,0.0,0.431,0.036,0.0418,0.0306,0.0242,0.0261,0.0286,0.0175,0.135,194.44,4.0,#79a8ab,0.1242
S2A_MSIL2A_20210406T183911_R070_T10SGJ_20210408T210206,2021-04-06,2A,10SGJ,0.8,68699,0.0,1.0,0.0,0.0,0.0166,0.0121,0.0063,0.0016,0.0028,0.002,0.0009,0.097,221.47,2.0,#5aa7dc,0.4615
S2A_MSIL2A_20210409T184911_R113_T11SKD_20210411T053649,2021-04-09,2A,11SKD,0.7,68700,0.0,1.0,0.0,0.0,0.0182,0.0143,0.0078,0.0033,0.0043,0.0032,0.0015,0.076,220.47,3.0,#68a6d4,0.2174
S2B_MSIL2A_20210411T183919_R070_T10SGJ_20210412T115728,2021-04-11,2B,10SGJ,1.5,68699,0.0,1.0,0.0,0.0,0.0102,0.0122,0.0038,0.0001,0.0005,0.0006,0.0005,0.114,210.76,3.0,#00b0d6,0.0
S2B_MSIL2A_20210414T184919_R113_T11SKD_20210415T191127,2021-04-14,2B,11SKD,65.8,68700,0.0,0.976,0.0,0.024,0.0266,0.0243,0.0118,0.0051,0.0065,0.004,0.0027,0.147,216.79,3.0,#58a9d2,0.2258
S2A_MSIL2A_20210416T183911_R070_T10SGJ_20210417T073214,2021-04-16,2A,10SGJ,35.7,68699,0.0,0.914,0.0,0.086,0.023,0.0172,0.0101,0.0041,0.0051,0.0034,0.0018,0.114,221.06,2.0,#6da5d2,0.1786
S2A_MSIL2A_20210419T184911_R113_T11SKD_20210420T121430,2021-04-19,2A,11SKD,0.4,68700,0.0,1.0,0.0,0.0,0.0189,0.0148,0.0081,0.0036,0.0045,0.0032,0.0013,0.08,220.69,3.0,#6da6d1,0.1636
S2B_MSIL2A_20210421T183909_R070_T10SGJ_20210422T222525,2021-04-21,2B,10SGJ,2.2,68699,0.0,1.0,0.0,0.0,0.0117,0.014,0.0061,0.0012,0.0027,0.0021,0.0014,0.126,206.05,4.0,#21afc8,0.8571
S2B_MSIL2A_20210424T184909_R113_T11SKD_20210426T012254,2021-04-24,2B,11SKD,55.2,68700,0.0,0.616,0.0,0.382,0.0608,0.0639,0.0515,0.0441,0.0452,0.0435,0.0379,0.147,204.18,4.0,#75a8b5,0.0815
S2A_MSIL2A_20210426T183921_R070_T11SKD_20210427T085127,2021-04-26,2A,11SKD,39.5,68700,0.0,1.0,0.0,0.0,0.029,0.023,0.0163,0.0104,0.0116,0.01,0.0082,0.093,221.49,2.0,#6ea5d3,0.2143
S2A_MSIL2A_20210429T184921_R113_T11SKD_20210430T125445,2021-04-29,2A,11SKD,8.1,68700,0.0,1.0,0.0,0.0,0.0177,0.0133,0.0056,0.001,0.002,0.0013,0.0009,0.093,221.93,2.0,#33a9e9,0.8333
S2B_MSIL2A_20210501T183919_R070_T10SGJ_20210502T120446,2021-05-01,2B,10SGJ,1.0,68699,0.0,1.0,0.0,0.0,0.0246,0.0254,0.0158,0.0107,0.012,0.0115,0.01,0.114,211.95,3.0,#39accf,0.4815
S2B_MSIL2A_20210504T184919_R113_T10SGJ_20210505T055927,2021-05-04,2B,10SGJ,0.8,68699,0.0,1.0,0.0,0.0,0.0189,0.0187,0.0073,0.0015,0.0026,0.0018,0.0008,0.08,214.55,3.0,#33acd5,0.44
S2A_MSIL2A_20210506T183921_R070_T10SGJ_20210508T080115,2021-05-06,2A,10SGJ,39.7,68699,0.0,0.659,0.0,0.341,0.0723,0.0649,0.0571,0.0503,0.0545,0.0546,0.0408,0.159,220.25,3.0,#8ca2bc,0.181
S2A_MSIL2A_20210509T184921_R113_T11SKD_20210510T191718,2021-05-09,2A,11SKD,2.6,68700,0.0,1.0,0.0,0.0,0.0691,0.0744,0.0651,0.0599,0.0612,0.0633,0.0536,0.105,191.41,4.0,#7da7a8,0.0935
S2B_MSIL2A_20210511T183919_R070_T10SGJ_20210512T045507,2021-05-11,2B,10SGJ,0.8,68699,0.0,1.0,0.0,0.0,0.0281,0.0276,0.0152,0.0096,0.011,0.0106,0.01,0.118,216.72,3.0,#00ade2,0.8182
S2B_MSIL2A_20210514T184919_R113_T10SGJ_20210516T051926,2021-05-14,2B,10SGJ,5.5,68699,0.0,1.0,0.0,0.0,0.0323,0.0325,0.019,0.0129,0.0146,0.0152,0.0116,0.122,214.62,3.0,#3aacd5,0.3953
S2A_MSIL2A_20210516T183921_R070_T10SGJ_20210518T103508,2021-05-16,2A,10SGJ,43.8,68699,0.0,0.781,0.0,0.216,0.0474,0.0343,0.0189,0.0093,0.0105,0.0068,0.0068,0.172,224.11,2.0,#5aa6e4,0.1935
S2A_MSIL2A_20210519T184921_R113_T10SGJ_20210520T205630,2021-05-19,2A,10SGJ,1.8,68699,0.0,1.0,0.0,0.0,0.0802,0.0831,0.0743,0.0702,0.0725,0.072,0.0651,0.097,202.77,4.0,#79a7b3,0.184
S2B_MSIL2A_20210524T184919_R113_T10SGJ_20210525T083556,2021-05-24,2B,10SGJ,12.3,68699,0.0,0.999,0.0,0.001,0.0217,0.0213,0.0074,0.0009,0.0019,0.0013,0.0011,0.118,215.95,3.0,#00addf,0.7778
S2A_MSIL2A_20210526T183921_R070_T11SKD_20210527T125955,2021-05-26,2A,11SKD,55.4,68700,0.0,0.896,0.0,0.104,0.0512,0.0402,0.0269,0.0188,0.0209,0.0198,0.0143,0.147,223.72,2.0,#6da4da,0.1892
S2A_MSIL2A_20210529T184921_R113_T10SGJ_20210530T064844,2021-05-29,2A,10SGJ,25.0,68699,0.0,0.658,0.0,0.342,0.1018,0.0968,0.084,0.0769,0.0813,0.0821,0.0543,0.18,214.32,3.0,#95a1ae,0.0887
S2B_MSIL2A_20210531T183919_R070_T11SKD_20210601T130142,2021-05-31,2B,11SKD,1.5,68700,0.0,0.99,0.0,0.01,0.0197,0.0187,0.0044,0.0001,0.001,0.0007,0.0034,0.205,223.05,2.0,#00a2ff,0.0
S2B_MSIL2A_20210603T184919_R113_T10SGJ_20210604T095229,2021-06-03,2B,10SGJ,1.8,68699,0.0,1.0,0.0,0.0,0.0298,0.027,0.0115,0.0043,0.0051,0.0036,0.0019,0.118,217.89,3.0,#4da9d7,0.1429
S2A_MSIL2A_20210605T183921_R070_T10SGJ_20210606T074301,2021-06-05,2A,10SGJ,41.6,68699,0.0,0.0,0.0,1.0,,,,,,,,,,,,
S2A_MSIL2A_20210608T184921_R113_T11SKD_20210612T175007,2021-06-08,2A,11SKD,3.7,68700,0.0,0.638,0.0,0.0,0.1102,0.1124,0.1024,0.0979,0.0996,0.0997,0.0896,0.097,205.04,4.0,#84a5b0,0.0929
S2B_MSIL2A_20210610T183919_R070_T10SGJ_20210613T220553,2021-06-10,2B,10SGJ,3.5,68699,0.0,1.0,0.0,0.0,0.0283,0.0278,0.0157,0.0099,0.0115,0.0114,0.011,0.139,217.23,3.0,#00ade5,0.6667
S2B_MSIL2A_20210613T184919_R113_T10SGJ_20210615T044352,2021-06-13,2B,10SGJ,1.4,68699,0.0,1.0,0.0,0.0,0.0883,0.1098,0.0956,0.0891,0.0908,0.0953,0.0814,0.093,148.42,6.0,#73ac85,0.0994
S2A_MSIL2A_20210615T183921_R070_T10SGJ_20210616T042002,2021-06-15,2A,10SGJ,0.3,68699,0.0,1.0,0.0,0.0,0.0419,0.0345,0.026,0.0212,0.0238,0.0222,0.0223,0.155,226.73,2.0,#0aa4ff,0.875
S2A_MSIL2A_20210618T184921_R113_T10SGJ_20210619T064004,2021-06-18,2A,10SGJ,2.8,68699,0.0,0.846,0.0,0.154,0.0492,0.0408,0.0309,0.02555,0.0281,0.0284,0.0279,0.168,227.95,1.0,#009aff,0.3333
S2B_MSIL2A_20210620T183919_R070_T10SGJ_20210621T102317,2021-06-20,2B,10SGJ,0.6,68699,0.0,1.0,0.0,0.0,0.0268,0.0253,0.0122,0.006,0.008,0.0063,0.0054,0.197,217.02,3.0,#27acdd,0.625
S2B_MSIL2A_20210623T184919_R113_T10SGJ_20210626T061652,2021-06-23,2B,10SGJ,7.5,68699,0.0,1.0,0.0,0.0,0.106,0.1262,0.1133,0.1071,0.1091,0.1125,0.0992,0.135,145.37,6.0,#78ac83,0.1124
S2A_MSIL2A_20210625T183921_R070_T11SKD_20210626T092459,2021-06-25,2A,11SKD,1.9,68700,0.0,1.0,0.0,0.0,0.0202,0.0114,0.0018,0.0001,0.0001,0.0001,0.0003,0.282,229.94,1.0,#0089ff,0.0
S2A_MSIL2A_20210628T184921_R113_T10SGJ_20210630T070744,2021-06-28,2A,10SGJ,0.9,68699,0.0,1.0,0.0,0.0,0.0264,0.0185,0.0076,0.0023,0.0023,0.0023,0.0023,0.155,224.9,2.0,#19a8f8,0.0
S2B_MSIL2A_20210630T183919_R070_T11SKD_20210701T140916,2021-06-30,2B,11SKD,2.4,68700,0.0,1.0,0.0,0.0,0.0255,0.0221,0.008,0.0019,0.0031,0.0023,0.0027,0.27,220.73,3.0,#00acef,0.6
S2A_MSIL2A_20210705T183921_R070_T10SGJ_20210710T031158,2021-07-05,2A,10SGJ,0.8,68699,0.0,1.0,0.0,0.0,0.0241,0.0146,0.0049,0.0001,0.0001,0.0001,0.0003,0.213,227.06,2.0,#1da4ff,0.0
S2A_MSIL2A_20210708T184921_R113_T10SGJ_20210709T144158,2021-07-08,2A,10SGJ,1.8,68699,0.0,1.0,0.0,0.0,0.08,0.0904,0.0803,0.0744,0.0745,0.0779,0.0661,0.114,170.24,5.0,#81a899,0.006
S2B_MSIL2A_20210710T183919_R070_T11SKD_20210711T040049,2021-07-10,2B,11SKD,1.6,68700,0.0,1.0,0.0,0.0,0.0224,0.019,0.0058,0.0001,0.0004,0.0001,0.0005,0.245,220.59,3.0,#00aced,0.0
S2B_MSIL2A_20210713T184919_R113_T10SGJ_20210714T085234,2021-07-13,2B,10SGJ,2.7,68699,0.0,1.0,0.0,0.0,0.0664,0.0786,0.066,0.0604,0.0615,0.0633,0.0561,0.151,177.43,5.0,#64ad9f,0.1134
S2A_MSIL2A_20210715T183921_R070_T10SGJ_20210716T115108,2021-07-15,2A,10SGJ,0.2,68699,0.0,1.0,0.0,0.0,0.0249,0.0155,0.0065,0.0017,0.0018,0.0026,0.0037,0.197,229.11,1.0,#0095ff,0.0
S2A_MSIL2A_20210718T184921_R113_T10SGJ_20210719T072401,2021-07-18,2A,10SGJ,46.5,68699,0.0,0.73,0.0,0.27,0.1036,0.0998,0.0826,0.0715,0.0732,0.0714,0.0462,0.229,210.6,3.0,#91a2ae,0.0325
S2B_MSIL2A_20210720T183919_R070_T11SKD_20210721T060740,2021-07-20,2B,11SKD,5.6,68700,0.0,1.0,0.0,0.0,0.0211,0.0179,0.0051,0.0001,0.0002,0.0001,0.0012,0.229,221.91,2.0,#00acf7,0.0
S2B_MSIL2A_20210723T184919_R113_T10SGJ_20210724T064902,2021-07-23,2B,10SGJ,0.6,68699,0.0,1.0,0.0,0.0,0.102,0.1051,0.0909,0.0831,0.084,0.0839,0.0659,0.168,201.36,4.0,#8da4aa,0.0255
S2A_MSIL2A_20210725T183921_R070_T10SGJ_20210726T164159,2021-07-25,2A,10SGJ,40.8,68699,0.0,0.969,0.0,0.031,0.1216,0.1098,0.0943,0.0739,0.0735,0.0541,0.0212,0.525,205.93,4.0,#9ba1a6,-0.0038
S2A_MSIL2A_20210728T184921_R113_T11SKD_20210729T094925,2021-07-28,2A,11SKD,4.7,68700,0.0,1.0,0.0,0.0,0.0584,0.0636,0.0545,0.0492,0.0496,0.0513,0.0438,0.184,191.76,4.0,#79a8aa,0.0357
S2B_MSIL2A_20210730T183919_R070_T10SGJ_20210731T040841,2021-07-30,2B,10SGJ,66.8,68699,0.0,0.787,0.0,0.208,0.1104,0.1027,0.0877,0.08,0.0854,0.0799,0.0928,0.147,,,,
S2B_MSIL2A_20210802T184919_R113_T10SGJ_20210803T110945,2021-08-02,2B,10SGJ,0.6,68699,0.0,1.0,0.0,0.0,0.0451,0.0504,0.0382,0.0316,0.0315,0.0326,0.0271,0.13,199.64,4.0,#6aaab4,-0.0112
S2A_MSIL2A_20210804T183921_R070_T10SGJ_20210805T042606,2021-08-04,2A,10SGJ,0.5,68699,0.0,1.0,0.0,0.0,0.0237,0.015,0.0062,0.0003,0.0001,0.0003,0.001,0.184,225.95,2.0,#35a6f8,0.0
S2A_MSIL2A_20210807T184921_R113_T10SGJ_20210808T095727,2021-08-07,2A,10SGJ,0.4,68699,0.0,1.0,0.0,0.0,0.1266,0.1147,0.0948,0.0737,0.0698,0.0528,0.014,0.147,206.88,4.0,#9aa1a6,-0.0338
S2B_MSIL2A_20210809T183919_R070_T10SGJ_20210810T114450,2021-08-09,2B,10SGJ,0.6,68699,0.0,1.0,0.0,0.0,0.0243,0.0218,0.0093,0.0027,0.0025,0.0024,0.0016,0.205,217.51,3.0,#41aada,-0.1
S2B_MSIL2A_20210812T184919_R113_T10SGJ_20210813T045245,2021-08-12,2B,10SGJ,5.5,68699,0.0,1.0,0.0,0.0,0.0456,0.0465,0.0302,0.0183,0.0186,0.0122,0.0033,0.509,205.52,4.0,#85a5b0,0.0099
S2A_MSIL2A_20210814T183921_R070_T10SGJ_20210815T053630,2021-08-14,2A,10SGJ,6.3,68699,0.0,1.0,0.0,0.0,0.0254,0.0164,0.0079,0.0013,0.0028,0.0007,0.0012,0.418,224.56,2.0,#48a7ed,0.8824
S2A_MSIL2A_20210817T184921_R113_T10SGJ_20210818T062759,2021-08-17,2A,10SGJ,24.6,68699,0.0,0.006,0.0,0.994,,,,,,,,,,,,
S2B_MSIL2A_20210819T183919_R070_T11SKD_20210820T045059,2021-08-19,2B,11SKD,2.5,68700,0.0,1.0,0.0,0.0,0.027,0.0258,0.014,0.0063,0.0062,0.0043,0.0012,0.225,212.6,3.0,#71a7c1,-0.0099
S2B_MSIL2A_20210822T184919_R113_T10SGJ_20210823T065524,2021-08-22,2B,10SGJ,26.2,68699,0.0,0.928,0.0,0.072,0.2395,0.2465,0.2197,0.1792,0.1703,0.1288,0.0345,0.126,171.14,5.0,#9fa199,-0.0317
S2A_MSIL2A_20210824T183921_R070_T10SGJ_20210825T071439,2021-08-24,2A,10SGJ,18.6,68699,0.0,0.443,0.0,0.557,,,,,,,,,,,,
S2A_MSIL2A_20210827T184921_R113_T10SGJ_20210828T075023,2021-08-27,2A,10SGJ,25.3,68699,0.0,1.0,0.0,0.0,0.1413,0.1368,0.1211,0.0975,0.0932,0.0701,0.0176,0.318,185.95,5.0,#9fa09d,-0.0277
S2B_MSIL2A_20210829T183919_R070_T10SGJ_20210830T065823,2021-08-29,2B,10SGJ,15.1,68699,0.0,1.0,0.0,0.0,0.0898,0.0876,0.0692,0.049,0.0456,0.0327,0.007,0.346,198.88,4.0,#95a2a5,-0.0422
S2B_MSIL2A_20210901T184919_R113_T10SGJ_20210902T040340,2021-09-01,2B,10SGJ,17.5,68699,0.0,0.992,0.0,0.008,0.1123,0.1118,0.0945,0.0762,0.0723,0.0582,0.0153,0.155,189.83,5.0,#9ca19f,-0.0331
S2A_MSIL2A_20210903T183921_R070_T11SKD_20210904T052941,2021-09-03,2A,11SKD,2.4,68700,0.0,1.0,0.0,0.0,0.0664,0.0552,0.0429,0.0289,0.0277,0.021,0.0063,0.233,215.25,3.0,#92a2b2,-0.0273
S2A_MSIL2A_20210906T184921_R113_T10SGJ_20210907T085907,2021-09-06,2A,10SGJ,7.9,68699,0.0,1.0,0.0,0.0,0.0914,0.0807,0.0664,0.0505,0.049,0.0415,0.0207,0.225,212.41,3.0,#94a1ae,-0.0258
S2B_MSIL2A_20210908T183919_R070_T10SGJ_20210909T062751,2021-09-08,2B,10SGJ,0.3,68699,0.0,1.0,0.0,0.0,0.0295,0.0295,0.0183,0.0089,0.0084,0.0058,0.0015,0.266,206.79,4.0,#7ca6b5,-0.035
S2B_MSIL2A_20210911T184929_R113_T10SGJ_20210912T071934,2021-09-11,2B,10SGJ,4.9,68699,0.0,1.0,0.0,0.0,0.028,0.0292,0.0188,0.0113,0.0106,0.0097,0.0069,0.126,206.63,4.0,#70a8b9,-0.0864
S2A_MSIL2A_20210913T184001_R070_T10SGJ_20210914T112708,2021-09-13,2A,10SGJ,4.4,68699,0.0,1.0,0.0,0.0,0.009,0.0064,0.0022,0.0001,0.0001,0.0002,0.0013,0.18,227.38,1.0,#009aff,0.0
S2A_MSIL2A_20210916T185021_R113_T11SKD_20210917T091507,2021-09-16,2A,11SKD,0.3,68700,0.0,1.0,0.0,0.0,0.0463,0.0413,0.0326,0.0206,0.0188,0.0144,0.0059,0.221,208.07,4.0,#8fa3ae,-0.0652
S2B_MSIL2A_20210918T183929_R070_T10SGJ_20210919T060308,2021-09-18,2B,10SGJ,9.8,68699,0.0,1.0,0.0,0.0,0.012,0.0161,0.0102,0.0043,0.0043,0.0052,0.0076,0.192,193.38,4.0,#00b3b9,0.0
S2B_MSIL2A_20210921T184959_R113_T10SGJ_20210922T115654,2021-09-21,2B,10SGJ,0.9,68699,0.0,1.0,0.0,0.0,0.0724,0.0728,0.0576,0.0382,0.035,0.0256,0.0062,0.233,194.43,4.0,#93a3a4,-0.0526
S2A_MSIL2A_20210923T184111_R070_T11SKD_20210924T131045,2021-09-23,2A,11SKD,1.2,68700,0.0,1.0,0.0,0.0,0.0201,0.0152,0.0105,0.0029,0.0028,0.0025,0.0023,0.139,216.46,3.0,#67a7cb,-0.0909
S2A_MSIL2A_20210926T185131_R113_T10SGJ_20210927T083951,2021-09-26,2A,10SGJ,0.2,68699,0.0,1.0,0.0,0.0,0.0367,0.0331,0.0262,0.0163,0.0143,0.0127,0.007,0.172,207.78,4.0,#8aa4b0,-0.1205
S2B_MSIL2A_20210928T184049_R070_T10SGJ_20210929T082511,2021-09-28,2B,10SGJ,9.3,68699,0.0,0.814,0.0,0.186,0.0976,0.0991,0.0917,0.082,0.0835,0.0847,0.0483,0.168,176.53,5.0,#9ea19a,0.0218
S2B_MSIL2A_20211001T185119_R113_T11SKD_20211002T143821,2021-10-01,2B,11SKD,7.6,68700,0.0,0.985,0.0,0.015,0.0001,0.0006,0.0001,0.0001,0.0001,0.0001,0.0012,0.126,,,,
S2A_MSIL2A_20211003T184221_R070_T10SGJ_20211004T055953,2021-10-03,2A,10SGJ,1.1,68699,0.0,1.0,0.0,0.0,0.1228,0.1177,0.1084,0.0818,0.0772,0.0599,0.0169,0.147,180.81,5.0,#9ea19c,-0.0367
S2A_MSIL2A_20211006T185251_R113_T10SGJ_20211007T064749,2021-10-06,2A,10SGJ,53.3,68699,0.0,0.367,0.0,0.624,,,,,,,,,,,,
S2B_MSIL2A_20211008T184249_R070_T10SGJ_20211009T084720,2021-10-08,2B,10SGJ,50.3,68699,0.0,0.0,0.0,1.0,,,,,,,,,,,,
S2B_MSIL2A_20211011T185319_R113_T10SGJ_20211012T034423,2021-10-11,2B,10SGJ,59.2,68699,0.0,0.743,0.0,0.257,0.0468,0.0465,0.0344,0.025,0.0237,0.0224,0.0181,0.13,208.59,4.0,#79a7b8,-0.104
S2A_MSIL2A_20211105T185601_R113_T10SGJ_20230129T051240,2021-11-05,2A,10SGJ,45.6,68699,0.001,0.999,0.0,0.0,0.005,0.004,0.0005,-0.0027,-0.0033,-0.0015,0.0,0.118,225.12,2.0,#00a0ff,0.0
S2B_MSIL2A_20211107T184559_R070_T10SGJ_20211108T034755,2021-11-07,2B,10SGJ,13.5,68699,0.0,0.937,0.0,0.06,0.0103,0.0141,0.007,0.0001,0.0001,0.0001,0.0015,0.164,195.86,4.0,#39afb8,0.0
S2A_MSIL2A_20211112T184631_R070_T11SKD_20211113T055455,2021-11-12,2A,11SKD,5.6,68700,0.0,0.017,0.0,0.983,,,,,,,,,,,,
S2B_MSIL2A_20211117T184649_R070_T11SKD_20211118T084034,2021-11-17,2B,11SKD,2.2,68700,0.0,1.0,0.0,0.0,0.0001,0.0056,0.0014,0.0001,0.0001,0.0001,0.0024,0.151,,,,
S2B_MSIL2A_20211120T185659_R113_T10SGJ_20211121T060250,2021-11-20,2B,10SGJ,19.7,68699,0.0,1.0,0.0,0.0,0.0165,0.0191,0.0105,0.0027,0.0015,0.0009,0.0003,0.067,199.96,4.0,#67aab5,-0.3333
S2A_MSIL2A_20211122T184711_R070_T11SKD_20211123T082802,2021-11-22,2A,11SKD,3.5,68700,0.002,0.998,0.0,0.0,0.0076,0.0068,0.0051,0.0001,0.0001,0.0001,0.0001,0.084,200.47,4.0,#6baab5,0.0
S2A_MSIL2A_20211125T185721_R113_T10SGJ_20211126T061127,2021-11-25,2A,10SGJ,0.8,68699,0.0,1.0,0.0,0.0,0.0086,0.0077,0.0052,0.0001,0.0001,0.0001,0.0001,0.067,204.61,4.0,#64aabb,0.0
S2B_MSIL2A_20211127T184719_R070_T11SKD_20211128T202223,2021-11-27,2B,11SKD,1.7,68700,0.0,1.0,0.0,0.0,0.0041,0.0099,0.004,0.0001,0.0001,0.0001,0.0001,0.097,179.17,5.0,#22b2a4,0.0
S2B_MSIL2A_20211130T185729_R113_T11SKD_20211201T082904,2021-11-30,2B,11SKD,61.6,68700,0.0,0.05,0.0,0.95,,,,,,,,,,,,
S2A_MSIL2A_20220302T184311_R070_T10SGJ_20220304T084908,2022-03-02,2A,10SGJ,37.2,68699,0.0,1.0,0.0,0.0,0.1149,0.1021,0.0939,0.0859,0.0893,0.0904,0.0547,0.041,219.89,3.0,#9e9fab,0.0517
S2B_MSIL2A_20220307T184229_R070_T11SKD_20240531T040221,2022-03-07,2B,11SKD,10.8,68700,0.0,1.0,0.0,0.0,0.0223,0.0193,0.0095,0.0036,0.0037,0.0031,0.0013,0.063,217.71,3.0,#60a8d1,0.0213
S2B_MSIL2A_20220310T185109_R113_T11SKD_20220311T163422,2022-03-10,2B,11SKD,4.7,68700,0.0,1.0,0.0,0.0,-0.0004,0.0043,-0.0019,-0.0046,-0.0046,-0.001,0.0024,0.209,,,,
S2A_MSIL2A_20220312T184151_R070_T11SKD_20220313T064344,2022-03-12,2A,11SKD,0.0,68700,0.011,0.989,0.0,0.0,-0.0121,-0.0166,-0.0167,-0.0164,-0.0153,-0.0109,-0.0027,0.275,,,,
S2B_MSIL2A_20220320T184959_R113_T11SKD_20220321T060910,2022-03-20,2B,11SKD,0.0,68700,0.0,1.0,0.0,0.0,-0.0113,-0.0016,-0.0071,-0.0076,-0.0069,-0.0021,0.0033,0.282,,,,
S2A_MSIL2A_20220322T184041_R070_T10SGJ_20240525T094328,2022-03-22,2A,10SGJ,0.5,68699,0.0,1.0,0.0,0.0,-0.0034,-0.0076,-0.0094,-0.0113,-0.0105,-0.0078,-0.0015,0.241,,,,
S2A_MSIL2A_20220325T185021_R113_T11SKD_20220326T083231,2022-03-25,2A,11SKD,0.1,68700,0.0,1.0,0.0,0.0,0.0017,-0.0012,-0.0054,-0.0073,-0.0065,-0.0038,0.0006,0.241,,,,
S2B_MSIL2A_20220327T183929_R070_T10SGJ_20220328T080934,2022-03-27,2B,10SGJ,36.5,68699,0.0,1.0,0.0,0.0,0.0571,0.0585,0.0495,0.0448,0.0475,0.0495,0.0322,0.302,202.67,4.0,#91a3a9,0.0968
S2A_MSIL2A_20220401T183931_R070_T11SKD_20220402T082340,2022-04-01,2A,11SKD,0.0,68700,0.0,1.0,0.0,0.0,-0.0004,-0.0042,-0.0059,-0.0087,-0.0076,-0.005,-0.0001,0.282,,,,
S2B_MSIL2A_20220406T183919_R070_T10SGJ_20220407T082611,2022-04-06,2B,10SGJ,0.1,68699,0.0,1.0,0.0,0.0,0.0025,0.0062,-0.0001,-0.0039,-0.0031,-0.0002,0.0027,0.29,,,,
S2B_MSIL2A_20220409T184919_R113_T11SKD_20220410T153918,2022-04-09,2B,11SKD,0.3,68700,0.0,1.0,0.0,0.0,-0.0044,0.0018,-0.0055,-0.0084,-0.0077,-0.0041,0.0005,0.282,,,,
S2B_MSIL2A_20220416T183919_R070_T11SKD_20240602T212312,2022-04-16,2B,11SKD,60.7,68700,0.0,0.163,0.0,0.837,,,,,,,,,,,,
S2A_MSIL2A_20220424T184921_R113_T10SGJ_20220425T171820,2022-04-24,2A,10SGJ,0.8,68699,0.0,1.0,0.0,0.0,0.0408,0.0405,0.0355,0.0307,0.0317,0.0343,0.0234,0.29,202.69,4.0,#8ea3aa,0.0641
S2B_MSIL2A_20220426T183909_R070_T10SGJ_20240524T064214,2022-04-26,2B,10SGJ,21.9,68699,0.0,0.508,0.0,0.49,0.0162,0.0174,0.0063,0.0001,-0.0002,0.0012,0.0054,0.37,219.71,3.0,#00aeff,0.0
S2B_MSIL2A_20220429T184909_R113_T11SKD_20220430T143201,2022-04-29,2B,11SKD,0.2,68700,0.0,1.0,0.0,0.0,0.0216,0.0224,0.0136,0.0083,0.0085,0.0094,0.0072,0.18,210.43,3.0,#4dabc9,0.0833
S2A_MSIL2A_20220501T183921_R070_T10SGJ_20220502T114743,2022-05-01,2A,10SGJ,1.7,68699,0.0,1.0,0.0,0.0,0.0067,0.0029,-0.0017,-0.0065,-0.006,-0.0036,-0.0004,0.274,,,,
S2A_MSIL2A_20220504T184921_R113_T10SGJ_20220505T141638,2022-05-04,2A,10SGJ,0.0,68699,0.0,1.0,0.0,0.0,0.0083,0.0055,0.0008,-0.0036,-0.003,-0.0018,0.0002,0.225,228.25,1.0,#0091ff,0.0
S2B_MSIL2A_20220506T183919_R070_T11SKD_20220507T191847,2022-05-06,2B,11SKD,46.6,68700,0.0,0.628,0.0,0.37,0.0375,0.036,0.0253,0.0179,0.0179,0.0162,0.018,0.197,214.73,3.0,#35acd6,0.0
S2A_MSIL2A_20220511T183921_R070_T10SGJ_20240615T114549,2022-05-11,2A,10SGJ,55.8,68699,0.0,1.0,0.0,0.0,0.0368,0.0265,0.0171,0.0083,0.007,0.0055,0.0014,0.045,221.95,2.0,#80a3c8,-0.104
S2A_MSIL2A_20220514T184921_R113_T11SKD_20220517T013736,2022-05-14,2A,11SKD,0.9,68700,0.0,1.0,0.0,0.0,0.0185,0.0153,0.0095,0.0043,0.0038,0.0053,0.0048,0.151,219.31,3.0,#46a9dd,0.0
S2B_MSIL2A_20220516T183919_R070_T11SKD_20220518T215329,2022-05-16,2B,11SKD,0.6,68700,0.0,1.0,0.0,0.0,0.0189,0.0217,0.0139,0.0094,0.011,0.0137,0.0152,0.334,,,,
S2B_MSIL2A_20220519T184919_R113_T11SKD_20220521T102624,2022-05-19,2B,11SKD,3.6,68700,0.0,1.0,0.0,0.0,0.0759,0.0869,0.0767,0.0702,0.0716,0.0724,0.0641,0.151,170.81,5.0,#78aa99,0.1029
S2A_MSIL2A_20220521T183931_R070_T11SKD_20220522T223310,2022-05-21,2A,11SKD,0.0,68700,0.0,1.0,0.0,0.0,0.0146,0.0108,0.0055,0.0011,0.0018,0.0036,0.0069,0.286,,,,
S2A_MSIL2A_20220524T184921_R113_T10SGJ_20220525T100511,2022-05-24,2A,10SGJ,0.0,68699,0.007,0.993,0.0,0.0,0.0176,0.0125,0.0031,-0.003,-0.0034,-0.0023,-0.0005,0.185,224.4,2.0,#00a9fb,0.0
S2B_MSIL2A_20220526T183919_R070_T10SGJ_20220527T170532,2022-05-26,2B,10SGJ,7.6,68699,0.0,1.0,0.0,0.0,0.035,0.0366,0.0263,0.0206,0.0231,0.0258,0.0236,0.354,215.21,3.0,#00b0e6,0.0
S2B_MSIL2A_20220529T184919_R113_T11SKD_20240611T182704,2022-05-29,2B,11SKD,7.3,68700,0.0,1.0,0.0,0.0,0.0793,0.0952,0.0824,0.075,0.0745,0.08,0.0668,0.114,163.18,5.0,#7aaa92,-0.0314
S2A_MSIL2A_20220531T183931_R070_T10SGJ_20240619T150031,2022-05-31,2A,10SGJ,0.0,68699,0.0,1.0,0.0,0.0,0.0368,0.0308,0.0228,0.0173,0.0182,0.0186,0.0188,0.209,225.0,2.0,#20a8f8,0.0
S2A_MSIL2A_20220603T184931_R113_T11SKD_20220604T112837,2022-06-03,2A,11SKD,38.2,68700,0.0,0.108,0.0,0.892,,,,,,,,,,,,
S2B_MSIL2A_20220608T184919_R113_T10SGJ_20220609T122650,2022-06-08,2B,10SGJ,17.3,68699,0.0,0.996,0.0,0.004,0.0639,0.065,0.0523,0.0459,0.0486,0.0504,0.0408,0.143,210.72,3.0,#6ea8bf,0.2093
S2A_MSIL2A_20220610T183931_R070_T10SGJ_20220611T190733,2022-06-10,2A,10SGJ,0.7,68699,0.004,0.996,0.0,0.0,0.0217,0.013,0.003,-0.0035,-0.0035,-0.0023,-0.0006,0.176,227.48,1.0,#009fff,0.0
S2A_MSIL2A_20220613T184931_R113_T11SKD_20220614T182529,2022-06-13,2A,11SKD,11.5,68700,0.0,1.0,0.0,0.0,0.0993,0.1054,0.0973,0.0933,0.0948,0.0967,0.0856,0.109,181.45,5.0,#87a6a0,0.0888
S2B_MSIL2A_20220615T183919_R070_T11SKD_20220618T183206,2022-06-15,2B,11SKD,0.0,68700,0.004,0.996,0.0,0.0,0.0152,0.0133,0.0007,-0.0055,-0.0051,-0.0034,-0.0005,0.209,223.81,2.0,#00a1ff,0.0
S2A_MSIL2A_20220620T183931_R070_T11SKD_20220621T202223,2022-06-20,2A,11SKD,69.9,68700,0.0,0.024,0.0,0.976,,,,,,,,,,,,
S2A_MSIL2A_20220623T184931_R113_T10SGJ_20220624T084023,2022-06-23,2A,10SGJ,43.0,68699,0.0,0.73,0.0,0.27,0.1344,0.1526,0.1396,0.1317,0.1339,0.1337,0.1158,0.18,150.41,6.0,#8ba78e,0.0647
S2B_MSIL2A_20220625T183929_R070_T11SKD_20220627T232531,2022-06-25,2B,11SKD,1.9,68700,0.0,1.0,0.0,0.0,0.0185,0.0168,0.004,-0.002,-0.0015,-0.0005,0.0016,0.254,222.03,2.0,#00acff,0.0
S2B_MSIL2A_20220628T184919_R113_T10SGJ_20220629T121957,2022-06-28,2B,10SGJ,0.4,68699,0.0,1.0,0.0,0.0,0.0668,0.082,0.068,0.0605,0.0603,0.0649,0.0527,0.105,170.46,5.0,#76aa98,-0.013
S2A_MSIL2A_20220630T183931_R070_T10SGJ_20240628T155056,2022-06-30,2A,10SGJ,0.0,68699,0.0,1.0,0.0,0.0,0.0217,0.0131,0.0043,-0.0009,-0.001,0.0006,0.0012,0.172,228.29,1.0,#009bff,0.0
S2A_MSIL2A_20220703T184931_R113_T10SGJ_20220704T064658,2022-07-03,2A,10SGJ,42.7,68699,0.0,1.0,0.0,0.0,0.088,0.1028,0.094,0.0889,0.09,0.094,0.082,0.25,139.53,6.0,#7faa82,0.0738
S2B_MSIL2A_20220705T183929_R070_T11SKD_20220707T084524,2022-07-05,2B,11SKD,31.9,68700,0.0,1.0,0.0,0.0,0.0174,0.0155,0.0024,-0.0034,-0.002,-0.0008,0.0031,0.298,,,,
S2B_MSIL2A_20220708T184919_R113_T10SGJ_20220709T095738,2022-07-08,2B,10SGJ,0.2,68699,0.0,1.0,0.0,0.0,0.0902,0.1067,0.0938,0.0879,0.0892,0.0928,0.0798,0.118,160.22,6.0,#79aa90,0.0743
S2A_MSIL2A_20220710T183931_R070_T11SKD_20220712T172311,2022-07-10,2A,11SKD,0.0,68700,0.0,1.0,0.0,0.0,0.02,0.0099,0.0007,-0.0052,-0.0048,-0.0033,-0.0004,0.262,231.2,1.0,#007eff,0.0
S2A_MSIL2A_20220713T184931_R113_T10SGJ_20220714T163355,2022-07-13,2A,10SGJ,0.3,68699,0.0,1.0,0.0,0.0,0.0894,0.0972,0.0878,0.0831,0.0849,0.0861,0.0762,0.143,179.76,5.0,#7fa8a0,0.1154
S2B_MSIL2A_20220715T183919_R070_T10SGJ_20220716T072904,2022-07-15,2B,10SGJ,1.4,68699,0.0,1.0,0.0,0.0,0.0218,0.0175,0.0037,-0.0023,-0.0022,-0.001,0.0005,0.184,223.77,2.0,#00a8ff,0.0
S2B_MSIL2A_20220718T184919_R113_T10SGJ_20240713T115127,2022-07-18,2B,10SGJ,13.1,68699,0.0,0.989,0.0,0.01,0.0525,0.0581,0.0434,0.0364,0.0373,0.0377,0.0327,0.184,203.3,4.0,#5cabbb,0.1084
S2A_MSIL2A_20220720T183931_R070_T11SKD_20220721T065234,2022-07-20,2A,11SKD,3.9,68700,0.001,0.999,0.0,0.0,0.0201,0.0101,0.0002,-0.0054,-0.0043,-0.0036,-0.0005,0.225,231.26,1.0,#007aff,0.0
S2A_MSIL2A_20220723T184931_R113_T11SKD_20220725T180526,2022-07-23,2A,11SKD,0.0,68700,0.0,1.0,0.0,0.0,0.0813,0.0871,0.0768,0.072,0.0726,0.075,0.0652,0.122,192.84,4.0,#7da7a9,0.0423
S2B_MSIL2A_20220725T183929_R070_T10SGJ_20240716T001714,2022-07-25,2B,10SGJ,2.1,68699,0.0,1.0,0.0,0.0,0.0269,0.0237,0.009,0.0021,0.0027,0.0022,0.0014,0.33,218.79,3.0,#28abe1,0.3
S2B_MSIL2A_20220728T184919_R113_T10SGJ_20240717T034545,2022-07-28,2B,10SGJ,2.1,68699,0.0,1.0,0.0,0.0,0.0329,0.0297,0.0157,0.0092,0.0098,0.0102,0.0093,0.192,219.36,3.0,#00ace7,0.6667
S2A_MSIL2A_20220730T183931_R070_T11SKD_20220731T223225,2022-07-30,2A,11SKD,5.0,68700,0.0,1.0,0.0,0.0,0.0255,0.0154,0.0054,-0.0005,0.0006,0.0,0.001,0.306,227.61,1.0,#10a0ff,0.0
S2A_MSIL2A_20220802T184931_R113_T10SGJ_20220803T121617,2022-08-02,2A,10SGJ,10.0,68699,0.0,1.0,0.0,0.0,0.0377,0.0372,0.0263,0.0207,0.0212,0.0219,0.0186,0.164,214.36,3.0,#56aace,0.1064
S2B_MSIL2A_20220804T183919_R070_T11SKD_20240712T163926,2022-08-04,2B,11SKD,9.0,68700,0.0,1.0,0.0,0.0,0.018,0.0148,0.0018,-0.0045,-0.0017,-0.0029,-0.0001,0.29,224.25,2.0,#00a2ff,0.0
S2B_MSIL2A_20220807T184919_R113_T10SGJ_20240718T101433,2022-08-07,2B,10SGJ,0.7,68699,0.0,1.0,0.0,0.0,0.0376,0.0417,0.0289,0.023,0.0228,0.0242,0.0203,0.122,205.79,4.0,#54abc0,-0.0385
S2A_MSIL2A_20220809T183931_R070_T10SGJ_20220811T071608,2022-08-09,2A,10SGJ,51.4,68699,0.0,0.267,0.0,0.728,,,,,,,,,,,,
S2A_MSIL2A_20220812T184931_R113_T10SGJ_20220813T053849,2022-08-12,2A,10SGJ,0.0,68699,0.0,1.0,0.0,0.0,0.0502,0.0505,0.0411,0.0364,0.0364,0.0382,0.0329,0.109,212.03,3.0,#6ba8c2,0.0
S2B_MSIL2A_20220814T183919_R070_T11SKD_20220815T075834,2022-08-14,2B,11SKD,0.0,68700,0.002,0.998,0.0,0.0,0.0165,0.0137,0.0016,-0.0038,-0.0039,-0.0021,-0.0004,0.168,223.77,2.0,#00a5ff,0.0
S2A_MSIL2A_20220822T184931_R113_T10SGJ_20240719T135253,2022-08-22,2A,10SGJ,0.0,68699,0.0,1.0,0.0,0.0,0.0264,0.0209,0.0114,0.0067,0.0063,0.0075,0.0063,0.118,223.17,2.0,#30a9ee,-0.6
S2B_MSIL2A_20220824T183919_R070_T11SKD_20240714T204640,2022-08-24,2B,11SKD,0.0,68700,0.0,1.0,0.0,0.0,0.0165,0.0142,0.0024,-0.0026,-0.0025,-0.0012,0.0008,0.164,223.76,2.0,#00a3ff,0.0
S2B_MSIL2A_20220827T184919_R113_T11SKD_20220829T092520,2022-08-27,2B,11SKD,0.0,68700,0.0,1.0,0.0,0.0,0.0369,0.0391,0.0271,0.0223,0.0222,0.0236,0.0205,0.118,211.16,3.0,#44accc,-0.0286
S2A_MSIL2A_20220829T183931_R070_T10SGJ_20220831T070926,2022-08-29,2A,10SGJ,0.2,68699,0.0,1.0,0.0,0.0,0.0196,0.0096,0.0016,-0.0032,-0.0029,-0.0019,-0.0001,0.172,231.04,1.0,#0085ff,0.0
S2A_MSIL2A_20220901T184931_R113_T10SGJ_20220902T112630,2022-09-01,2A,10SGJ,0.0,68699,0.001,0.999,0.0,0.0,0.0242,0.0164,0.0068,0.0017,0.0015,0.0012,0.0004,0.139,224.82,2.0,#51a6eb,-0.0833
S2B_MSIL2A_20220903T183919_R070_T11SKD_20220904T051015,2022-09-03,2B,11SKD,0.0,68700,0.0,1.0,0.0,0.0,0.0192,0.0168,0.0051,0.0006,0.001,0.002,0.0041,0.192,224.69,2.0,#009dff,0.0
S2B_MSIL2A_20220906T184919_R113_T10SGJ_20220907T132719,2022-09-06,2B,10SGJ,1.8,68699,0.0,0.998,0.0,0.0,0.0262,0.0226,0.0093,0.003,0.0027,0.0022,0.0013,0.151,219.27,3.0,#48a9dc,-0.0968
S2A_MSIL2A_20220908T183931_R070_T11SKD_20220909T065925,2022-09-08,2A,11SKD,0.2,68700,0.0,1.0,0.0,0.0,0.0292,0.0183,0.0094,0.0031,0.0034,0.002,0.0005,0.274,225.95,2.0,#6ba4e2,0.0545
S2A_MSIL2A_20220911T184951_R113_T11SKD_20240719T070740,2022-09-11,2A,11SKD,38.5,68700,0.0,1.0,0.0,0.0,0.0235,0.0182,0.0094,0.0039,0.0052,0.0024,0.0025,0.33,221.6,2.0,#58a7dd,0.3171
S2B_MSIL2A_20220913T183959_R070_T10SGJ_20240719T083246,2022-09-13,2B,10SGJ,31.4,68699,0.0,0.806,0.0,0.037,0.0101,0.0097,-0.0005,-0.0049,-0.0047,-0.0036,0.0005,0.201,,,,
S2B_MSIL2A_20220916T185019_R113_T11SKD_20240728T214058,2022-09-16,2B,11SKD,4.4,68700,0.0,1.0,0.0,0.0,0.0508,0.0479,0.0304,0.0183,0.0166,0.0121,0.0022,0.245,211.31,3.0,#86a4b5,-0.0557
S2A_MSIL2A_20220918T184041_R070_T10SGJ_20240719T051011,2022-09-18,2A,10SGJ,54.9,68699,0.0,0.631,0.0,0.275,0.0298,0.0213,0.0127,0.0078,0.0078,0.0068,0.0114,0.237,230.38,1.0,#0086ff,0.0
S2B_MSIL2A_20220923T184109_R070_T10SGJ_20220924T090738,2022-09-23,2B,10SGJ,0.0,68699,0.015,0.985,0.0,0.0,0.0097,0.0106,0.0003,-0.0047,-0.0045,-0.0031,-0.0008,0.156,219.64,3.0,#00b0ff,0.0
S2B_MSIL2A_20220926T185129_R113_T10SGJ_20220927T125550,2022-09-26,2B,10SGJ,7.6,68699,0.021,0.969,0.0,0.008,0.0217,0.0194,0.007,0.0008,0.0007,0.0002,0.0002,0.076,217.81,3.0,#2eabde,-0.0909
S2A_MSIL2A_20220928T184151_R070_T11SKD_20220929T100526,2022-09-28,2A,11SKD,20.1,68700,0.0,0.923,0.0,0.076,0.0721,0.0622,0.0544,0.0476,0.0513,0.0528,0.0412,0.159,223.99,2.0,#84a2ca,0.2242
S2A_MSIL2A_20221001T185211_R113_T10SGJ_20221002T114559,2022-10-01,2A,10SGJ,0.0,68699,0.009,0.991,0.0,0.0,0.0169,0.0117,0.0041,-0.0003,-0.0002,-0.0001,0.0002,0.084,224.24,2.0,#23a8f4,0.0
S2B_MSIL2A_20221003T184219_R070_T10SGJ_20221004T130204,2022-10-03,2B,10SGJ,0.0,68699,0.006,0.994,0.0,0.0,0.0134,0.0119,0.0013,-0.0035,-0.0032,-0.0021,-0.0005,0.139,222.47,2.0,#00aaff,0.0
S2B_MSIL2A_20221006T185239_R113_T10SGJ_20240713T091041,2022-10-06,2B,10SGJ,0.0,68699,0.0,1.0,0.0,0.0,0.0162,0.0154,0.0048,-0.0002,-0.0005,-0.0001,0.0,0.08,216.86,3.0,#00ade1,0.0
S2A_MSIL2A_20221008T184301_R070_T11SKD_20221009T082739,2022-10-08,2A,11SKD,0.0,68700,0.006,0.994,0.0,0.0,0.0116,0.0057,-0.0005,-0.005,-0.0048,-0.0035,-0.0008,0.156,231.26,1.0,#0079ff,0.0
S2A_MSIL2A_20221011T185321_R113_T11SKD_20240708T181957,2022-10-11,2A,11SKD,0.2,68700,0.0,1.0,0.0,0.0,0.0202,0.0142,0.006,0.0012,0.0012,0.001,0.0003,0.076,223.51,2.0,#4fa7e7,0.0
S2B_MSIL2A_20221013T184329_R070_T10SGJ_20240719T172345,2022-10-13,2B,10SGJ,0.0,68699,0.0,1.0,0.0,0.0,0.012,0.0113,0.0007,-0.0037,-0.004,-0.0022,-0.0006,0.122,222.11,2.0,#00a9ff,0.0
S2B_MSIL2A_20221016T185349_R113_T10SGJ_20240710T230958,2022-10-16,2B,10SGJ,0.0,68699,0.0,1.0,0.0,0.0,0.0144,0.0146,0.0046,-0.0006,-0.0007,-0.0002,0.0,0.084,214.87,3.0,#00aedc,0.0
S2A_MSIL2A_20221018T184401_R070_T10SGJ_20240714T151641,2022-10-18,2A,10SGJ,59.7,68699,0.0,0.044,0.0,0.907,,,,,,,,,,,,
S2A_MSIL2A_20221021T185421_R113_T10SGJ_20221022T213440,2022-10-21,2A,10SGJ,0.0,68699,0.015,0.985,0.0,0.0,0.0166,0.0118,0.0043,0.0,0.0,0.0001,0.0002,0.072,223.41,2.0,#29a9f0,0.0
S2B_MSIL2A_20221023T184429_R070_T10SGJ_20221024T114550,2022-10-23,2B,10SGJ,33.7,68699,0.001,0.999,0.0,0.0,0.0153,0.0143,0.0029,-0.0026,-0.0029,-0.0018,-0.0001,0.126,220.09,3.0,#00aef4,0.0
S2B_MSIL2A_20221026T185449_R113_T11SKD_20221027T071649,2022-10-26,2B,11SKD,0.3,68700,0.026,0.974,0.0,0.0,0.016,0.0161,0.0049,-0.0002,-0.0004,0.0,-0.0001,0.072,215.3,3.0,#00aedd,0.0
S2A_MSIL2A_20221028T184501_R070_T11SKD_20221029T073626,2022-10-28,2A,11SKD,5.7,68700,0.0,1.0,0.0,0.0,0.0298,0.0226,0.0153,0.0098,0.0098,0.011,0.0086,0.101,223.91,2.0,#5ea6e2,0.0
S2A_MSIL2A_20221110T185621_R113_T10SGJ_20221111T032524,2022-11-10,2A,10SGJ,0.3,68699,0.088,0.912,0.0,0.0,-0.0152,-0.0149,-0.018,-0.0181,-0.0188,-0.015,-0.0037,0.181,,,,
S2B_MSIL2A_20221115T185639_R113_T10SGJ_20221116T115316,2022-11-15,2B,10SGJ,0.6,68699,0.001,0.999,0.0,0.0,0.0049,0.0083,-0.0017,-0.0061,-0.0059,-0.0041,-0.0004,0.147,,,,
S2A_MSIL2A_20221117T184651_R070_T11SKD_20221118T080418,2022-11-17,2A,11SKD,3.0,68700,0.029,0.971,0.0,0.0,-0.0074,-0.0126,-0.0155,-0.0165,-0.0163,-0.0119,-0.0034,0.198,,,,
S2A_MSIL2A_20221120T185701_R113_T10SGJ_20221121T054432,2022-11-20,2A,10SGJ,7.3,68699,0.0,1.0,0.0,0.0,0.0193,0.0155,0.0099,0.0066,0.0061,0.0088,0.0071,0.126,224.39,2.0,#21a8f5,0.0
S2B_MSIL2A_20221122T184709_R070_T10SGJ_20221123T053552,2022-11-22,2B,10SGJ,8.8,68699,0.0,1.0,0.0,0.0,0.0017,0.0059,-0.0034,-0.007,-0.0068,-0.0025,0.0019,0.192,,,,
S2B_MSIL2A_20221125T185719_R113_T11SKD_20221202T063059,2022-11-25,2B,11SKD,53.2,68700,0.0,0.92,0.0,0.08,0.1189,0.1191,0.1058,0.0952,0.0964,0.0982,0.0616,0.045,196.65,4.0,#99a1a2,0.0175
S2A_MSIL2A_20221127T184721_R070_T11SKD_20221130T211511,2022-11-27,2A,11SKD,0.6,68700,0.007,0.993,0.0,0.0,0.0005,-0.0053,-0.0083,-0.0105,-0.0099,-0.0069,-0.0006,0.155,,,,
S2A_MSIL2A_20221130T185741_R113_T10SGJ_20221202T210259,2022-11-30,2A,10SGJ,2.4,68699,0.004,0.996,0.0,0.0,0.0003,-0.0005,-0.005,-0.0074,-0.008,-0.0052,-0.001,0.118,,,,
S2B_MSIL2A_20230302T184309_R070_T11SKD_20240803T225754,2023-03-02,2B,11SKD,0.1,68700,0.0,1.0,0.0,0.0,0.0348,0.0292,0.0139,0.0059,0.0047,0.0042,0.0003,0.045,219.25,3.0,#6ca6ce,-0.12
S2A_MSIL2A_20230307T184221_R070_T11SKD_20230308T033502,2023-03-07,2A,11SKD,63.3,68700,0.0,0.793,0.0,0.207,0.075,0.0606,0.0482,0.0404,0.0399,0.038,0.0235,0.045,224.47,2.0,#90a0c0,-0.015
S2B_MSIL2A_20230315T185139_R113_T10SGJ_20230316T052157,2023-03-15,2B,10SGJ,12.7,68699,0.0,0.975,0.0,0.025,0.0058,0.0083,-0.0016,-0.0051,-0.0056,-0.0024,0.0014,0.266,,,,
S2A_MSIL2A_20230317T184111_R070_T11SKD_20240824T085235,2023-03-17,2A,11SKD,0.1,68700,0.0,1.0,0.0,0.0,0.0351,0.024,0.0143,0.0071,0.0059,0.0052,0.0009,0.045,224.45,2.0,#7ea2d0,-0.1071
S2A_MSIL2A_20230320T185101_R113_T11SKD_20230321T011745,2023-03-20,2A,11SKD,19.1,68700,0.0,1.0,0.0,0.0,0.0356,0.0284,0.0189,0.013,0.0117,0.0116,0.0071,0.045,222.22,2.0,#7da3cb,-0.1238
S2B_MSIL2A_20230325T185029_R113_T11SKD_20230326T014744,2023-03-25,2B,11SKD,29.3,68700,0.0,0.936,0.0,0.064,0.0479,0.0457,0.0336,0.0269,0.026,0.0257,0.0155,0.122,213.52,3.0,#87a4b7,-0.0411
S2A_MSIL2A_20230327T184001_R070_T11SKD_20230328T011031,2023-03-27,2A,11SKD,0.2,68700,0.0,1.0,0.0,0.0,0.0472,0.0355,0.0264,0.0193,0.0198,0.0191,0.0101,0.058,224.59,2.0,#89a1c7,0.0265
S2A_MSIL2A_20230330T184951_R113_T11SKD_20230331T022645,2023-03-30,2A,11SKD,25.3,68700,0.004,0.996,0.0,0.0,0.0327,0.0227,0.012,0.0058,0.005,0.0037,0.0006,0.05,224.68,2.0,#77a3d6,-0.0833
S2B_MSIL2A_20230401T183929_R070_T11SKD_20240827T023056,2023-04-01,2B,11SKD,29.9,68700,0.0,0.988,0.0,0.012,0.0463,0.0409,0.0269,0.0184,0.0177,0.0164,0.0105,0.041,217.8,3.0,#7aa5c5,-0.0464
S2B_MSIL2A_20230404T184919_R113_T10SGJ_20230405T042621,2023-04-04,2B,10SGJ,14.5,68699,0.0,1.0,0.0,0.0,0.0087,0.0128,0.0035,0.0003,-0.0002,0.0033,0.0051,0.286,,,,
S2A_MSIL2A_20230406T183921_R070_T11SKD_20240808T061838,2023-04-06,2A,11SKD,1.6,68700,0.0,1.0,0.0,0.0,0.0372,0.0258,0.0156,0.0087,0.0084,0.0074,0.0032,0.041,225.08,2.0,#7aa3d5,-0.028
S2A_MSIL2A_20230409T184921_R113_T10SGJ_20240807T012743,2023-04-09,2A,10SGJ,0.0,68699,0.0,0.115,0.0,0.0,,,,,,,,,,,,
S2B_MSIL2A_20230411T183919_R070_T10SGJ_20230412T025255,2023-04-11,2B,10SGJ,60.6,68699,0.0,0.79,0.0,0.21,0.1109,0.1072,0.0944,0.0871,0.0916,0.0911,0.055,0.076,208.58,4.0,#9ba0a7,0.0655
S2B_MSIL2A_20230414T184919_R113_T10SGJ_20230415T004419,2023-04-14,2B,10SGJ,1.0,68699,0.0,1.0,0.0,0.0,0.0001,0.0037,-0.0046,-0.0076,-0.0072,-0.0042,0.0001,0.302,,,,
S2A_MSIL2A_20230419T184921_R113_T11SKD_20230420T014703,2023-04-19,2A,11SKD,6.1,68700,0.0,1.0,0.0,0.0,0.0292,0.0228,0.0157,0.0096,0.0089,0.0085,0.0042,0.101,220.78,3.0,#81a3c5,-0.0693
S2B_MSIL2A_20230421T183919_R070_T10SGJ_20230422T023516,2023-04-21,2B,10SGJ,32.7,68699,0.0,1.0,0.0,0.0,0.0364,0.0323,0.0209,0.0126,0.0126,0.0114,0.0063,0.08,215.86,3.0,#79a5c2,0.0
S2B_MSIL2A_20230424T184919_R113_T10SGJ_20230425T162856,2023-04-24,2B,10SGJ,1.0,68699,0.0,1.0,0.0,0.0,0.0286,0.0384,0.031,0.027,0.0279,0.0314,0.0283,0.298,162.38,6.0,#00b988,0.0
S2A_MSIL2A_20230426T183921_R070_T10SGJ_20230427T034531,2023-04-26,2A,10SGJ,0.2,68699,0.0,1.0,0.0,0.0,0.0065,0.0021,-0.0018,-0.0065,-0.0051,-0.0028,0.0006,0.318,,,,
S2A_MSIL2A_20230429T184921_R113_T11SKD_20230430T032355,2023-04-29,2A,11SKD,2.6,68700,0.0,1.0,0.0,0.0,0.0202,0.0148,0.0081,0.0039,0.0042,0.0054,0.005,0.27,225.92,2.0,#17a7fd,0.0
S2B_MSIL2A_20230501T183919_R070_T10SGJ_20240901T010922,2023-05-01,2B,10SGJ,25.7,68699,0.0,1.0,0.0,0.0,0.02,0.0208,0.0114,0.0067,0.0072,0.0085,0.0097,0.282,218.31,3.0,#00b1f5,0.0
S2A_MSIL2A_20230509T184921_R113_T11SKD_20240812T112451,2023-05-09,2A,11SKD,27.7,68700,0.0,0.44,0.0,0.531,,,,,,,,,,,,
S2B_MSIL2A_20230511T183919_R070_T10SGJ_20230512T023517,2023-05-11,2B,10SGJ,3.8,68699,0.0,1.0,0.0,0.0,0.0039,0.0066,0.001,-0.0054,-0.0044,-0.0029,0.0006,0.314,209.24,4.0,#00b9e9,0.0
S2B_MSIL2A_20230514T184919_R113_T10SGJ_20230515T030100,2023-05-14,2B,10SGJ,28.5,68699,0.0,0.943,0.0,0.057,0.0217,0.0205,0.0093,0.0022,0.0019,0.002,0.0022,0.27,214.78,3.0,#2eacd7,0.0
S2A_MSIL2A_20230516T183921_R070_T10SGJ_20230517T034731,2023-05-16,2A,10SGJ,0.1,68699,0.0,1.0,0.0,0.0,0.0119,0.0067,0.0021,-0.0037,-0.003,-0.002,0.0009,0.298,230.13,1.0,#008eff,0.0
S2A_MSIL2A_20230519T184921_R113_T10SGJ_20230520T014848,2023-05-19,2A,10SGJ,0.1,68699,0.0,1.0,0.0,0.0,0.0065,0.0032,-0.0028,-0.0074,-0.0067,-0.0049,-0.0004,0.298,,,,
S2B_MSIL2A_20230521T183929_R070_T10SGJ_20230522T021720,2023-05-21,2B,10SGJ,6.1,68699,0.0,1.0,0.0,0.0,0.0163,0.0155,0.0044,-0.003,-0.0021,-0.002,0.0002,0.298,217.96,3.0,#00ade7,0.0
S2B_MSIL2A_20230524T184919_R113_T10SGJ_20240907T195024,2023-05-24,2B,10SGJ,28.9,68699,0.0,1.0,0.0,0.0,0.0564,0.07515,0.0634,0.0549,0.0553,0.0598,0.0487,0.282,149.75,6.0,#73ac86,0.0312
S2A_MSIL2A_20230526T183921_R070_T10SGJ_20230527T022743,2023-05-26,2A,10SGJ,65.8,68699,0.0,1.0,0.0,0.0,0.0406,0.0296,0.0194,0.0106,0.0116,0.0093,0.0081,0.334,223.47,2.0,#68a5db,0.1667
S2A_MSIL2A_20230529T184921_R113_T10SGJ_20240912T002230,2023-05-29,2A,10SGJ,41.4,68699,0.0,0.078,0.0,0.016,,,,,,,,,,,,
S2B_MSIL2A_20230531T183919_R070_T11SKD_20240909T014906,2023-05-31,2B,11SKD,17.6,68700,0.0,1.0,0.0,0.0,0.0055,0.0088,0.0011,-0.0063,-0.0047,-0.0037,0.0003,0.326,210.45,3.0,#00b7e8,0.0
S2B_MSIL2A_20230603T184919_R113_T10SGJ_20240816T181839,2023-06-03,2B,10SGJ,0.1,68699,0.0,0.627,0.0,0.0,0.0836,0.1126,0.1022,0.0952,0.095,0.0978,0.0878,0.29,114.31,7.0,#7aad63,-0.0137
S2A_MSIL2A_20230605T183921_R070_T10SGJ_20240913T054917,2023-06-05,2A,10SGJ,18.3,68699,0.0,1.0,0.0,0.0,0.0164,0.0137,0.0097,0.0037,0.0047,0.0049,0.0064,0.31,220.67,3.0,#49a9e0,0.0
S2A_MSIL2A_20230608T184921_R113_T11SKD_20240913T014258,2023-06-08,2A,11SKD,31.9,68700,0.0,0.959,0.0,0.041,0.0286,0.024,0.0162,0.0094,0.0104,0.0094,0.0117,0.31,222.51,2.0,#2ea9ec,0.0
S2B_MSIL2A_20230613T184919_R113_T10SGJ_20240812T141354,2023-06-13,2B,10SGJ,40.1,68699,0.0,0.038,0.0,0.721,,,,,,,,,,,,
S2A_MSIL2A_20230615T183921_R070_T10SGJ_20230616T035757,2023-06-15,2A,10SGJ,12.1,68699,0.0,1.0,0.0,0.0,0.0293,0.0258,0.022,0.0154,0.0173,0.0189,0.014,0.338,213.65,3.0,#73a7c1,0.4043
S2A_MSIL2A_20230618T184921_R113_T11SKD_20230619T034033,2023-06-18,2A,11SKD,22.4,68700,0.0,0.946,0.0,0.053,0.0757,0.0804,0.0761,0.0707,0.0722,0.0685,0.0657,0.159,168.13,5.0,#87a797,0.1304
S2B_MSIL2A_20230620T183919_R070_T11SKD_20230621T014159,2023-06-20,2B,11SKD,2.4,68700,0.001,0.999,0.0,0.0,0.0079,0.0114,0.0035,-0.0042,-0.0042,-0.0026,-0.0004,0.27,202.69,4.0,#00b0c5,0.0
S2B_MSIL2A_20230623T184919_R113_T10SGJ_20240813T092536,2023-06-23,2B,10SGJ,9.7,68699,0.0,0.924,0.0,0.0,0.1017,0.1285,0.1198,0.113,0.1154,0.1196,0.1056,0.209,109.29,7.0,#7fac60,0.1395
S2A_MSIL2A_20230625T183921_R070_T11SKD_20240814T070008,2023-06-25,2A,11SKD,20.5,68700,0.0,0.998,0.0,0.0,0.022,0.0158,0.0086,-0.0003,0.0002,-0.0006,0.0008,0.342,219.85,3.0,#54a8da,0.0
S2A_MSIL2A_20230628T184921_R113_T11SKD_20240814T061321,2023-06-28,2A,11SKD,5.5,68700,0.0,0.545,0.0,0.0,0.0943,0.1159,0.1087,0.1027,0.105,0.1085,0.0961,0.209,107.21,8.0,#81ac5f,0.1484
S2B_MSIL2A_20230630T183929_R070_T11SKD_20230701T025141,2023-06-30,2B,11SKD,0.0,68700,0.0,1.0,0.0,0.0,0.0137,0.0155,0.0066,-0.0008,-0.0002,0.0007,0.0029,0.241,211.33,3.0,#00afd6,0.0
S2B_MSIL2A_20230703T184919_R113_T10SGJ_20230704T004145,2023-07-03,2B,10SGJ,0.3,68699,0.0,1.0,0.0,0.0,0.1047,0.1298,0.1228,0.117,0.1197,0.1226,0.1102,0.184,105.87,8.0,#82ac5f,0.1656
S2A_MSIL2A_20230705T183921_R070_T11SKD_20230706T015539,2023-07-05,2A,11SKD,0.3,68700,0.0,1.0,0.0,0.0,0.0217,0.0204,0.0153,0.0082,0.009,0.009,0.0101,0.29,212.44,3.0,#4fabcc,0.0
S2A_MSIL2A_20230708T184921_R113_T10SGJ_20241014T134017,2023-07-08,2A,10SGJ,0.5,68699,0.0,0.923,0.0,0.0,0.0243,0.0239,0.0151,0.0073,0.0069,0.0079,0.0059,0.168,209.26,4.0,#5daac3,-0.1667
S2B_MSIL2A_20230710T183929_R070_T11SKD_20230711T032148,2023-07-10,2B,11SKD,0.0,68700,0.0,1.0,0.0,0.0,0.0125,0.015,0.0052,-0.0022,-0.0017,-0.0004,0.002,0.233,211.44,3.0,#00b1da,0.0
S2B_MSIL2A_20230713T184939_R113_T10SGJ_20230714T033756,2023-07-13,2B,10SGJ,0.1,68699,0.0,1.0,0.0,0.0,0.0462,0.0598,0.0497,0.0417,0.0415,0.0449,0.037,0.126,161.99,6.0,#70ac90,-0.0217
S2A_MSIL2A_20230715T183921_R070_T11SKD_20241007T071034,2023-07-15,2A,11SKD,0.0,68700,0.0,1.0,0.0,0.0,0.0167,0.0124,0.0062,-0.0007,-0.0006,-0.0003,0.0009,0.254,220.47,3.0,#4aa9df,0.0
S2A_MSIL2A_20230718T184921_R113_T10SGJ_20241014T064349,2023-07-18,2A,10SGJ,4.2,68699,0.0,0.139,0.0,0.0,,,,,,,,,,,,
S2B_MSIL2A_20230720T183929_R070_T10SGJ_20241029T194923,2023-07-20,2B,10SGJ,0.0,68699,0.0,1.0,0.0,0.0,0.0125,0.014,0.0046,-0.002,-0.0021,-0.0008,0.0006,0.192,212.25,3.0,#00afd8,0.0
S2B_MSIL2A_20230723T184929_R113_T11SKD_20230724T001821,2023-07-23,2B,11SKD,23.1,68700,0.0,0.354,0.0,0.646,,,,,,,,,,,,
S2A_MSIL2A_20230725T183921_R070_T10SGJ_20240906T154600,2023-07-25,2A,10SGJ,1.1,68699,0.0,1.0,0.0,0.0,0.0136,0.009,0.0031,-0.0032,-0.0035,-0.002,-0.0001,0.184,224.82,2.0,#2ca8f5,0.0
S2A_MSIL2A_20230728T184921_R113_T10SGJ_20240911T130101,2023-07-28,2A,10SGJ,0.1,68699,0.0,0.001,0.0,0.0,,,,,,,,,,,,
S2B_MSIL2A_20230730T183929_R070_T10SGJ_20230731T014245,2023-07-30,2B,10SGJ,0.4,68699,0.0,1.0,0.0,0.0,0.0156,0.0166,0.007,0.0009,0.0007,0.002,0.003,0.176,213.72,3.0,#00aedb,0.0
S2B_MSIL2A_20230802T184919_R113_T10SGJ_20230803T003634,2023-08-02,2B,10SGJ,3.0,68699,0.0,0.864,0.0,0.136,0.0702,0.0739,0.0635,0.057,0.0597,0.0589,0.057,0.139,203.67,4.0,#26afc4,0.9286
S2A_MSIL2A_20230804T183921_R070_T11SKD_20230805T031015,2023-08-04,2A,11SKD,1.2,68700,0.0,1.0,0.0,0.0,0.0154,0.0119,0.0073,0.0027,0.0039,0.0045,0.007,0.298,230.12,1.0,#0082ff,0.0
S2A_MSIL2A_20230807T184921_R113_T10SGJ_20240823T115518,2023-08-07,2A,10SGJ,0.0,68699,0.0,0.999,0.0,0.0,0.0179,0.0143,0.0067,0.001,0.0008,0.0011,0.0008,0.13,218.79,3.0,#45aadc,-0.3333
S2B_MSIL2A_20230809T183929_R070_T10SGJ_20230810T021032,2023-08-09,2B,10SGJ,2.3,68699,0.0,1.0,0.0,0.0,0.0124,0.0136,0.0038,-0.0023,-0.0023,-0.0007,0.001,0.197,215.56,3.0,#00b0e6,0.0
S2B_MSIL2A_20230812T184919_R113_T10SGJ_20241018T051857,2023-08-12,2B,10SGJ,0.5,68699,0.0,1.0,0.0,0.0,0.0322,0.0393,0.0285,0.0217,0.0221,0.0226,0.0188,0.147,190.79,4.0,#60acad,0.0645
S2A_MSIL2A_20230817T184921_R113_T10SGJ_20241024T064252,2023-08-17,2A,10SGJ,20.9,68699,0.0,0.992,0.0,0.008,0.0321,0.0314,0.0225,0.0157,0.016,0.0157,0.0129,0.147,210.92,3.0,#6aa8c1,0.0508
S2B_MSIL2A_20230819T183929_R070_T11SKD_20230820T011118,2023-08-19,2B,11SKD,14.9,68700,0.0,0.903,0.0,0.097,0.0511,0.0513,0.0404,0.0329,0.0357,0.0367,0.0261,0.233,208.59,4.0,#7ca6b7,0.1707
S2B_MSIL2A_20230822T184919_R113_T10SGJ_20241016T063951,2023-08-22,2B,10SGJ,65.2,68699,0.0,0.475,0.0,0.525,,,,,,,,,,,,
S2A_MSIL2A_20230824T183921_R070_T10SGJ_20240913T190319,2023-08-24,2A,10SGJ,1.7,68699,0.0,1.0,0.0,0.0,0.0145,0.0091,0.0034,-0.0026,-0.0027,-0.0018,-0.0002,0.164,225.27,2.0,#3ba7f4,0.0
S2A_MSIL2A_20230827T184921_R113_T11SKD_20230828T052225,2023-08-27,2A,11SKD,0.0,68700,0.007,0.993,0.0,0.0,0.0152,0.0116,0.005,-0.0006,-0.001,-0.0005,0.0,0.126,219.84,3.0,#42a9df,0.0
S2B_MSIL2A_20230829T183929_R070_T11SKD_20240821T160323,2023-08-29,2B,11SKD,0.0,68700,0.0,1.0,0.0,0.0,0.0177,0.0182,0.0084,0.0025,0.0027,0.0036,0.004,0.147,214.39,3.0,#00aedb,0.0
S2A_MSIL2A_20230906T184921_R113_T10SGJ_20241024T135951,2023-09-06,2A,10SGJ,3.8,68699,0.0,0.998,0.0,0.0,0.0171,0.0134,0.0064,0.0009,0.0006,0.0009,0.0009,0.122,219.28,3.0,#44a9dd,0.0
S2B_MSIL2A_20230908T183919_R070_T11SKD_20240824T172409,2023-09-08,2B,11SKD,0.0,68700,0.0,1.0,0.0,0.0,0.0102,0.0107,0.0014,-0.0044,-0.0045,-0.0025,-0.0003,0.176,218.91,3.0,#00b0f7,0.0
S2B_MSIL2A_20230911T184939_R113_T10SGJ_20240824T204432,2023-09-11,2B,10SGJ,4.4,68699,0.0,1.0,0.0,0.0,0.02,0.0202,0.0095,0.0029,0.0023,0.0025,0.0012,0.109,211.7,3.0,#54aac9,-0.2143
S2A_MSIL2A_20230913T184001_R070_T10SGJ_20241104T103229,2023-09-13,2A,10SGJ,6.6,68699,0.0,1.0,0.0,0.0,0.0183,0.0113,0.0054,-0.0006,-0.0007,-0.0004,0.0002,0.176,224.66,2.0,#4ea6eb,0.0
S2A_MSIL2A_20230916T185021_R113_T11SKD_20240825T233500,2023-09-16,2A,11SKD,19.9,68700,0.0,0.679,0.0,0.033,0.0236,0.018,0.0096,0.0037,0.0032,0.0025,0.004,0.155,222.27,2.0,#3aa9e8,0.0
S2B_MSIL2A_20230918T183939_R070_T11SKD_20230919T032601,2023-09-18,2B,11SKD,2.5,68700,0.0,1.0,0.0,0.0,0.0082,0.0093,0.0005,-0.0051,-0.0047,-0.0032,-0.0005,0.192,218.75,3.0,#00b2fe,0.0
S2B_MSIL2A_20230921T185009_R113_T10SGJ_20230922T022305,2023-09-21,2B,10SGJ,50.6,68699,0.0,0.217,0.0,0.783,,,,,,,,,,,,
S2A_MSIL2A_20230923T184111_R070_T11SKD_20230924T024654,2023-09-23,2A,11SKD,0.0,68700,0.005,0.995,0.0,0.0,0.0106,0.0058,0.0007,-0.0046,-0.005,-0.0031,-0.001,0.176,228.33,1.0,#009aff,0.0
S2A_MSIL2A_20230926T185131_R113_T11SKD_20230927T021420,2023-09-26,2A,11SKD,7.6,68700,0.0,1.0,0.0,0.0,0.0193,0.0174,0.011,0.0059,0.0054,0.0064,0.0062,0.109,216.44,3.0,#3fabd8,0.0
S2B_MSIL2A_20230928T184049_R070_T10SGJ_20230929T014355,2023-09-28,2B,10SGJ,0.0,68699,0.002,0.998,0.0,0.0,0.0086,0.0116,0.0026,-0.0033,-0.0031,-0.0019,-0.0002,0.151,209.42,4.0,#00b1d7,0.0
S2A_MSIL2A_20231003T184221_R070_T10SGJ_20231004T022552,2023-10-03,2A,10SGJ,42.9,68699,0.003,0.997,0.0,0.0,0.022,0.0143,0.0069,0.0,-0.0002,-0.0005,0.0,0.126,223.01,2.0,#4fa7e5,0.0
S2A_MSIL2A_20231006T185241_R113_T10SGJ_20231007T022251,2023-10-06,2A,10SGJ,0.0,68699,0.038,0.962,0.0,0.0,0.0127,0.0098,0.0036,-0.0017,-0.0023,-0.0016,-0.0006,0.098,219.84,3.0,#3aaae1,0.0
S2B_MSIL2A_20231008T184249_R070_T11SKD_20231009T012320,2023-10-08,2B,11SKD,0.0,68700,0.006,0.994,0.0,0.0,0.0081,0.0115,0.0022,-0.0035,-0.0036,-0.0023,-0.0006,0.156,208.57,4.0,#00b2d6,0.0
S2B_MSIL2A_20231011T185319_R113_T11SKD_20240917T161744,2023-10-11,2B,11SKD,9.3,68700,0.0,1.0,0.0,0.0,0.0128,0.0149,0.0057,-0.0002,-0.0007,-0.0003,0.0,0.084,207.4,4.0,#26aeca,0.0
S2A_MSIL2A_20231013T184321_R070_T11SKD_20231014T012518,2023-10-13,2A,11SKD,2.8,68700,0.002,0.998,0.0,0.0,0.007,0.004,0.0002,-0.005,-0.0051,-0.0029,-0.0002,0.164,229.89,1.0,#0087ff,0.0
S2A_MSIL2A_20231016T185351_R113_T10SGJ_20231017T011354,2023-10-16,2A,10SGJ,35.3,68699,0.0,0.996,0.0,0.004,0.0852,0.0842,0.0807,0.0768,0.0818,0.0878,0.066,0.13,198.89,4.0,#9aa1a3,0.188
S2B_MSIL2A_20231018T184359_R070_T10SGJ_20231019T155652,2023-10-18,2B,10SGJ,0.0,68699,0.006,0.994,0.0,0.0,0.0155,0.0165,0.0066,-0.0001,-0.0006,-0.0004,-0.0002,0.122,209.65,4.0,#33adcc,0.0
S2B_MSIL2A_20231021T185419_R113_T10SGJ_20231021T221502,2023-10-21,2B,10SGJ,7.7,68699,0.001,0.999,0.0,0.0,0.016,0.0184,0.0086,0.002,0.0015,0.0016,0.0011,0.088,205.57,4.0,#48acc2,-0.3846
S2A_MSIL2A_20231023T184431_R070_T10SGJ_20231023T231900,2023-10-23,2A,10SGJ,19.0,68699,0.001,0.999,0.0,0.0,0.0193,0.0135,0.0071,0.0009,0.0002,0.0003,0.0003,0.101,221.13,2.0,#5ba7db,-0.7143
S2A_MSIL2A_20231026T185451_R113_T10SGJ_20241107T143556,2023-10-26,2A,10SGJ,3.3,68699,0.0,1.0,0.0,0.0,0.0065,0.0056,0.0008,-0.0037,-0.0047,-0.0027,-0.0011,0.109,219.75,3.0,#00acea,0.0
S2B_MSIL2A_20231028T184459_R070_T11SKD_20241031T003724,2023-10-28,2B,11SKD,0.3,68700,0.0,1.0,0.0,0.0,0.0055,0.0086,0.0006,-0.0045,-0.0041,-0.0028,-0.0003,0.143,211.68,3.0,#00b6ea,0.0
S2B_MSIL2A_20231031T185529_R113_T11SKD_20231031T221641,2023-10-31,2B,11SKD,15.3,68700,0.0,1.0,0.0,0.0,0.0465,0.0483,0.0386,0.0324,0.0321,0.0353,0.0243,0.097,203.51,4.0,#83a5af,-0.0189
S2A_MSIL2A_20231102T184531_R070_T10SGJ_20241022T213142,2023-11-02,2A,10SGJ,17.7,68699,0.0,0.999,0.0,0.0,0.0301,0.0253,0.0199,0.0137,0.0145,0.0157,0.0118,0.13,218.65,3.0,#71a6cb,0.1739
S2A_MSIL2A_20231105T185551_R113_T11SKD_20240927T161116,2023-11-05,2A,11SKD,53.0,68700,0.0,0.018,0.0,0.083,,,,,,,,,,,,
S2B_MSIL2A_20231107T184559_R070_T10SGJ_20241112T092502,2023-11-07,2B,10SGJ,48.8,68699,0.0,0.882,0.0,0.118,0.0334,0.0301,0.0163,0.0066,0.0048,0.0038,0.001,0.041,214.62,3.0,#70a7c4,-0.1915
S2B_MSIL2A_20231110T185619_R113_T11SKD_20231110T220758,2023-11-10,2B,11SKD,4.5,68700,0.049,0.951,0.0,0.0,0.0036,0.0087,0.0008,-0.0042,-0.0056,-0.0039,-0.0014,0.107,197.89,4.0,#00b5c5,0.0
S2A_MSIL2A_20231112T184621_R070_T10SGJ_20231112T223601,2023-11-12,2A,10SGJ,45.7,68699,0.0,1.0,0.0,0.0,0.0647,0.0563,0.0483,0.0388,0.0391,0.0403,0.0276,0.114,217.61,3.0,#8da2b8,0.0132
S2B_MSIL2A_20231117T184649_R070_T10SGJ_20240902T054928,2023-11-17,2B,10SGJ,47.4,68699,0.0,0.36,0.0,0.419,,,,,,,,,,,,
S2B_MSIL2A_20231120T185659_R113_T10SGJ_20240927T053625,2023-11-20,2B,10SGJ,0.0,68699,0.0,1.0,0.0,0.0,0.0016,0.0068,-0.0002,-0.0049,-0.0058,-0.0038,-0.001,0.097,195.64,4.0,#00bbc9,0.0
S2A_MSIL2A_20231122T184701_R070_T10SGJ_20231122T230810,2023-11-22,2A,10SGJ,10.6,68699,0.01,0.989,0.0,0.0,0.01,0.0061,0.0025,-0.0033,-0.0045,-0.0028,-0.0006,0.109,224.15,2.0,#4ea7e9,0.0
S2A_MSIL2A_20231125T185721_R113_T10SGJ_20231125T231557,2023-11-25,2A,10SGJ,4.3,68699,0.029,0.971,0.0,0.0,0.0084,0.0073,0.003,-0.0019,-0.0021,-0.0019,-0.0007,0.076,214.43,3.0,#48abd1,0.0
S2B_MSIL2A_20231127T184719_R070_T11SKD_20231127T223623,2023-11-27,2B,11SKD,0.2,68700,0.028,0.972,0.0,0.0,0.0021,0.009,0.0012,-0.0034,-0.0035,-0.0026,-0.0009,0.085,185.64,5.0,#00b8b2,0.0
S2B_MSIL2A_20231130T185739_R113_T11SKD_20241031T042024,2023-11-30,2B,11SKD,66.1,68700,0.0,0.179,0.0,0.732,,,,,,,,,,,,
S2A_MSIL2A_20240304T185251_R113_T11SKD_20240305T003714,2024-03-04,2A,11SKD,52.7,68700,0.0,0.952,0.0,0.048,0.0568,0.044,0.03,0.0216,0.02,0.0181,0.0105,0.041,223.67,2.0,#84a2ca,-0.0777
S2B_MSIL2A_20240306T184229_R070_T11SKD_20240307T002611,2024-03-06,2B,11SKD,24.7,68700,0.0,0.961,0.0,0.039,0.0987,0.0963,0.0817,0.0746,0.0767,0.0766,0.0633,0.045,214.93,3.0,#83a4bb,0.085
S2B_MSIL2A_20240309T185109_R113_T11SKD_20240309T232248,2024-03-09,2B,11SKD,67.0,68700,0.0,0.0,0.0,1.0,,,,,,,,,,,,
S2A_MSIL2A_20240311T184151_R070_T11SKD_20240313T144126,2024-03-11,2A,11SKD,50.7,68700,0.0,0.534,0.0,0.465,0.0517,0.0357,0.0269,0.0203,0.0206,0.0184,0.0192,0.058,229.0,1.0,#5ea2f9,0.12
S2A_MSIL2A_20240314T185131_R113_T10SGJ_20240315T021431,2024-03-14,2A,10SGJ,6.2,68699,0.0,0.976,0.0,0.024,0.0118,0.0095,0.0047,0.002,0.0014,0.0039,0.006,0.201,,,,
S2B_MSIL2A_20240316T184019_R070_T11SKD_20240317T010056,2024-03-16,2B,11SKD,0.0,68700,0.012,0.988,0.0,0.0,0.0143,0.0121,0.0026,-0.0022,-0.0011,-0.0016,-0.0006,0.114,221.2,2.0,#00acf3,0.0
S2B_MSIL2A_20240319T185009_R113_T11SKD_20240319T230659,2024-03-19,2B,11SKD,0.0,68700,0.008,0.992,0.0,0.0,-0.0115,-0.0065,-0.0145,-0.0156,-0.0148,-0.0105,-0.0025,0.266,,,,
S2A_MSIL2A_20240321T184041_R070_T11SKD_20240322T011940,2024-03-21,2A,11SKD,0.0,68700,0.002,0.998,0.0,0.0,-0.002,-0.009,-0.0117,-0.0132,-0.0124,-0.0084,-0.002,0.282,,,,
S2A_MSIL2A_20240324T185021_R113_T10SGJ_20240325T033835,2024-03-24,2A,10SGJ,69.2,68699,0.0,0.173,0.0,0.827,,,,,,,,,,,,
S2B_MSIL2A_20240326T183929_R070_T11SKD_20240327T004822,2024-03-26,2B,11SKD,41.3,68700,0.0,1.0,0.0,0.0,0.0326,0.0278,0.0161,0.0077,0.0065,0.0055,0.0013,0.045,216.78,3.0,#79a5c3,-0.1034
S2A_MSIL2A_20240331T183921_R070_T11SKD_20240401T034455,2024-03-31,2A,11SKD,60.2,68700,0.0,0.476,0.0,0.523,,,,,,,,,,,,
S2A_MSIL2A_20240403T184911_R113_T11SKD_20240404T024816,2024-04-03,2A,11SKD,26.9,68700,0.0,1.0,0.0,0.0,0.0296,0.0217,0.0136,0.0069,0.006,0.0053,0.0019,0.045,222.16,2.0,#7da3cb,-0.0989
S2B_MSIL2A_20240408T184919_R113_T10SGJ_20240411T084621,2024-04-08,2B,10SGJ,2.4,68699,0.0,1.0,0.0,0.0,0.004,0.0125,0.0086,0.0068,0.0072,0.0099,0.0098,0.225,,,,
S2A_MSIL2A_20240410T183921_R070_T11SKD_20240411T021513,2024-04-10,2A,11SKD,16.2,68700,0.0,1.0,0.0,0.0,0.1024,0.0908,0.0832,0.0753,0.0792,0.0783,0.0504,0.063,220.05,3.0,#9c9fae,0.0726
S2A_MSIL2A_20240413T184921_R113_T11SKD_20240414T034705,2024-04-13,2A,11SKD,60.8,68700,0.0,0.0,0.0,1.0,,,,,,,,,,,,
S2B_MSIL2A_20240415T183919_R070_T10SGJ_20240416T002401,2024-04-15,2B,10SGJ,10.2,68699,0.0,1.0,0.0,0.0,0.0053,0.0064,-0.0017,-0.0063,-0.0063,-0.0037,-0.0004,0.27,,,,
S2B_MSIL2A_20240418T184919_R113_T11SKD_20240419T002051,2024-04-18,2B,11SKD,0.0,68700,0.007,0.993,0.0,0.0,-0.0074,-0.0023,-0.0107,-0.0122,-0.0113,-0.0073,-0.0011,0.302,,,,
S2A_MSIL2A_20240420T183921_R070_T10SGJ_20240421T052555,2024-04-20,2A,10SGJ,0.3,68699,0.005,0.995,0.0,0.0,0.0074,0.0015,-0.0042,-0.0083,-0.0078,-0.0053,-0.0015,0.262,,,,
S2A_MSIL2A_20240423T184931_R113_T10SGJ_20240424T032310,2024-04-23,2A,10SGJ,69.3,68699,0.0,0.996,0.0,0.004,0.0343,0.0248,0.0137,0.0066,0.0064,0.005,0.0035,0.245,223.73,2.0,#68a5dc,-0.0333
S2B_MSIL2A_20240425T183919_R070_T11SKD_20240426T013918,2024-04-25,2B,11SKD,35.8,68700,0.0,0.874,0.0,0.126,0.0417,0.0371,0.0234,0.0151,0.0149,0.0136,0.0095,0.139,217.55,3.0,#70a6c9,-0.0182
S2B_MSIL2A_20240428T184919_R113_T10SGJ_20240428T234120,2024-04-28,2B,10SGJ,4.8,68699,0.0,1.0,0.0,0.0,0.0057,0.008,-0.0003,-0.005,-0.0051,-0.0025,-0.0004,0.262,217.25,3.0,#00b1ff,0.0
S2A_MSIL2A_20240430T183921_R070_T11SKD_20240501T011605,2024-04-30,2A,11SKD,0.2,68700,0.0,1.0,0.0,0.0,-0.0068,-0.0108,-0.0122,-0.0138,-0.0122,-0.0085,-0.0011,0.346,,,,
S2A_MSIL2A_20240503T184921_R113_T10SGJ_20240504T022400,2024-05-03,2A,10SGJ,0.7,68699,0.0,1.0,0.0,0.0,0.0431,0.055,0.0497,0.0455,0.0464,0.0503,0.0424,0.274,122.39,7.0,#75ae6b,0.1268
S2B_MSIL2A_20240505T183919_R070_T10SGJ_20240505T231747,2024-05-05,2B,10SGJ,36.8,68699,0.0,0.998,0.0,0.002,0.0435,0.0396,0.0271,0.0188,0.018,0.0169,0.0125,0.045,216.06,3.0,#76a6c4,-0.0678
S2B_MSIL2A_20240508T184919_R113_T11SKD_20240508T234208,2024-05-08,2B,11SKD,0.0,68700,0.0,1.0,0.0,0.0,0.0521,0.0616,0.0539,0.0488,0.0485,0.0517,0.0443,0.168,164.67,5.0,#77ab93,-0.0345
S2A_MSIL2A_20240510T183921_R070_T11SKD_20240511T010757,2024-05-10,2A,11SKD,0.5,68700,0.0,1.0,0.0,0.0,0.0088,0.0059,0.0031,-0.0003,0.0014,0.00305,0.0073,0.326,,,,
S2A_MSIL2A_20240513T184921_R113_T10SGJ_20240514T024438,2024-05-13,2A,10SGJ,3.0,68699,0.0,1.0,0.0,0.0,0.0123,0.0081,0.0012,-0.0044,-0.0042,-0.0029,-0.0003,0.258,227.16,2.0,#009bff,0.0
S2B_MSIL2A_20240515T183919_R070_T10SGJ_20240516T010936,2024-05-15,2B,10SGJ,0.0,68699,0.0,1.0,0.0,0.0,0.0132,0.0135,0.0038,-0.0019,-0.0011,0.0004,0.0028,0.237,220.81,3.0,#00acff,0.0
S2B_MSIL2A_20240518T184919_R113_T10SGJ_20240518T231100,2024-05-18,2B,10SGJ,0.3,68699,0.0,1.0,0.0,0.0,0.017,0.0192,0.0093,0.0037,0.0041,0.0055,0.0046,0.266,209.8,4.0,#00afd1,0.0
S2A_MSIL2A_20240520T183921_R070_T11SKD_20240521T022402,2024-05-20,2A,11SKD,5.0,68700,0.0,1.0,0.0,0.0,0.0101,0.0061,0.0007,-0.0051,-0.0038,-0.0022,0.0011,0.326,,,,
S2A_MSIL2A_20240523T184921_R113_T11SKD_20240524T025052,2024-05-23,2A,11SKD,19.8,68700,0.0,1.0,0.0,0.0,0.098,0.1097,0.1008,0.0939,0.0948,0.0968,0.0837,0.139,157.35,6.0,#89a791,0.0423
S2B_MSIL2A_20240525T183919_R070_T11SKD_20240525T231731,2024-05-25,2B,11SKD,2.7,68700,0.0,1.0,0.0,0.0,0.0243,0.028,0.0194,0.0145,0.0156,0.0166,0.018,0.294,209.09,4.0,#00b5e0,0.0
S2B_MSIL2A_20240528T184919_R113_T10SGJ_20240529T061746,2024-05-28,2B,10SGJ,1.1,68699,0.0,1.0,0.0,0.0,0.0213,0.0232,0.012,0.0051,0.0051,0.0065,0.0054,0.184,209.38,4.0,#20aece,0.0
S2A_MSIL2A_20240530T183921_R070_T10SGJ_20240531T022320,2024-05-30,2A,10SGJ,8.9,68699,0.0,1.0,0.0,0.0,0.0346,0.0294,0.0221,0.0162,0.0169,0.017,0.0171,0.221,222.55,2.0,#3da8e9,0.0
S2A_MSIL2A_20240602T184921_R113_T10SGJ_20240603T032329,2024-06-02,2A,10SGJ,3.8,68699,0.0,1.0,0.0,0.0,0.0823,0.0977,0.0889,0.0817,0.0838,0.0853,0.0748,0.213,141.79,6.0,#7eaa83,0.1321
S2B_MSIL2A_20240604T183919_R070_T11SKD_20240604T234025,2024-06-04,2B,11SKD,0.0,68700,0.0,1.0,0.0,0.0,0.0125,0.0133,0.0031,-0.0038,-0.003,-0.0018,0.001,0.221,217.97,3.0,#00b0f2,0.0
S2B_MSIL2A_20240607T184919_R113_T10SGJ_20240608T003436,2024-06-07,2B,10SGJ,0.3,68699,0.0,1.0,0.0,0.0,0.019,0.0194,0.008,0.0007,0.0005,0.0011,0.0007,0.135,211.81,3.0,#2dadd1,0.0
S2A_MSIL2A_20240609T183921_R070_T10SGJ_20240610T024930,2024-06-09,2A,10SGJ,0.6,68699,0.0,1.0,0.0,0.0,0.0191,0.0138,0.0067,-0.0004,-0.0003,0.0006,0.0017,0.205,222.68,2.0,#3fa8e9,0.0
S2A_MSIL2A_20240612T184921_R113_T10SGJ_20240613T042103,2024-06-12,2A,10SGJ,0.1,68699,0.0,1.0,0.0,0.0,0.0218,0.0179,0.0089,0.0017,0.0015,0.0015,0.0011,0.13,217.51,3.0,#4fa9d6,-0.2
S2B_MSIL2A_20240614T183919_R070_T11SKD_20240615T002120,2024-06-14,2B,11SKD,0.0,68700,0.0,1.0,0.0,0.0,0.0316,0.0339,0.0231,0.0161,0.0166,0.0171,0.0172,0.205,208.91,4.0,#0eaece,0.0
S2B_MSIL2A_20240617T184919_R113_T10SGJ_20240618T011401,2024-06-17,2B,10SGJ,1.5,68699,0.0,0.992,0.0,0.008,0.0755,0.1004,0.0866,0.0771,0.0753,0.0846,0.0667,0.118,137.36,6.0,#7dab7f,-0.0947
S2A_MSIL2A_20240619T183921_R070_T10SGJ_20240620T022220,2024-06-19,2A,10SGJ,0.1,68699,0.0,1.0,0.0,0.0,0.0239,0.0185,0.0108,0.0035,0.0035,0.0041,0.0048,0.205,221.37,2.0,#45a9e3,0.0
S2A_MSIL2A_20240622T184921_R113_T10SGJ_20240623T023318,2024-06-22,2A,10SGJ,0.3,68699,0.0,0.97,0.0,0.03,0.1089,0.1438,0.1327,0.1225,0.1225,0.1319,0.1074,0.151,99.6,8.0,#8aaa5f,0.0
S2B_MSIL2A_20240624T183919_R070_T10SGJ_20240625T002515,2024-06-24,2B,10SGJ,4.9,68699,0.0,0.992,0.0,0.007,0.0229,0.0222,0.009,0.0002,0.0,0.0003,0.0007,0.188,213.8,3.0,#2cacd5,0.0
S2B_MSIL2A_20240627T184919_R113_T10SGJ_20240628T002848,2024-06-27,2B,10SGJ,0.4,68699,0.0,1.0,0.0,0.0,0.0997,0.1155,0.1048,0.0975,0.0988,0.0993,0.089,0.105,152.39,6.0,#7faa8b,0.071
S2A_MSIL2A_20240629T183921_R070_T11SKD_20240630T032900,2024-06-29,2A,11SKD,0.0,68700,0.0,1.0,0.0,0.0,0.0214,0.0155,0.0066,-0.0014,-0.0012,-0.0006,0.001,0.209,222.65,2.0,#36a9eb,0.0
S2A_MSIL2A_20240702T184921_R113_T10SGJ_20240703T025645,2024-07-02,2A,10SGJ,0.2,68699,0.0,1.0,0.0,0.0,0.1195,0.1334,0.125,0.1195,0.1214,0.1241,0.1095,0.114,139.24,6.0,#8aa887,0.0868
S2B_MSIL2A_20240704T183919_R070_T11SKD_20240706T004110,2024-07-04,2B,11SKD,0.0,68700,0.0,1.0,0.0,0.0,0.0219,0.0205,0.0069,-0.0016,-0.0018,-0.0008,0.0001,0.205,216.63,3.0,#00addf,0.0
S2B_MSIL2A_20240707T184919_R113_T10SGJ_20240707T234523,2024-07-07,2B,10SGJ,0.1,68699,0.0,0.999,0.0,0.0,0.0272,0.0255,0.0111,0.0026,0.0021,0.0019,0.0007,0.155,215.0,3.0,#4faad1,-0.1515
S2A_MSIL2A_20240709T183921_R070_T10SGJ_20240710T024627,2024-07-09,2A,10SGJ,0.0,68699,0.0,1.0,0.0,0.0,0.028,0.0212,0.0113,0.0032,0.003,0.0027,0.0007,0.205,220.05,3.0,#67a6d3,-0.0417
S2A_MSIL2A_20240712T184931_R113_T10SGJ_20240713T041841,2024-07-12,2A,10SGJ,1.2,68699,0.0,1.0,0.0,0.0,0.0411,0.0329,0.0195,0.0099,0.0093,0.0073,0.0026,0.262,219.58,3.0,#79a5c8,-0.0429
S2B_MSIL2A_20240717T184919_R113_T10SGJ_20240718T001152,2024-07-17,2B,10SGJ,0.2,68699,0.0,1.0,0.0,0.0,0.078,0.0905,0.0811,0.0762,0.0779,0.0812,0.0725,0.139,160.53,6.0,#69ad8e,0.1868
S2A_MSIL2A_20240719T183921_R070_T11SKD_20240720T024459,2024-07-19,2A,11SKD,4.6,68700,0.0,1.0,0.0,0.0,0.0416,0.0327,0.0215,0.0102,0.0112,0.0074,0.0019,0.406,218.05,3.0,#80a4c1,0.0568
S2A_MSIL2A_20240722T184921_R113_T10SGJ_20240723T050005,2024-07-22,2A,10SGJ,5.7,68699,0.0,1.0,0.0,0.0,0.0325,0.0258,0.0145,0.0061,0.0068,0.0039,0.0012,0.229,219.34,3.0,#73a5cb,0.0667
S2B_MSIL2A_20240724T183919_R070_T11SKD_20240725T080119,2024-07-24,2B,11SKD,20.3,68700,0.0,0.963,0.0,0.035,0.022,0.0213,0.0084,0.0005,0.0035,0.0007,0.0016,0.374,215.35,3.0,#11addb,0.9
S2B_MSIL2A_20240727T184919_R113_T10SGJ_20240727T214609,2024-07-27,2B,10SGJ,0.1,68699,0.0,1.0,0.0,0.0,0.0683,0.0747,0.0643,0.0581,0.0596,0.0615,0.0543,0.245,192.06,4.0,#6aabad,0.1648
S2A_MSIL2A_20240729T183921_R070_T10SGJ_20240730T023050,2024-07-29,2A,10SGJ,0.0,68699,0.0,1.0,0.0,0.0,0.0206,0.0137,0.0055,-0.0013,-0.0015,-0.0006,0.0001,0.197,224.05,2.0,#3ca8ef,0.0
S2A_MSIL2A_20240801T184921_R113_T11SKD_20240802T020250,2024-08-01,2A,11SKD,0.6,68700,0.0,1.0,0.0,0.0,0.0654,0.0725,0.0637,0.0576,0.0578,0.0609,0.0515,0.192,180.51,5.0,#7da8a1,0.0161
S2B_MSIL2A_20240806T184919_R113_T10SGJ_20240806T231154,2024-08-06,2B,10SGJ,0.0,68699,0.0,1.0,0.0,0.0,0.0264,0.0279,0.0158,0.0089,0.0083,0.0094,0.0073,0.105,210.04,3.0,#4cabc8,-0.2308
S2A_MSIL2A_20240808T183921_R070_T11SKD_20240809T012502,2024-08-08,2A,11SKD,24.9,68700,0.0,0.991,0.0,0.008,0.0254,0.0178,0.0078,0.0009,0.002,0.0012,0.0042,0.217,226.65,2.0,#00a2ff,0.0
S2A_MSIL2A_20240811T184921_R113_T10SGJ_20240812T013357,2024-08-11,2A,10SGJ,24.3,68699,0.0,0.945,0.0,0.053,0.059,0.0556,0.0459,0.039,0.0401,0.0418,0.0299,0.114,214.49,3.0,#86a4b9,0.057
S2B_MSIL2A_20240813T183919_R070_T11SKD_20240813T224159,2024-08-13,2B,11SKD,0.0,68700,0.0,1.0,0.0,0.0,0.0168,0.0156,0.004,-0.0023,-0.0024,-0.001,0.0002,0.168,219.31,3.0,#00aded,0.0
S2B_MSIL2A_20240816T184919_R113_T10SGJ_20240816T230724,2024-08-16,2B,10SGJ,0.0,68699,0.0,1.0,0.0,0.0,0.0252,0.0275,0.016,0.0099,0.0094,0.011,0.0089,0.101,208.93,4.0,#3cadca,-0.3333
S2A_MSIL2A_20240818T183921_R070_T11SKD_20240819T015050,2024-08-18,2A,11SKD,0.0,68700,0.0,1.0,0.0,0.0,0.018,0.0121,0.005,0.0,0.0001,0.0012,0.0033,0.192,228.56,1.0,#0095ff,0.0
S2A_MSIL2A_20240821T184921_R113_T10SGJ_20240822T022354,2024-08-21,2A,10SGJ,0.0,68699,0.0,1.0,0.0,0.0,0.0354,0.0353,0.027,0.0218,0.0217,0.0231,0.02,0.122,211.82,3.0,#5da9c7,-0.0286
S2B_MSIL2A_20240823T183919_R070_T10SGJ_20240824T000559,2024-08-23,2B,10SGJ,36.7,68699,0.0,1.0,0.0,0.0,0.0344,0.0343,0.0228,0.0167,0.0175,0.0185,0.0174,0.254,215.3,3.0,#00addd,0.0
S2B_MSIL2A_20240826T184919_R113_T11SKD_20240826T222522,2024-08-26,2B,11SKD,0.0,68700,0.0,1.0,0.0,0.0,0.0157,0.016,0.0051,-0.0009,-0.0011,0.0,0.0005,0.135,215.31,3.0,#00aede,0.0
S2A_MSIL2A_20240828T183921_R070_T11SKD_20240829T011944,2024-08-28,2A,11SKD,0.0,68700,0.0,1.0,0.0,0.0,0.0256,0.0184,0.0092,0.0018,0.0013,0.0012,0.0003,0.18,221.46,2.0,#5ea7da,-0.2
S2A_MSIL2A_20240831T184921_R113_T10SGJ_20240901T011152,2024-08-31,2A,10SGJ,7.4,68699,0.0,0.999,0.0,0.001,0.0279,0.0246,0.0156,0.0097,0.0094,0.0101,0.0087,0.159,218.23,3.0,#50a9d7,-0.1765
S2B_MSIL2A_20240902T183919_R070_T10SGJ_20240902T225006,2024-09-02,2B,10SGJ,0.8,68699,0.0,1.0,0.0,0.0,0.0198,0.0193,0.0082,0.0026,0.0028,0.0038,0.0047,0.18,218.48,3.0,#00aeec,0.0
S2B_MSIL2A_20240905T184919_R113_T10SGJ_20240906T010501,2024-09-05,2B,10SGJ,0.0,68699,0.0,1.0,0.0,0.0,0.0224,0.021,0.0087,0.002,0.0016,0.0016,0.0005,0.151,215.62,3.0,#4aaad3,-0.1538
S2A_MSIL2A_20240907T183921_R070_T11SKD_20240908T014752,2024-09-07,2A,11SKD,6.1,68700,0.0,1.0,0.0,0.0,0.0455,0.0364,0.0279,0.0211,0.0229,0.0242,0.016,0.151,223.4,2.0,#7ca3cf,0.15
S2A_MSIL2A_20240910T184931_R113_T10SGJ_20240911T005949,2024-09-10,2A,10SGJ,0.0,68699,0.0,1.0,0.0,0.0,0.0204,0.0158,0.0077,0.0028,0.0025,0.0035,0.0031,0.118,222.37,2.0,#2ca9ec,0.0
S2B_MSIL2A_20240912T183919_R070_T10SGJ_20240913T001358,2024-09-12,2B,10SGJ,1.5,68699,0.0,1.0,0.0,0.0,0.0137,0.0121,0.0012,-0.0041,-0.0041,-0.0022,-0.0003,0.159,223.07,2.0,#00a6ff,0.0
S2A_MSIL2A_20240920T185051_R113_T10SGJ_20240921T005645,2024-09-20,2A,10SGJ,0.9,68699,0.0,1.0,0.0,0.0,0.0179,0.0126,0.0046,-0.0005,-0.0007,-0.0001,-0.0001,0.105,223.15,2.0,#31a9ee,0.0
S2B_MSIL2A_20240922T184009_R070_T10SGJ_20240922T225505,2024-09-22,2B,10SGJ,0.0,68699,0.0,1.0,0.0,0.0,0.0106,0.0118,0.0011,-0.0044,-0.0046,-0.0026,-0.0006,0.172,218.13,3.0,#00b1f7,0.0
S2B_MSIL2A_20240925T185039_R113_T10SGJ_20240925T225613,2024-09-25,2B,10SGJ,0.0,68699,0.0,1.0,0.0,0.0,0.0185,0.0181,0.0065,0.0008,0.0004,0.001,0.0008,0.122,215.48,3.0,#00addc,0.0
S2A_MSIL2A_20240927T184141_R070_T11SKD_20240928T001552,2024-09-27,2A,11SKD,0.0,68700,0.0,1.0,0.0,0.0,0.0132,0.006,-0.0009,-0.0059,-0.0061,-0.0039,-0.0009,0.176,,,,
S2A_MSIL2A_20240930T185211_R113_T10SGJ_20241001T005349,2024-09-30,2A,10SGJ,0.0,68699,0.0,1.0,0.0,0.0,0.0202,0.0147,0.0062,0.0011,0.0007,0.0014,0.0014,0.101,223.25,2.0,#2ca9ef,0.0
S2B_MSIL2A_20241002T184119_R070_T11SKD_20241003T000142,2024-10-02,2B,11SKD,0.0,68700,0.0,1.0,0.0,0.0,0.0125,0.0115,0.0,-0.0057,-0.0059,-0.0036,-0.0009,0.176,223.19,2.0,#00a2ff,0.0
S2B_MSIL2A_20241005T185139_R113_T10SGJ_20241005T225935,2024-10-05,2B,10SGJ,4.2,68699,0.0,1.0,0.0,0.0,0.0212,0.0198,0.0071,0.0012,0.0005,0.0008,0.0003,0.101,216.93,3.0,#31abdb,-0.6364
S2A_MSIL2A_20241007T184251_R070_T10SGJ_20241007T223555,2024-10-07,2A,10SGJ,27.6,68699,0.0,0.771,0.0,0.229,0.1016,0.0917,0.0823,0.0739,0.079,0.0794,0.049,0.217,217.69,3.0,#9aa0ae,0.0929
S2A_MSIL2A_20241010T185311_R113_T11SKD_20241011T001554,2024-10-10,2A,11SKD,10.8,68700,0.0,1.0,0.0,0.0,0.0494,0.0438,0.0335,0.0271,0.0279,0.0307,0.022,0.084,220.04,3.0,#76a5cb,0.0727
S2B_MSIL2A_20241012T184229_R070_T11SKD_20241012T235149,2024-10-12,2B,11SKD,0.5,68700,0.0,1.0,0.0,0.0,0.0111,0.0124,0.0013,-0.0035,-0.0035,-0.0018,0.0008,0.159,220.24,3.0,#00aaff,0.0
S2B_MSIL2A_20241015T185249_R113_T11SKD_20241015T225017,2024-10-15,2B,11SKD,0.0,68700,0.0,1.0,0.0,0.0,0.022,0.0207,0.0083,0.002,0.0016,0.0014,0.0002,0.071,215.9,3.0,#4daad3,-0.125
S2A_MSIL2A_20241020T185421_R113_T11SKD_20241021T005659,2024-10-20,2A,11SKD,0.4,68700,0.0,1.0,0.0,0.0,0.0153,0.0113,0.0038,-0.0013,-0.0013,-0.0009,-0.0004,0.076,222.09,2.0,#2aa9eb,0.0
S2B_MSIL2A_20241022T184339_R070_T11SKD_20241022T230538,2024-10-22,2B,11SKD,10.8,68700,0.0,1.0,0.0,0.0,0.0296,0.0307,0.0202,0.0152,0.0162,0.0184,0.0139,0.114,212.06,3.0,#44acce,0.2778
S2A_MSIL2A_20241027T184501_R070_T10SGJ_20241027T220048,2024-10-27,2A,10SGJ,10.8,68699,0.0,1.0,0.0,0.0,0.0126,0.0071,0.0016,-0.0034,-0.0033,-0.0019,0.0001,0.13,229.29,1.0,#0093ff,0.0
S2B_MSIL2A_20241104T185449_R113_T11SKD_20241104T205941,2024-11-04,2B,11SKD,2.2,68700,0.0,1.0,0.0,0.0,0.0035,0.0069,-0.0027,-0.0069,-0.0076,-0.0052,-0.0017,0.118,,,,
S2A_MSIL2A_20241106T184551_R070_T11SKD_20241106T223151,2024-11-06,2A,11SKD,13.2,68700,0.0,0.998,0.0,0.002,0.1329,0.122,0.1142,0.1069,0.1126,0.1195,0.0902,0.105,222.14,2.0,#96a0b6,0.1458
S2A_MSIL2A_20241109T185611_R113_T10SGJ_20241109T222751,2024-11-09,2A,10SGJ,0.2,68699,0.0,1.0,0.0,0.0,0.0131,0.0107,0.0038,-0.0012,-0.001,-0.001,-0.0005,0.084,218.88,3.0,#32abe0,0.0
S2B_MSIL2A_20241111T184519_R070_T11SKD_20241111T212349,2024-11-11,2B,11SKD,53.6,68700,0.0,0.067,0.0,0.933,,,,,,,,,,,,
S2B_MSIL2A_20241114T185539_R113_T11SKD_20241114T212258,2024-11-14,2B,11SKD,40.8,68700,0.0,0.763,0.0,0.237,0.005,0.0092,-0.0007,-0.0062,-0.0075,-0.0045,0.0002,0.172,,,,
S2A_MSIL2A_20241116T184641_R070_T10SGJ_20241116T222659,2024-11-16,2A,10SGJ,17.2,68699,0.0,1.0,0.0,0.0,0.0068,0.0043,0.0006,-0.0034,-0.0034,-0.0001,0.0022,0.168,,,,
S2B_MSIL2A_20241121T184609_R070_T11SKD_20241121T210927,2024-11-21,2B,11SKD,50.8,68700,0.0,0.002,0.0,0.998,,,,,,,,,,,,
S2B_MSIL2A_20241124T185629_R113_T11SKD_20241124T205116,2024-11-24,2B,11SKD,4.1,68700,0.0,1.0,0.0,0.0,-0.0019,0.0036,-0.0055,-0.01,-0.01,-0.0076,-0.0025,0.139,,,,
S2A_MSIL2A_20241129T185741_R113_T11SKD_20241129T221848,2024-11-29,2A,11SKD,0.5,68700,0.0,1.0,0.0,0.0,0.0035,0.0016,-0.0035,-0.0073,-0.0084,-0.0057,-0.0021,0.118,,,,
S2B_MSIL2A_20250301T184219_R070_T10SGJ_20250301T223204,2025-03-01,2B,10SGJ,3.9,68699,0.0,1.0,0.0,0.0,0.005,0.009,0.0022,-0.0008,-0.0006,0.0029,0.004,0.209,,,,
S2C_MSIL2A_20250309T185241_R113_T10SGJ_20250309T230504,2025-03-09,2C,10SGJ,4.7,68699,0.0,1.0,0.0,0.0,0.0015,-0.0014,-0.0044,-0.007,-0.0076,-0.0036,0.0004,0.184,,,,
S2B_MSIL2A_20250311T184059_R070_T11SKD_20250311T223810,2025-03-11,2B,11SKD,0.0,68700,0.0,1.0,0.0,0.0,-0.0066,-0.0016,-0.0088,-0.0111,-0.0105,-0.0066,-0.0015,0.274,,,,
S2C_MSIL2A_20250316T184141_R070_T11SKD_20250317T002414,2025-03-16,2C,11SKD,10.8,68700,0.0,1.0,0.0,0.0,0.0769,0.0705,0.0608,0.0553,0.0561,0.0574,0.036,0.054,218.05,3.0,#98a0b0,0.0203
S2C_MSIL2A_20250319T185131_R113_T10SGJ_20250319T235200,2025-03-19,2C,10SGJ,67.9,68699,0.0,0.0,0.0,1.0,,,,,,,,,,,,
S2B_MSIL2A_20250324T184929_R113_T11SKD_20250324T225002,2025-03-24,2B,11SKD,0.0,68700,0.0,1.0,0.0,0.0,-0.0146,-0.0087,-0.0164,-0.0169,-0.0161,-0.0117,-0.003,0.278,,,,
S2C_MSIL2A_20250326T184031_R070_T11SKD_20250326T234817,2025-03-26,2C,11SKD,0.1,68700,0.0,1.0,0.0,0.0,-0.003,-0.006,-0.0118,-0.0127,-0.0116,-0.0077,0.0004,0.274,,,,
S2A_MSIL2A_20250328T184821_R070_T11SKD_20250329T025214,2025-03-28,2A,11SKD,39.1,68700,0.0,0.976,0.0,0.024,0.0419,0.0332,0.0248,0.0169,0.0159,0.0146,0.0073,0.105,220.49,3.0,#8aa2be,-0.0549
S2C_MSIL2A_20250329T185021_R113_T11SKD_20250330T000214,2025-03-29,2C,11SKD,1.8,68700,0.0,1.0,0.0,0.0,0.0135,0.0107,0.0076,0.0038,0.0038,0.0062,0.0062,0.25,226.81,2.0,#21a5ff,0.0
S2B_MSIL2A_20250403T184919_R113_T10SGJ_20250403T225702,2025-04-03,2B,10SGJ,53.3,68699,0.0,0.97,0.0,0.03,0.0323,0.0295,0.0172,0.0103,0.0099,0.0095,0.0055,0.164,216.44,3.0,#6ea7c8,-0.0435
S2C_MSIL2A_20250405T183941_R070_T10SGJ_20250406T012006,2025-04-05,2C,10SGJ,12.9,68699,0.0,1.0,0.0,0.0,0.0297,0.0239,0.0146,0.0087,0.008,0.0085,0.0061,0.101,221.38,2.0,#67a6d6,-0.1556
S2C_MSIL2A_20250408T184941_R113_T11SKD_20250409T000215,2025-04-08,2C,11SKD,10.9,68700,0.0,1.0,0.0,0.0,0.0334,0.0301,0.0237,0.0186,0.0188,0.0197,0.0164,0.147,217.97,3.0,#6da6cb,0.0435
S2B_MSIL2A_20250410T183919_R070_T10SGJ_20250410T222621,2025-04-10,2B,10SGJ,68.6,68699,0.0,1.0,0.0,0.0,0.0478,0.0426,0.0303,0.0225,0.0222,0.021,0.0107,0.05,216.75,3.0,#88a3bb,-0.0129
S2B_MSIL2A_20250413T184919_R113_T10SGJ_20250413T224344,2025-04-13,2B,10SGJ,0.0,68699,0.0,1.0,0.0,0.0,0.0215,0.0277,0.0191,0.0151,0.0152,0.0179,0.016,0.237,193.14,4.0,#00b4bb,0.0
S2C_MSIL2A_20250415T183941_R070_T10SGJ_20250416T004212,2025-04-15,2C,10SGJ,5.3,68699,0.0,1.0,0.0,0.0,0.0118,0.0083,0.0014,-0.0031,-0.0029,-0.0002,0.0035,0.27,,,,
S2A_MSIL2A_20250417T184821_R070_T11SKD_20250418T022513,2025-04-17,2A,11SKD,6.7,68700,0.0,1.0,0.0,0.0,0.0123,0.0049,-0.0012,-0.0061,-0.0056,-0.0036,-0.0005,0.266,,,,
S2C_MSIL2A_20250418T184941_R113_T10SGJ_20250418T234256,2025-04-18,2C,10SGJ,0.1,68699,0.0,1.0,0.0,0.0,0.0309,0.0325,0.0275,0.0239,0.0234,0.0276,0.0268,0.213,213.35,3.0,#00b4eb,0.0
S2B_MSIL2A_20250420T183919_R070_T11SKD_20250420T223736,2025-04-20,2B,11SKD,0.1,68700,0.0,1.0,0.0,0.0,0.0054,0.0059,-0.0038,-0.0084,-0.0078,-0.0051,-0.001,0.27,,,,
S2B_MSIL2A_20250423T184919_R113_T10SGJ_20250423T223539,2025-04-23,2B,10SGJ,1.7,68699,0.0,1.0,0.0,0.0,0.0086,0.0112,0.0028,-0.0019,-0.0014,0.0007,0.0015,0.229,213.23,3.0,#00b4ea,0.0
S2C_MSIL2A_20250428T184941_R113_T10SGJ_20250428T232913,2025-04-28,2C,10SGJ,3.6,68699,0.0,1.0,0.0,0.0,0.0146,0.011,0.0054,-0.0002,-0.0003,0.0018,0.0033,0.241,225.45,2.0,#00a7ff,0.0
S2B_MSIL2A_20250430T183919_R070_T10SGJ_20250430T205337,2025-04-30,2B,10SGJ,33.9,68699,0.0,1.0,0.0,0.0,0.0152,0.0152,0.0043,-0.0023,-0.0015,-0.0007,0.0007,0.31,217.38,3.0,#00aee8,0.0
S2C_MSIL2A_20250505T183941_R070_T11SKD_20250505T230918,2025-05-05,2C,11SKD,0.5,68700,0.0,1.0,0.0,0.0,0.0176,0.0175,0.0112,0.0075,0.0076,0.0102,0.0142,0.274,,,,
S2A_MSIL2A_20250507T184821_R070_T11SKD_20250507T220715,2025-05-07,2A,11SKD,0.0,68700,0.0,1.0,0.0,0.0,0.0083,0.0032,-0.0049,-0.0105,-0.0099,-0.0074,-0.0017,0.294,,,,
S2C_MSIL2A_20250508T184941_R113_T10SGJ_20250508T235713,2025-05-08,2C,10SGJ,0.0,68699,0.0,1.0,0.0,0.0,0.0185,0.0134,0.005,-0.0002,0.0002,0.0025,0.0046,0.241,229.02,1.0,#0085ff,0.0
S2B_MSIL2A_20250510T183919_R070_T10SGJ_20250510T220128,2025-05-10,2B,10SGJ,12.4,68699,0.0,1.0,0.0,0.0,0.0234,0.0208,0.006,-0.0017,-0.0015,-0.0007,0.0006,0.254,219.89,3.0,#00aced,0.0
S2C_MSIL2A_20250515T183941_R070_T10SGJ_20250515T233917,2025-05-15,2C,10SGJ,8.9,68699,0.0,1.0,0.0,0.0,0.0173,0.0161,0.0097,0.0056,0.0071,0.0109,0.0141,0.366,,,,
S2C_MSIL2A_20250518T184931_R113_T11SKD_20250518T224158,2025-05-18,2C,11SKD,1.1,68700,0.0,1.0,0.0,0.0,0.065,0.0764,0.0676,0.0616,0.0614,0.0688,0.0607,0.266,165.87,5.0,#43b292,-0.125
S2B_MSIL2A_20250520T183919_R070_T10SGJ_20250520T223512,2025-05-20,2B,10SGJ,0.0,68699,0.0,1.0,0.0,0.0,0.0189,0.0185,0.0061,-0.0012,-0.0011,0.0002,0.0011,0.241,216.8,3.0,#00ade3,0.0
S2B_MSIL2A_20250523T184919_R113_T11SKD_20250523T225147,2025-05-23,2B,11SKD,3.9,68700,0.0,1.0,0.0,0.0,0.0814,0.0964,0.0831,0.0755,0.0753,0.0804,0.0668,0.126,168.03,5.0,#7baa96,-0.0116
S2C_MSIL2A_20250525T183941_R070_T11SKD_20250525T225714,2025-05-25,2C,11SKD,3.3,68700,0.0,1.0,0.0,0.0,0.0128,0.0117,0.0043,0.0009,0.0027,0.0068,0.0124,0.41,,,,
S2A_MSIL2A_20250527T184831_R070_T11SKD_20250528T012214,2025-05-27,2A,11SKD,0.0,68700,0.0,1.0,0.0,0.0,0.0259,0.0201,0.0119,0.0056,0.0065,0.0073,0.0083,0.294,225.32,2.0,#00a8fc,0.0
S2C_MSIL2A_20250528T184941_R113_T10SGJ_20250528T232214,2025-05-28,2C,10SGJ,0.3,68699,0.0,1.0,0.0,0.0,0.0965,0.1122,0.102,0.0952,0.0955,0.1016,0.0901,0.184,151.66,6.0,#71ad87,0.0286
S2B_MSIL2A_20250530T183919_R070_T11SKD_20250530T222847,2025-05-30,2B,11SKD,0.0,68700,0.0,1.0,0.0,0.0,0.0192,0.018,0.0048,-0.0027,-0.0022,-0.0009,0.0008,0.25,219.48,3.0,#00aeef,0.0
S2B_MSIL2A_20250602T184919_R113_T10SGJ_20250602T223229,2025-06-02,2B,10SGJ,0.0,68699,0.0,1.0,0.0,0.0,0.0791,0.099,0.0874,0.0813,0.083,0.09,0.0772,0.209,140.84,6.0,#63b078,0.1717
S2C_MSIL2A_20250604T183941_R070_T11SKD_20250605T011214,2025-06-04,2C,11SKD,0.2,68700,0.0,1.0,0.0,0.0,0.033,0.0306,0.0206,0.0154,0.0159,0.0174,0.0191,0.282,224.14,2.0,#00a3ff,0.0
S2C_MSIL2A_20250607T184941_R113_T11SKD_20250608T005311,2025-06-07,2C,11SKD,5.0,68700,0.0,1.0,0.0,0.0,0.0279,0.0218,0.011,0.0039,0.0039,0.0049,0.0056,0.25,223.1,2.0,#19a9f1,0.0
S2B_MSIL2A_20250609T183919_R070_T11SKD_20250609T223027,2025-06-09,2B,11SKD,2.7,68700,0.0,1.0,0.0,0.0,0.0198,0.0184,0.0052,-0.0025,-0.0017,-0.0012,0.0004,0.258,218.77,3.0,#00adea,0.0
S2B_MSIL2A_20250612T184919_R113_T10SGJ_20250612T234122,2025-06-12,2B,10SGJ,0.4,68699,0.0,1.0,0.0,0.0,0.0619,0.0767,0.0612,0.0526,0.0516,0.058,0.045,0.135,176.73,5.0,#72ab9e,-0.0704
S2C_MSIL2A_20250614T183941_R070_T10SGJ_20250614T231215,2025-06-14,2C,10SGJ,8.3,68699,0.0,1.0,0.0,0.0,0.0226,0.0198,0.0103,0.0059,0.0062,0.009,0.0126,0.286,,,,
S2A_MSIL2A_20250616T184831_R070_T10SGJ_20250617T053724,2025-06-16,2A,10SGJ,0.1,68699,0.0,1.0,0.0,0.0,0.0402,0.0338,0.0246,0.0182,0.0192,0.0194,0.0171,0.217,221.88,2.0,#55a7df,0.3125
S2C_MSIL2A_20250617T184941_R113_T10SGJ_20250617T234722,2025-06-17,2C,10SGJ,0.2,68699,0.0,0.999,0.0,0.001,0.0275,0.0203,0.0088,0.0017,0.0013,0.0026,0.003,0.118,223.68,2.0,#1ca9f3,0.0
S2B_MSIL2A_20250619T183919_R070_T11SKD_20250619T223631,2025-06-19,2B,11SKD,0.1,68700,0.0,1.0,0.0,0.0,0.037,0.0365,0.024,0.018,0.0186,0.0186,0.0192,0.201,217.26,3.0,#00aee5,0.0
S2B_MSIL2A_20250622T184919_R113_T10SGJ_20250622T211617,2025-06-22,2B,10SGJ,8.3,68699,0.0,1.0,0.0,0.0,0.0855,0.1042,0.0899,0.0824,0.0829,0.0883,0.0748,0.135,160.48,6.0,#73ac8f,0.0318
S2C_MSIL2A_20250624T183941_R070_T11SKD_20250625T001021,2025-06-24,2C,11SKD,15.1,68700,0.0,1.0,0.0,0.0,0.019,0.0147,0.0045,-0.0016,-0.001,0.001,0.0041,0.294,227.66,1.0,#008cff,0.0
S2C_MSIL2A_20250627T184941_R113_T10SGJ_20250627T234511,2025-06-27,2C,10SGJ,0.4,68699,0.0,1.0,0.0,0.0,0.0273,0.0212,0.0108,0.0036,0.0031,0.0043,0.0042,0.135,221.73,2.0,#35a9e8,0.0
S2B_MSIL2A_20250629T183919_R070_T11SKD_20250629T223247,2025-06-29,2B,11SKD,0.0,68700,0.0,1.0,0.0,0.0,0.0193,0.0178,0.005,-0.0022,-0.0016,-0.0008,0.0007,0.237,219.4,3.0,#00aded,0.0
S2B_MSIL2A_20250702T184919_R113_T10SGJ_20250702T221755,2025-07-02,2B,10SGJ,4.0,68699,0.0,1.0,0.0,0.0,0.0386,0.0492,0.0347,0.0258,0.0251,0.0292,0.0207,0.155,187.24,5.0,#68aba8,-0.0737
S2C_MSIL2A_20250704T183941_R070_T11SKD_20250705T001219,2025-07-04,2C,11SKD,2.6,68700,0.0,1.0,0.0,0.0,0.0323,0.0303,0.0212,0.0167,0.0172,0.0186,0.021,0.221,225.9,2.0,#0093ff,0.0
S2A_MSIL2A_20250706T184831_R070_T11SKD_20250706T215715,2025-07-06,2A,11SKD,0.0,68700,0.0,1.0,0.0,0.0,0.0298,0.0229,0.0142,0.0085,0.0092,0.0097,0.01,0.213,225.55,2.0,#1ca7fb,0.0
S2C_MSIL2A_20250707T184941_R113_T10SGJ_20250707T235518,2025-07-07,2C,10SGJ,0.3,68699,0.0,0.995,0.0,0.005,0.1237,0.15475,0.1434,0.1361,0.136,0.1448,0.1254,0.147,106.43,8.0,#82ac60,-0.0047
S2B_MSIL2A_20250709T183919_R070_T11SKD_20250709T234451,2025-07-09,2B,11SKD,0.0,68700,0.0,1.0,0.0,0.0,0.0363,0.0353,0.0225,0.0166,0.0168,0.0177,0.0173,0.197,217.61,3.0,#00ade5,0.0
S2B_MSIL2A_20250712T184919_R113_T10SGJ_20250712T223121,2025-07-12,2B,10SGJ,0.1,68699,0.0,1.0,0.0,0.0,0.0697,0.092,0.0771,0.069,0.0689,0.0754,0.0609,0.197,151.18,6.0,#74ac87,-0.0062
S2C_MSIL2A_20250714T183941_R070_T11SKD_20250715T000814,2025-07-14,2C,11SKD,0.0,68700,0.0,1.0,0.0,0.0,0.032,0.0256,0.0126,0.0052,0.0053,0.0043,0.0044,0.354,221.19,2.0,#40a9e4,0.0588
S2C_MSIL2A_20250717T184941_R113_T10SGJ_20250717T230622,2025-07-17,2C,10SGJ,0.0,68699,0.0,1.0,0.0,0.0,0.0562,0.0614,0.0496,0.0427,0.0423,0.0461,0.0409,0.143,200.32,4.0,#4fadba,-0.125
S2B_MSIL2A_20250719T183919_R070_T10SGJ_20250719T223322,2025-07-19,2B,10SGJ,0.0,68699,0.0,1.0,0.0,0.0,0.0218,0.019,0.0056,-0.0014,-0.0013,-0.0004,0.0004,0.209,220.07,3.0,#00acec,0.0
S2C_MSIL2A_20250724T183941_R070_T10SGJ_20250725T000814,2025-07-24,2C,10SGJ,1.8,68699,0.0,1.0,0.0,0.0,0.0148,0.0103,0.0007,-0.0045,-0.0037,-0.0019,0.003,0.25,,,,
S2A_MSIL2A_20250726T184831_R070_T10SGJ_20250727T003916,2025-07-26,2A,10SGJ,21.9,68699,0.0,1.0,0.0,0.0,0.0227,0.013,0.0039,-0.0033,-0.0018,-0.0025,0.0,0.31,228.08,1.0,#0d9eff,0.0
S2C_MSIL2A_20250727T184941_R113_T10SGJ_20250727T215914,2025-07-27,2C,10SGJ,19.9,68699,0.0,1.0,0.0,0.0,0.0881,0.1007,0.0899,0.0831,0.0842,0.0872,0.079,0.168,168.79,5.0,#69ad97,0.1183
S2B_MSIL2A_20250729T183919_R070_T11SKD_20250729T224016,2025-07-29,2B,11SKD,0.3,68700,0.0,1.0,0.0,0.0,0.0188,0.0164,0.0037,-0.003,-0.0024,-0.0017,0.0002,0.217,221.48,2.0,#00adf8,0.0
S2B_MSIL2A_20250801T184919_R113_T10SGJ_20250801T223959,2025-08-01,2B,10SGJ,9.6,68699,0.0,1.0,0.0,0.0,0.0699,0.0796,0.0663,0.0598,0.0601,0.0616,0.0533,0.13,187.1,5.0,#72aaa7,0.0226
S2C_MSIL2A_20250803T183941_R070_T11SKD_20250803T234505,2025-08-03,2C,11SKD,0.0,68700,0.0,1.0,0.0,0.0,0.0162,0.011,0.0009,-0.0041,-0.0043,-0.0018,0.0024,0.192,,,,
S2C_MSIL2A_20250806T184941_R113_T10SGJ_20250806T232413,2025-08-06,2C,10SGJ,0.0,68699,0.0,1.0,0.0,0.0,0.027,0.0227,0.0125,0.0069,0.0064,0.0089,0.0088,0.114,223.28,2.0,#00aaf8,0.0
S2B_MSIL2A_20250808T183919_R070_T10SGJ_20250808T223716,2025-08-08,2B,10SGJ,0.0,68699,0.0,1.0,0.0,0.0,0.0172,0.0146,0.0019,-0.0041,-0.0037,-0.0023,0.0001,0.192,223.79,2.0,#00a4ff,0.0
S2B_MSIL2A_20250811T184919_R113_T10SGJ_20250811T223207,2025-08-11,2B,10SGJ,0.0,68699,0.0,1.0,0.0,0.0,0.0236,0.0207,0.0068,0.0003,-0.0001,0.0004,0.0002,0.155,218.79,3.0,#00ace5,-0.0
S2C_MSIL2A_20250813T183941_R070_T11SKD_20250813T234116,2025-08-13,2C,11SKD,0.1,68700,0.0,1.0,0.0,0.0,0.0174,0.0119,0.0014,-0.0039,-0.0034,-0.0015,0.0026,0.217,,,,
S2A_MSIL2A_20250815T184831_R070_T10SGJ_20250815T214915,2025-08-15,2A,10SGJ,0.0,68699,0.0,1.0,0.0,0.0,0.0199,0.0118,0.0024,-0.0034,-0.0032,-0.0021,-0.0002,0.201,228.33,1.0,#0097ff,0.0
S2C_MSIL2A_20250816T184941_R113_T10SGJ_20250816T235117,2025-08-16,2C,10SGJ,2.2,68699,0.0,1.0,0.0,0.0,0.042,0.0393,0.0285,0.0223,0.0222,0.0234,0.0221,0.143,217.91,3.0,#2dabde,-0.3333
S2B_MSIL2A_20250818T183919_R070_T10SGJ_20250818T222742,2025-08-18,2B,10SGJ,0.0,68699,0.0,1.0,0.0,0.0,0.0177,0.0152,0.0028,-0.003,-0.0027,-0.0011,0.0009,0.192,223.57,2.0,#00a5ff,0.0
S2B_MSIL2A_20250821T184919_R113_T10SGJ_20250821T221857,2025-08-21,2B,10SGJ,4.2,68699,0.0,1.0,0.0,0.0,0.044,0.0446,0.0291,0.021,0.0208,0.0228,0.0167,0.139,212.12,3.0,#62a9c6,-0.0238
S2C_MSIL2A_20250823T183941_R070_T11SKD_20250824T000120,2025-08-23,2C,11SKD,16.7,68700,0.0,1.0,0.0,0.0,0.0258,0.0189,0.0072,0.0015,0.0027,0.0022,0.004,0.266,226.11,2.0,#00a1ff,0.0
S2C_MSIL2A_20250826T184941_R113_T10SGJ_20250826T234313,2025-08-26,2C,10SGJ,58.3,68699,0.0,0.439,0.0,0.561,,,,,,,,,,,,
S2B_MSIL2A_20250828T183919_R070_T10SGJ_20250829T062027,2025-08-28,2B,10SGJ,0.0,68699,0.0,1.0,0.0,0.0,0.0116,0.0115,0.0011,-0.0052,-0.0045,-0.0028,-0.0005,0.245,220.61,3.0,#00afff,0.0
S2B_MSIL2A_20250831T184919_R113_T10SGJ_20250831T224258,2025-08-31,2B,10SGJ,0.5,68699,0.0,1.0,0.0,0.0,0.0282,0.0263,0.0124,0.0053,0.0046,0.0047,0.0028,0.168,216.31,3.0,#54a9d2,-0.1628
S2C_MSIL2A_20250902T183941_R070_T11SKD_20250902T232813,2025-09-02,2C,11SKD,34.8,68700,0.0,0.835,0.0,0.165,0.1707,0.156,0.1317,0.1112,0.1122,0.1002,0.0764,0.262,215.47,3.0,#8fa2b4,0.0142
S2A_MSIL2A_20250904T184831_R070_T11SKD_20250904T220018,2025-09-04,2A,11SKD,6.3,68700,0.0,1.0,0.0,0.0,0.0571,0.0445,0.0329,0.0233,0.0245,0.022,0.0122,0.209,222.56,2.0,#87a2c4,0.0513
S2C_MSIL2A_20250905T184931_R113_T10SGJ_20250906T001400,2025-09-05,2C,10SGJ,0.2,68699,0.0,1.0,0.0,0.0,0.0379,0.032,0.0215,0.014,0.0134,0.013,0.0096,0.147,219.34,3.0,#72a5cc,-0.0732
S2A_MSIL2A_20250907T185821_R113_T10SGJ_20250907T215416,2025-09-07,2A,10SGJ,10.2,68699,0.0,0.92,0.0,0.08,0.1347,0.1269,0.1175,0.1113,0.1174,0.1218,0.0756,0.205,213.42,3.0,#a09fa6,0.0787
S2B_MSIL2A_20250910T184919_R113_T11SKD_20250910T224340,2025-09-10,2B,11SKD,69.8,68700,0.0,0.531,0.0,0.468,0.0562,0.0487,0.0296,0.0185,0.0176,0.0146,0.0112,0.08,218.82,3.0,#6ea6cd,-0.0657
S2C_MSIL2A_20250912T184001_R070_T11SKD_20250913T004015,2025-09-12,2C,11SKD,42.0,68700,0.0,0.737,0.0,0.263,0.0227,0.0151,0.0026,-0.0029,-0.0026,-0.002,0.0067,0.254,,,,
S2C_MSIL2A_20250915T185031_R113_T10SGJ_20250916T012207,2025-09-15,2C,10SGJ,0.0,68699,0.0,1.0,0.0,0.0,0.0196,0.0129,0.0042,-0.001,-0.0012,0.0006,0.0022,0.105,228.05,1.0,#0096ff,0.0
S2B_MSIL2A_20250917T183919_R070_T10SGJ_20250917T234521,2025-09-17,2B,10SGJ,0.0,68699,0.0,1.0,0.0,0.0,0.0197,0.0171,0.0051,-0.0014,-0.0011,-0.0008,0.0002,0.217,219.9,3.0,#00aceb,0.0
S2B_MSIL2A_20250920T184959_R113_T11SKD_20250920T224559,2025-09-20,2B,11SKD,25.6,68700,0.0,1.0,0.0,0.0,0.0173,0.016,0.0041,-0.002,-0.0024,-0.0018,-0.0004,0.164,218.61,3.0,#00ade9,0.0
S2C_MSIL2A_20250922T184121_R070_T11SKD_20250922T232800,2025-09-22,2C,11SKD,0.1,68700,0.0,1.0,0.0,0.0,0.0095,0.006,-0.0015,-0.0055,-0.0055,-0.003,0.002,0.184,,,,
S2A_MSIL2A_20250924T184831_R070_T11SKD_20250924T220613,2025-09-24,2A,11SKD,0.5,68700,0.0,1.0,0.0,0.0,0.0137,0.0064,-0.0006,-0.0051,-0.0052,-0.0034,-0.0004,0.176,,,,
S2C_MSIL2A_20250925T185141_R113_T11SKD_20250925T234419,2025-09-25,2C,11SKD,60.2,68700,0.0,0.866,0.0,0.132,0.0363,0.0276,0.0159,0.008,0.0079,0.0069,0.0076,0.143,222.74,2.0,#43a8e8,-0.1429
S2B_MSIL2A_20250927T184039_R070_T11SKD_20250927T234438,2025-09-27,2B,11SKD,0.3,68700,0.0,1.0,0.0,0.0,0.0115,0.0098,-0.0012,-0.0059,-0.0058,-0.0037,-0.0006,0.176,,,,
S2A_MSIL2A_20251004T184831_R070_T10SGJ_20251004T215716,2025-10-04,2A,10SGJ,12.3,68699,0.0,1.0,0.0,0.0,0.0186,0.0095,0.0019,-0.0031,-0.0032,-0.0023,-0.0007,0.126,229.65,1.0,#0093ff,0.0
S2C_MSIL2A_20251005T185251_R113_T10SGJ_20251005T221214,2025-10-05,2C,10SGJ,4.7,68699,0.0,1.0,0.0,0.0,0.022,0.0159,0.0078,0.0025,0.0026,0.0036,0.0043,0.076,225.69,2.0,#00a8fe,0.0
S2B_MSIL2A_20251007T184149_R070_T11SKD_20251007T233707,2025-10-07,2B,11SKD,0.5,68700,0.0,1.0,0.0,0.0,0.0097,0.0109,0.0001,-0.0051,-0.005,-0.0034,-0.0008,0.155,219.61,3.0,#00afff,0.0
S2B_MSIL2A_20251010T185219_R113_T11SKD_20251010T223821,2025-10-10,2B,11SKD,0.2,68700,0.0,1.0,0.0,0.0,0.0292,0.0321,0.0215,0.0166,0.0163,0.0177,0.0148,0.093,207.46,4.0,#4dacc4,-0.0909
S2C_MSIL2A_20251012T184341_R070_T11SKD_20251012T220220,2025-10-12,2C,11SKD,0.0,68700,0.0,1.0,0.0,0.0,0.0124,0.0083,0.0004,-0.0035,-0.0038,-0.0015,0.0017,0.114,,,,
S2A_MSIL2A_20251017T185831_R113_T11SKD_20251017T220317,2025-10-17,2A,11SKD,0.1,68700,0.0,1.0,0.0,0.0,0.0122,0.0075,0.0003,-0.004,-0.0044,-0.0029,-0.001,0.114,227.96,1.0,#0095ff,0.0
S2B_MSIL2A_20251020T185329_R113_T11SKD_20251020T210250,2025-10-20,2B,11SKD,0.0,68700,0.0,1.0,0.0,0.0,0.0149,0.0147,0.0036,-0.0015,-0.0017,-0.001,-0.0005,0.08,217.09,3.0,#00aee5,0.0
S2A_MSIL2A_20251024T184831_R070_T11SKD_20251024T214521,2025-10-24,2A,11SKD,63.3,68700,0.0,0.016,0.0,0.984,,,,,,,,,,,,
S2B_MSIL2A_20251027T184359_R070_T10SGJ_20251027T223153,2025-10-27,2B,10SGJ,0.2,68699,0.0,1.0,0.0,0.0,0.014,0.0129,0.002,-0.0032,-0.0036,-0.0021,-0.0008,0.097,220.41,3.0,#00aef5,0.0
S2B_MSIL2A_20251030T185429_R113_T11SKD_20251030T211118,2025-10-30,2B,11SKD,3.6,68700,0.0,1.0,0.0,0.0,0.0516,0.0528,0.0393,0.0318,0.0328,0.0354,0.0233,0.084,208.65,4.0,#7ca6b7,0.0556
S2C_MSIL2A_20251101T184541_R070_T10SGJ_20251101T212412,2025-11-01,2C,10SGJ,0.0,68699,0.0,1.0,0.0,0.0,0.0132,0.0093,0.0017,-0.0029,-0.003,-0.0014,0.0016,0.088,228.78,1.0,#0084ff,0.0
S2C_MSIL2A_20251104T185601_R113_T11SKD_20251104T214108,2025-11-04,2C,11SKD,12.2,68700,0.0,1.0,0.0,0.0,0.0187,0.0142,0.0065,0.0011,0.0012,0.0036,0.0043,0.071,225.96,2.0,#00a2ff,0.0
S2B_MSIL2A_20251106T184459_R070_T11SKD_20251106T222434,2025-11-06,2B,11SKD,0.2,68700,0.0,1.0,0.0,0.0,0.0074,0.0106,0.0004,-0.0042,-0.0049,-0.0028,-0.001,0.101,213.44,3.0,#00b4ec,0.0
S2B_MSIL2A_20251109T185519_R113_T10SGJ_20251109T204846,2025-11-09,2B,10SGJ,2.3,68699,0.0,1.0,0.0,0.0,0.0215,0.0224,0.0112,0.006,0.006,0.007,0.0051,0.071,213.0,3.0,#33acd2,0.0
S2C_MSIL2A_20251111T184631_R070_T11SKD_20251111T213312,2025-11-11,2C,11SKD,29.1,68700,0.0,1.0,0.0,0.0,0.0205,0.0188,0.0121,0.0083,0.0084,0.0112,0.0095,0.101,220.82,3.0,#00acee,0.0
S2B_MSIL2A_20251119T185559_R113_T11SKD_20251119T205445,2025-11-19,2B,11SKD,20.4,68700,0.0,1.0,0.0,0.0,0.0122,0.0132,0.0017,-0.0042,-0.0054,-0.004,-0.0016,0.109,216.31,3.0,#00afe8,0.0
S2C_MSIL2A_20251121T184711_R070_T10SGJ_20251121T212709,2025-11-21,2C,10SGJ,50.9,68699,0.0,0.372,0.0,0.628,,,,,,,,,,,,
S2C_MSIL2A_20251124T185731_R113_T10SGJ_20251124T214117,2025-11-24,2C,10SGJ,0.3,68699,0.0,1.0,0.0,0.0,0.0061,0.0036,-0.0009,-0.0051,-0.0064,-0.0027,0.0007,0.097,,,,
S2A_MSIL2A_20251126T185831_R113_T10SGJ_20251126T215609,2025-11-26,2A,10SGJ,0.2,68699,0.0,1.0,0.0,0.0,0.0084,0.0054,0.0,-0.0044,-0.0048,-0.0032,-0.001,0.093,227.15,2.0,#0099ff,0.0
S2B_MSIL2A_20251129T185639_R113_T10SGJ_20251129T204514,2025-11-29,2B,10SGJ,18.9,68699,0.0,0.926,0.0,0.074,0.0384,0.0407,0.0288,0.022,0.0216,0.0235,0.0214,0.093,208.68,4.0,#34adca,-0.5
S2C_MSIL2A_20260304T185251_R113_T11SKD_20260304T225811,2026-03-04,2C,11SKD,58.5,68700,0.0,0.052,0.0,0.948,,,,,,,,,,,,
S2A_MSIL2A_20260306T185831_R113_T11SKD_20260306T234116,2026-03-06,2A,11SKD,0.0,68700,0.0,1.0,0.0,0.0,-0.0017,-0.0024,-0.0042,-0.0059,-0.0062,-0.0029,0.0012,0.197,,,,
S2B_MSIL2A_20260309T185119_R113_T11SKD_20260309T224304,2026-03-09,2B,11SKD,0.2,68700,0.0,1.0,0.0,0.0,-0.0045,0.0003,-0.0062,-0.0093,-0.0091,-0.0058,-0.0007,0.197,,,,
S2C_MSIL2A_20260311T184201_R070_T10SGJ_20260312T002409,2026-03-11,2C,10SGJ,9.5,68699,0.0,1.0,0.0,0.0,0.0088,0.0075,0.0033,0.0002,0.0003,0.0034,0.0066,0.205,,,,
S2C_MSIL2A_20260314T185141_R113_T10SGJ_20260315T000413,2026-03-14,2C,10SGJ,3.0,68699,0.0,1.0,0.0,0.0,0.0155,0.0132,0.0084,0.0042,0.0044,0.0064,0.0073,0.135,225.78,2.0,#00a1ff,0.0
S2B_MSIL2A_20260316T185059_R070_T10SGJ_20260316T223455,2026-03-16,2B,10SGJ,27.2,68699,0.0,1.0,0.0,0.0,0.0338,0.0362,0.0281,0.0232,0.026,0.0299,0.0224,0.266,205.11,4.0,#46adc2,0.6364
S2B_MSIL2A_20260319T185009_R113_T11SKD_20260319T224403,2026-03-19,2B,11SKD,0.0,68700,0.0,1.0,0.0,0.0,0.0085,0.0088,-0.0009,-0.0057,-0.0056,-0.0039,-0.0013,0.151,221.97,2.0,#00a4ff,0.0
S2C_MSIL2A_20260321T184051_R070_T10SGJ_20260322T005116,2026-03-21,2C,10SGJ,41.2,68699,0.0,0.979,0.0,0.021,0.1424,0.1358,0.1233,0.1149,0.1204,0.1253,0.0785,0.205,210.88,3.0,#9ca0a7,0.0702
S2C_MSIL2A_20260324T185031_R113_T11SKD_20260324T215217,2026-03-24,2C,11SKD,0.0,68700,0.0,1.0,0.0,0.0,0.0099,0.0056,-0.0004,-0.0045,-0.0043,-0.0021,0.001,0.135,,,,
S2B_MSIL2A_20260326T183919_R070_T10SGJ_20260326T235923,2026-03-26,2B,10SGJ,17.6,68699,0.0,1.0,0.0,0.0,0.0303,0.0324,0.0246,0.0204,0.0221,0.025,0.0217,0.221,210.27,3.0,#00b0d6,0.6
S2B_MSIL2A_20260329T184919_R113_T11SKD_20260329T223928,2026-03-29,2B,11SKD,0.7,68700,0.0,1.0,0.0,0.0,0.0111,0.0126,0.0037,-0.0003,-0.0005,0.002,0.0027,0.18,217.8,3.0,#00b3fb,0.0
S2C_MSIL2A_20260403T184921_R113_T11SKD_20260403T233913,2026-04-03,2C,11SKD,0.2,68700,0.0,1.0,0.0,0.0,0.0178,0.0177,0.0139,0.0101,0.0097,0.0133,0.0146,0.188,,,,
S2B_MSIL2A_20260405T183919_R070_T11SKD_20260405T235650,2026-04-05,2B,11SKD,4.8,68700,0.0,1.0,0.0,0.0,0.005,0.0058,-0.003,-0.0082,-0.0074,-0.0053,-0.0012,0.225,,,,
S2B_MSIL2A_20260408T184919_R113_T11SKD_20260408T223722,2026-04-08,2B,11SKD,27.4,68700,0.0,1.0,0.0,0.0,0.0172,0.0163,0.006,-0.0001,-0.0006,0.0001,-0.0002,0.105,214.87,3.0,#28acd8,0.0
S2C_MSIL2A_20260413T184921_R113_T11SKD_20260413T223110,2026-04-13,2C,11SKD,24.1,68700,0.0,1.0,0.0,0.0,0.0317,0.0228,0.0126,0.0048,0.0042,0.0042,0.0026,0.067,222.63,2.0,#64a6db,-0.1579
S2B_MSIL2A_20260418T184919_R113_T10SGJ_20260418T223701,2026-04-18,2B,10SGJ,1.2,68699,0.0,1.0,0.0,0.0,0.0045,0.0065,-0.0025,-0.0075,-0.0069,-0.0047,-0.0009,0.233,,,,
S2C_MSIL2A_20260420T183921_R070_T10SGJ_20260421T000409,2026-04-20,2C,10SGJ,21.1,68699,0.0,1.0,0.0,0.0,0.0533,0.0514,0.0446,0.0408,0.0429,0.0472,0.0419,0.286,221.08,2.0,#00abee,0.8182
S2C_MSIL2A_20260423T184921_R113_T10SGJ_20260423T230910,2026-04-23,2C,10SGJ,0.1,68699,0.0,1.0,0.0,0.0,0.0144,0.0143,0.0087,0.0042,0.0041,0.0075,0.0085,0.221,223.01,2.0,#00a0ff,0.0
S2B_MSIL2A_20260428T184919_R113_T10SGJ_20260428T223109,2026-04-28,2B,10SGJ,58.8,68699,0.0,1.0,0.0,0.0,0.024,0.0231,0.0097,0.003,0.003,0.0039,0.0033,0.221,216.3,3.0,#00addf,0.0
S2C_MSIL2A_20260430T183921_R070_T10SGJ_20260430T235212,2026-04-30,2C,10SGJ,4.1,68699,0.0,1.0,0.0,0.0,0.0113,0.0078,-0.0001,-0.0045,-0.0039,-0.0018,0.0028,0.229,,,,
S2B_MSIL2A_20260508T184919_R113_T10SGJ_20260508T223807,2026-05-08,2B,10SGJ,6.1,68699,0.0,1.0,0.0,0.0,0.0219,0.0199,0.0078,0.0016,0.0013,0.002,0.0015,0.122,217.43,3.0,#11ace0,0.0
S2C_MSIL2A_20260510T183921_R070_T11SKD_20260510T233916,2026-05-10,2C,11SKD,0.0,68700,0.0,1.0,0.0,0.0,0.0146,0.0098,0.0007,-0.0039,-0.0035,-0.0017,0.0025,0.221,,,,
S2C_MSIL2A_20260513T184921_R113_T10SGJ_20260513T235009,2026-05-13,2C,10SGJ,0.1,68699,0.0,1.0,0.0,0.0,0.0728,0.0775,0.0697,0.0651,0.0653,0.0693,0.0626,0.126,192.97,4.0,#65abae,0.0385
S2A_MSIL2A_20260515T185831_R113_T10SGJ_20260516T025522,2026-05-15,2A,10SGJ,0.0,68699,0.0,1.0,0.0,0.0,0.0218,0.0153,0.0062,0.0011,0.0008,0.0012,0.0006,0.126,223.74,2.0,#3fa8ec,-0.4286
S2C_MSIL2A_20260520T183921_R070_T10SGJ_20260521T064542,2026-05-20,2C,10SGJ,23.2,68699,0.0,1.0,0.0,0.0,0.0499,0.0467,0.0399,0.0365,0.0393,0.0442,0.0385,0.386,225.96,2.0,#009fff,0.7778
S2A_MSIL2A_20260522T184831_R070_T11SKD_20260523T023713,2026-05-22,2A,11SKD,22.0,68700,0.0,1.0,0.0,0.0,0.0209,0.0114,0.0025,-0.0036,-0.003,-0.0024,0.0004,0.294,229.96,1.0,#008dff,0.0
S2C_MSIL2A_20260523T184921_R113_T10SGJ_20260523T234313,2026-05-23,2C,10SGJ,0.2,68699,0.0,1.0,0.0,0.0,0.0777,0.0873,0.0777,0.0716,0.0716,0.0765,0.0679,0.13,175.64,5.0,#6aac9d,0.0
S2B_MSIL2A_20260525T183919_R070_T10SGJ_20260525T223217,2026-05-25,2B,10SGJ,4.2,68699,0.0,1.0,0.0,0.0,0.0233,0.0208,0.0083,0.0017,0.0017,0.0021,0.0016,0.205,217.79,3.0,#19ace0,0.0
S2C_MSIL2A_20260530T183921_R070_T11SKD_20260530T232508,2026-05-30,2C,11SKD,24.3,68700,0.0,0.997,0.0,0.003,0.0116,0.0085,0.0011,-0.0026,-0.0011,0.0014,0.0074,0.334,,,,
S2C_MSIL2A_20260602T184921_R113_T11SKD_20260602T234853,2026-06-02,2C,11SKD,3.4,68700,0.0,1.0,0.0,0.0,0.0701,0.08,0.0693,0.0622,0.0619,0.0679,0.0581,0.151,178.71,5.0,#6baca0,-0.038
S2B_MSIL2A_20260607T184919_R113_T10SGJ_20260607T224035,2026-06-07,2B,10SGJ,0.5,68699,0.0,0.999,0.0,0.001,0.0963,0.116,0.1037,0.0975,0.0983,0.1041,0.0884,0.105,142.84,6.0,#7eaa84,0.0421
S2C_MSIL2A_20260609T183921_R070_T11SKD_20260609T232110,2026-06-09,2C,11SKD,3.2,68700,0.0,1.0,0.0,0.0,0.0151,0.0109,0.0021,-0.0023,-0.0019,0.0001,0.0044,0.241,,,,
S2A_MSIL2A_20260611T184831_R070_T11SKD_20260612T023012,2026-06-11,2A,11SKD,0.0,68700,0.0,1.0,0.0,0.0,0.0342,0.0276,0.0197,0.0147,0.0151,0.0152,0.0159,0.192,225.93,2.0,#1da7fd,0.0
S2C_MSIL2A_20260612T184921_R113_T10SGJ_20260612T233713,2026-06-12,2C,10SGJ,0.2,68699,0.0,1.0,0.0,0.0,0.025,0.0186,0.0088,0.0024,0.0021,0.0032,0.0042,0.114,224.36,2.0,#0fa8f7,0.0
S2B_MSIL2A_20260614T183919_R070_T10SGJ_20260614T224241,2026-06-14,2B,10SGJ,0.0,68699,0.0,1.0,0.0,0.0,0.0277,0.0267,0.0148,0.0085,0.0088,0.0087,0.0088,0.205,216.23,3.0,#01adde,0.0
S2B_MSIL2A_20260617T184919_R113_T10SGJ_20260617T223902,2026-06-17,2B,10SGJ,1.8,68699,0.0,1.0,0.0,0.0,0.0311,0.0311,0.0176,0.0105,0.0111,0.0123,0.009,0.155,213.69,3.0,#45abd0,0.1667
S2C_MSIL2A_20260619T183921_R070_T11SKD_20260619T233627,2026-06-19,2C,11SKD,21.7,68700,0.0,1.0,0.0,0.0,0.0182,0.013,0.0028,-0.0032,-0.002,-0.0013,0.0039,0.342,,,,
S2C_MSIL2A_20260622T184921_R113_T10SGJ_20260622T235211,2026-06-22,2C,10SGJ,0.9,68699,0.0,0.961,0.0,0.039,0.143,0.1729,0.163,0.1573,0.1588,0.1635,0.1465,0.143,101.89,8.0,#87ab5f,0.0649
S2B_MSIL2A_20260624T183919_R070_T10SGJ_20260624T223210,2026-06-24,2B,10SGJ,0.0,68699,0.0,1.0,0.0,0.0,0.0218,0.0194,0.0068,0.0003,0.0002,0.0012,0.002,0.176,219.89,3.0,#00acec,0.0
S2B_MSIL2A_20260627T184919_R113_T11SKD_20260627T224223,2026-06-27,2B,11SKD,0.8,68700,0.0,1.0,0.0,0.0,0.0747,0.0802,0.0695,0.065,0.066,0.0665,0.0601,0.118,197.58,4.0,#70a9b0,0.0926
S2C_MSIL2A_20260629T183921_R070_T11SKD_20260629T233012,2026-06-29,2C,11SKD,5.5,68700,0.0,1.0,0.0,0.0,0.0243,0.02,0.0111,0.0071,0.0078,0.0091,0.013,0.237,,,,
S2A_MSIL2A_20260701T184831_R070_T11SKD_20260702T023007,2026-07-01,2A,11SKD,1.6,68700,0.0,1.0,0.0,0.0,0.0287,0.0235,0.0188,0.016,0.0188,0.0228,0.021,0.386,,,,
S2C_MSIL2A_20260702T184921_R113_T10SGJ_20260702T235216,2026-07-02,2C,10SGJ,3.5,68699,0.0,0.972,0.0,0.028,0.0722,0.0994,0.0839,0.0733,0.0716,0.0836,0.0659,0.151,141.84,6.0,#6fae7d,-0.1298
S2B_MSIL2A_20260704T183919_R070_T11SKD_20260704T223035,2026-07-04,2B,11SKD,0.0,68700,0.0,1.0,0.0,0.0,0.0175,0.0149,0.0024,-0.0038,-0.0031,-0.002,0.0005,0.25,223.67,2.0,#00a5ff,0.0
S2B_MSIL2A_20260707T184919_R113_T10SGJ_20260707T224253,2026-07-07,2B,10SGJ,0.3,68699,0.0,1.0,0.0,0.0,0.0252,0.0223,0.0092,0.0027,0.0021,0.0025,0.0014,0.105,218.27,3.0,#41aadb,-0.3
S2C_MSIL2A_20260709T183921_R070_T10SGJ_20260709T232952,2026-07-09,2C,10SGJ,0.0,68699,0.0,1.0,0.0,0.0,0.0162,0.0105,0.0007,-0.0041,-0.0041,-0.0019,0.0024,0.188,,,,
S2A_MSIL2A_20260714T185831_R113_T10SGJ_20260715T024413,2026-07-14,2A,10SGJ,24.6,68699,0.0,1.0,0.0,0.0,0.0269,0.0187,0.008,0.0018,0.0022,0.0011,0.0007,0.151,223.93,2.0,#4da7e9,0.1538
S2B_MSIL2A_20260717T184919_R113_T10SGJ_20260717T223312,2026-07-17,2B,10SGJ,0.1,68699,0.0,1.0,0.0,0.0,0.0676,0.0822,0.0692,0.0629,0.0623,0.0665,0.0552,0.097,168.26,5.0,#77aa96,-0.0405
S2C_MSIL2A_20260719T183921_R070_T10SGJ_20260719T233121,2026-07-19,2C,10SGJ,7.9,68699,0.0,1.0,0.0,0.0,0.02,0.0141,0.0039,-0.0018,-0.0006,-0.0007,0.0033,0.245,228.66,1.0,#0088ff,0.0
S2A_MSIL2A_20260721T184831_R070_T11SKD_20260722T025414,2026-07-21,2A,11SKD,66.9,68700,0.0,0.0,0.0,1.0,,,,,,,,,,,,
S2C_MSIL2A_20260722T184921_R113_T10SGJ_20260722T234914,2026-07-22,2C,10SGJ,4.2,68699,0.0,1.0,0.0,0.0,0.055,0.0602,0.0495,0.0428,0.0425,0.0449,0.0406,0.122,197.82,4.0,#59acb6,-0.0732
S2B_MSIL2A_20260724T183919_R070_T10SGJ_20260724T223143,2026-07-24,2B,10SGJ,0.0,68699,0.0,1.0,0.0,0.0,0.0183,0.0148,0.0025,-0.0033,-0.0033,-0.0018,-0.0004,0.164,223.39,2.0,#00aaff,0.0
S2B_MSIL2A_20260727T184919_R113_T10SGJ_20260727T224036,2026-07-27,2B,10SGJ,0.1,68699,0.0,1.0,0.0,0.0,0.064,0.0737,0.0614,0.0553,0.0547,0.059,0.0489,0.093,184.07,5.0,#74aaa4,-0.0492
S2C_MSIL2A_20260729T183921_R070_T11SKD_20260729T233215,2026-07-29,2C,11SKD,0.0,68700,0.0,1.0,0.0,0.0,0.0155,0.0096,-0.0002,-0.0047,-0.0046,-0.0022,0.0021,0.192,,,,
S2C_MSIL2A_20260801T184921_R113_T11SKD_20260801T233406,2026-08-01,2C,11SKD,2.0,68700,0.0,0.971,0.0,0.023,0.0324,0.0252,0.0158,0.0107,0.0101,0.0115,0.0145,0.109,229.01,1.0,#008cff,0.0
S2A_MSIL2A_20260803T185831_R113_T11SKD_20260804T045713,2026-08-03,2A,11SKD,0.0,68700,0.0,1.0,0.0,0.0,0.0479,0.0523,0.0415,0.0358,0.0349,0.0386,0.0308,0.118,199.79,4.0,#71a9b2,-0.0989
S2B_MSIL2A_20260806T184919_R113_T10SGJ_20260806T224126,2026-08-06,2B,10SGJ,0.0,68699,0.0,1.0,0.0,0.0,0.0236,0.0202,0.0073,0.0017,0.0014,0.0018,0.0014,0.126,220.05,3.0,#00abe8,-0.5
S2C_MSIL2A_20260808T183921_R070_T10SGJ_20260808T233201,2026-08-08,2C,10SGJ,23.9,68699,0.0,0.726,0.0,0.263,0.0457,0.0324,0.0192,0.0137,0.0154,0.0127,0.0216,0.286,,,,
S2A_MSIL2A_20260810T184831_R070_T11SKD_20260811T043612,2026-08-10,2A,11SKD,8.3,68700,0.0,1.0,0.0,0.0,0.0273,0.0178,0.0111,0.0079,0.0105,0.0124,0.0157,0.298,,,,
S2C_MSIL2A_20260811T184921_R113_T10SGJ_20260812T000210,2026-08-11,2C,10SGJ,11.3,68699,0.0,0.944,0.0,0.054,0.0692,0.0604,0.0516,0.0466,0.0488,0.0479,0.0507,0.188,230.65,1.0,#007fff,0.0
S2B_MSIL2A_20260813T183919_R070_T10SGJ_20260813T223243,2026-08-13,2B,10SGJ,62.7,68699,0.0,0.059,0.0,0.941,,,,,,,,,,,,
S2B_MSIL2A_20260816T184919_R113_T11SKD_20260816T224133,2026-08-16,2B,11SKD,1.2,68700,0.0,1.0,0.0,0.0,0.0336,0.0383,0.0259,0.0204,0.0202,0.0225,0.0181,0.139,204.3,4.0,#4eacc0,-0.0455
S2C_MSIL2A_20260818T183921_R070_T11SKD_20260818T234111,2026-08-18,2C,11SKD,0.9,68700,0.0,1.0,0.0,0.0,0.009,0.0046,-0.004,-0.0074,-0.0064,-0.0041,0.002,0.217,,,,
S2C_MSIL2A_20260821T184911_R113_T10SGJ_20260822T000756,2026-08-21,2C,10SGJ,40.2,68699,0.0,0.916,0.0,0.084,0.1037,0.0982,0.0864,0.0785,0.0823,0.0846,0.0557,0.143,213.63,3.0,#96a1ad,0.0769
S2A_MSIL2A_20260823T185831_R113_T10SGJ_20260824T045211,2026-08-23,2A,10SGJ,15.1,68699,0.0,1.0,0.0,0.0,0.0377,0.0363,0.0285,0.0251,0.0265,0.0274,0.0239,0.217,218.27,3.0,#4ca9d9,0.3684
S2B_MSIL2A_20260826T184919_R113_T10SGJ_20260826T223721,2026-08-26,2B,10SGJ,11.3,68699,0.0,0.929,0.0,0.071,0.0411,0.043,0.0309,0.0253,0.0259,0.0255,0.023,0.143,210.62,3.0,#52abc8,0.1154
S2A_MSIL2A_20260830T184831_R070_T10SGJ_20260831T044811,2026-08-30,2A,10SGJ,0.0,68699,0.0,1.0,0.0,0.0,0.012,0.0046,-0.0021,-0.0063,-0.006,-0.0042,-0.0008,0.197,,,,
S2C_MSIL2A_20260831T184921_R113_T10SGJ_20260901T001409,2026-08-31,2C,10SGJ,0.2,68699,0.0,1.0,0.0,0.0,0.0303,0.0227,0.0132,0.0064,0.0057,0.0057,0.0041,0.159,222.4,2.0,#65a6da,-0.1795
S2B_MSIL2A_20260905T184919_R113_T11SKD_20260905T224919,2026-09-05,2B,11SKD,52.9,68700,0.0,0.946,0.0,0.054,0.0538,0.0537,0.0399,0.0328,0.0325,0.032,0.0277,0.101,212.87,3.0,#6ba8c3,-0.0303
S2C_MSIL2A_20260907T183921_R070_T10SGJ_20260907T232614,2026-09-07,2C,10SGJ,0.1,68699,0.0,1.0,0.0,0.0,0.0139,0.0086,0.0003,-0.0035,-0.0031,-0.0016,0.0024,0.151,,,,
S2C_MSIL2A_20260910T184931_R113_T11SKD_20260911T102908,2026-09-10,2C,11SKD,36.2,68700,0.0,0.888,0.0,0.106,0.026,0.0178,0.0083,0.0034,0.004,0.0041,0.0081,0.143,230.78,1.0,#0077ff,0.0
S2A_MSIL2A_20260912T185831_R113_T10SGJ_20260913T025118,2026-09-12,2A,10SGJ,3.6,68699,0.0,1.0,0.0,0.0,0.0334,0.0298,0.022,0.0182,0.0181,0.0188,0.0171,0.097,221.66,2.0,#4ea8e1,-0.0476
S2B_MSIL2A_20260915T184919_R113_T10SGJ_20260915T224119,2026-09-15,2B,10SGJ,6.3,68699,0.0,1.0,0.0,0.0,0.0211,0.0198,0.0082,0.0029,0.0023,0.0031,0.0015,0.118,216.89,3.0,#43aad8,-0.2727
S2C_MSIL2A_20260917T184021_R070_T11SKD_20260917T233814,2026-09-17,2C,11SKD,25.9,68700,0.0,0.937,0.0,0.061,0.0308,0.0236,0.0128,0.007,0.0064,0.0064,0.0076,0.118,224.34,2.0,#15a8f7,0.0
S2A_MSIL2A_20260919T184831_R070_T10SGJ_20260920T023113,2026-09-19,2A,10SGJ,0.0,68699,0.0,1.0,0.0,0.0,0.0164,0.0085,0.0019,-0.0022,-0.0018,-0.0009,0.001,0.151,231.5,1.0,#007eff,0.0
S2C_MSIL2A_20260920T185051_R113_T11SKD_20260920T231609,2026-09-20,2C,11SKD,47.9,68700,0.0,1.0,0.0,0.0,0.0228,0.0196,0.015,0.0123,0.0124,0.015,0.0129,0.126,225.01,2.0,#15a8fa,0.0
S2B_MSIL2A_20260922T184009_R070_T11SKD_20260923T000345,2026-09-22,2B,11SKD,5.4,68700,0.0,1.0,0.0,0.0,0.0123,0.0107,-0.0002,-0.0053,-0.0043,-0.0034,-0.0004,0.225,225.05,2.0,#0096ff,0.0
S2B_MSIL2A_20260925T185029_R113_T10SGJ_20260925T224348,2026-09-25,2B,10SGJ,37.2,68699,0.0,1.0,0.0,0.0,0.1151,0.1142,0.1005,0.0929,0.0993,0.1025,0.0813,0.088,211.52,3.0,#85a4b6,0.2162
S2C_MSIL2A_20260930T185201_R113_T10SGJ_20260930T221307,2026-09-30,2C,10SGJ,0.0,68699,0.0,1.0,0.0,0.0,0.0171,0.0106,0.003,-0.0011,-0.0007,0.0005,0.0023,0.076,230.04,1.0,#0083ff,0.0
S2A_MSIL2A_20261002T185831_R113_T11SKD_20261002T233503,2026-10-02,2A,11SKD,7.4,68700,0.0,1.0,0.0,0.0,0.0227,0.0147,0.0053,0.0004,-0.0001,0.0001,-0.0001,0.093,225.4,2.0,#3ca7f4,-0.6667
