id,date,sat,tile,cloud_cover,n_mask,f_nodata,f_water,f_ice,f_cloud,B01,B02,B03,B04,B05,B08,B11,aot,hue,fu,swatch,ndci
S2A_MSIL2A_20170304T190251_R013_T10UGU_20210208T194018,2017-03-04,2A,10UGU,3.3,17841,0.0,0.994,0.0,0.004,0.0272,0.0151,0.0083,0.0036,0.0025,0.0029,0.0012,0.074,229.01,1.0,#71a1ec,-0.2973
S2A_MSIL2A_20170413T185921_R013_T10UGU_20210209T072227,2017-04-13,2A,10UGU,35.9,17841,0.0,0.0,0.0,1.0,,,,,,,,,,,,
S2A_MSIL2A_20170420T184921_R113_T10UGU_20210209T091748,2017-04-20,2A,10UGU,43.8,17841,0.0,0.999,0.0,0.0,0.0281,0.0164,0.0105,0.0047,0.005,0.0029,0.0033,0.109,227.96,1.0,#6ca2ea,0.0968
S2A_MSIL2A_20170510T184921_R113_T10UGU_20210209T143435,2017-05-10,2A,10UGU,18.8,17841,0.0,0.999,0.0,0.0,0.0243,0.0166,0.0138,0.0055,0.0053,0.0044,0.0046,0.12,219.85,3.0,#75a5cb,-0.125
S2A_MSIL2A_20170523T185921_R013_T10UGU_20210209T173844,2017-05-23,2A,10UGU,4.5,17841,0.0,0.999,0.0,0.0,0.0192,0.0149,0.0118,0.0032,0.0022,0.001,0.0023,0.091,211.21,3.0,#73a7be,-0.8
S2A_MSIL2A_20170612T185921_R013_T10UGU_20210209T222910,2017-06-12,2A,10UGU,9.4,17841,0.0,0.998,0.0,0.0,0.0567,0.0495,0.0498,0.0432,0.0443,0.0396,0.0396,0.091,220.05,3.0,#92a1b7,0.1325
S2A_MSIL2A_20170702T185921_R013_T10UGU_20210210T034926,2017-07-02,2A,10UGU,0.0,17841,0.0,0.999,0.0,0.0,0.0167,0.0125,0.0106,0.003,0.0023,0.0016,0.0028,0.086,211.72,3.0,#71a7c0,-0.3333
S2A_MSIL2A_20170709T184921_R113_T10UGU_20210210T063531,2017-07-09,2A,10UGU,27.0,17841,0.0,0.0,0.0,1.0,,,,,,,,,,,,
S2B_MSIL2A_20170717T185919_R013_T10UGU_20210210T103510,2017-07-17,2B,10UGU,23.3,17841,0.0,0.365,0.0,0.633,,,,,,,,,,,,
S2A_MSIL2A_20170722T185921_R013_T10UGU_20210210T124701,2017-07-22,2A,10UGU,6.0,17841,0.0,0.999,0.0,0.0,0.0183,0.013,0.0087,0.0009,0.0001,0.0001,0.0011,0.097,217.49,3.0,#63a8cf,0.0
S2B_MSIL2A_20170724T184919_R113_T10UGU_20210210T140152,2017-07-24,2B,10UGU,7.0,17841,0.0,0.999,0.0,0.0,0.0191,0.0209,0.0133,0.0048,0.0039,0.0031,0.0031,0.08,199.84,4.0,#65aab5,-0.36
S2A_MSIL2A_20170729T184921_R113_T10UGU_20210210T161555,2017-07-29,2A,10UGU,0.0,17841,0.0,0.999,0.0,0.0,0.0212,0.0135,0.0096,0.0019,0.0015,0.0003,0.0015,0.091,221.34,2.0,#6ba6d4,-0.6
S2B_MSIL2A_20170806T185919_R013_T10UGU_20210210T204531,2017-08-06,2B,10UGU,3.9,17841,0.0,0.999,0.0,0.0,0.1361,0.1336,0.1169,0.0948,0.0952,0.0887,0.03,0.194,189.76,5.0,#9ca19f,0.0031
S2B_MSIL2A_20170813T184919_R113_T10UGU_20210131T203158,2017-08-13,2B,10UGU,31.3,17841,0.0,0.969,0.0,0.028,0.0174,0.0183,0.0092,0.0022,0.0008,0.0001,0.0019,0.143,208.32,4.0,#43acc7,-0.5
S2B_MSIL2A_20170826T185909_R013_T10UGU_20210201T115308,2017-08-26,2B,10UGU,0.0,17841,0.0,0.999,0.0,0.0,0.0116,0.0164,0.0105,0.0049,0.0046,0.0039,0.0064,0.086,186.03,5.0,#2cb1ad,0.0
S2A_MSIL2A_20170831T185921_R013_T10UGU_20210201T155548,2017-08-31,2A,10UGU,0.1,17841,0.0,0.999,0.0,0.0,0.0441,0.037,0.033,0.0219,0.0206,0.0157,0.0041,0.114,206.58,4.0,#98a1a7,-0.0379
S2B_MSIL2A_20170902T184909_R113_T10UGU_20210529T070535,2017-09-02,2B,10UGU,0.3,17841,0.0,0.996,0.0,0.001,0.0135,0.0157,0.0084,0.0021,0.0008,0.0001,0.0011,0.188,201.28,4.0,#58acba,-0.8182
S2B_MSIL2A_20170915T190009_R013_T10UGU_20210202T033913,2017-09-15,2B,10UGU,9.5,17841,0.0,0.999,0.0,0.0,0.0748,0.0732,0.0592,0.0418,0.0396,0.0336,0.0093,0.114,197.26,4.0,#95a2a4,-0.035
S2A_MSIL2A_20170920T190051_R013_T10UGU_20210202T064823,2017-09-20,2A,10UGU,59.7,17841,0.0,0.0,0.0,1.0,,,,,,,,,,,,
S2A_MSIL2A_20170927T185131_R113_T10UGU_20210202T104002,2017-09-27,2A,10UGU,5.7,17841,0.0,0.998,0.0,0.001,0.0143,0.008,0.0075,0.0019,0.002,0.0009,0.0021,0.086,223.65,2.0,#79a3d2,0.0
S2B_MSIL2A_20171005T190229_R013_T10UGU_20210202T143103,2017-10-05,2B,10UGU,0.0,17841,0.0,0.999,0.0,0.0,0.0134,0.02,0.0138,0.0079,0.0071,0.0056,0.0032,0.086,171.21,5.0,#7ea999,-0.093
S2A_MSIL2A_20171017T185401_R113_T10UGU_20201015T001929,2017-10-17,2A,10UGU,54.7,17841,0.0,0.909,0.0,0.09,0.0567,0.0521,0.0555,0.0546,0.0586,0.0683,0.045,0.137,,,#b59a94,0.1724
S2B_MSIL2A_20171025T190439_R013_T10UGU_20201015T021745,2017-10-25,2B,10UGU,69.1,17841,0.0,0.161,0.0,0.831,,,,,,,,,,,,
S2A_MSIL2A_20171030T190521_R013_T10UGU_20201015T031131,2017-10-30,2A,10UGU,23.7,17841,0.0,0.999,0.0,0.0,0.0142,0.0138,0.0138,0.0073,0.0062,0.0058,0.0029,0.086,171.54,5.0,#92a499,-0.1429
S2A_MSIL2A_20171106T185601_R113_T10UGU_20201014T182926,2017-11-06,2A,10UGU,22.6,17841,0.0,0.241,0.0,0.759,,,,,,,,,,,,
S2A_MSIL2A_20180306T185231_R113_T10UGU_20201013T071658,2018-03-06,2A,10UGU,52.0,17841,0.0,0.999,0.0,0.001,0.0063,0.0001,0.0001,0.0001,0.0001,0.0001,0.0001,0.194,,,,
S2A_MSIL2A_20180316T185121_R113_T10UGU_20201013T094740,2018-03-16,2A,10UGU,19.7,17841,0.0,0.864,0.0,0.135,0.0396,0.0286,0.0215,0.0135,0.0134,0.0117,0.0071,0.074,223.6,2.0,#85a2c9,-0.0079
S2A_MSIL2A_20180319T190101_R013_T10UGU_20201013T111123,2018-03-19,2A,10UGU,18.0,17841,0.0,0.999,0.0,0.0,0.0269,0.0215,0.0154,0.0079,0.0067,0.0048,0.0019,0.074,216.23,3.0,#85a4bc,-0.1111
S2A_MSIL2A_20180329T190001_R013_T10UGU_20201013T160439,2018-03-29,2A,10UGU,29.0,17841,0.0,0.653,0.0,0.347,0.0219,0.0195,0.0181,0.0146,0.0156,0.0163,0.017,0.194,228.86,1.0,#54a2fd,0.0
S2B_MSIL2A_20180420T184919_R113_T10UGU_20201013T003948,2018-04-20,2B,10UGU,29.9,17841,0.0,0.999,0.0,0.0,0.02,0.0197,0.0112,0.0045,0.0038,0.0031,0.0036,0.097,210.72,3.0,#53abc8,-0.6364
S2B_MSIL2A_20180423T185919_R013_T10UGU_20201013T015514,2018-04-23,2B,10UGU,2.0,17841,0.0,0.957,0.0,0.042,0.0199,0.0224,0.0145,0.0081,0.0081,0.0088,0.0071,0.091,201.56,4.0,#55acbb,0.0
S2A_MSIL2A_20180425T185031_R113_T10UGU_20201013T023101,2018-04-25,2A,10UGU,1.4,17841,0.0,0.998,0.0,0.0,0.0289,0.0238,0.0204,0.0134,0.0141,0.0167,0.0125,0.12,217.08,3.0,#71a6c8,0.28
S2B_MSIL2A_20180430T184929_R113_T10UGU_20201026T082546,2018-04-30,2B,10UGU,59.7,17841,0.0,0.0,0.0,1.0,,,,,,,,,,,,
S2B_MSIL2A_20180503T185919_R013_T10UGU_20201012T053345,2018-05-03,2B,10UGU,61.5,17841,0.0,0.0,0.0,1.0,,,,,,,,,,,,
S2A_MSIL2A_20180508T185921_R013_T10UGU_20201012T071944,2018-05-08,2A,10UGU,29.9,17841,0.0,0.746,0.0,0.231,0.0523,0.0443,0.0386,0.0298,0.0304,0.0295,0.0269,0.143,219.72,3.0,#78a5c9,0.0938
S2B_MSIL2A_20180510T184929_R113_T10UGU_20201012T082037,2018-05-10,2B,10UGU,66.2,17841,0.0,0.0,0.0,1.0,,,,,,,,,,,,
S2B_MSIL2A_20180513T185919_R013_T10UGU_20201012T093322,2018-05-13,2B,10UGU,0.8,17841,0.0,0.999,0.0,0.0,0.0166,0.0201,0.0138,0.0062,0.0062,0.0066,0.0062,0.091,191.49,4.0,#51aeb0,0.0
S2A_MSIL2A_20180515T184941_R113_T10UGU_20201012T100937,2018-05-15,2A,10UGU,1.2,17841,0.0,0.999,0.0,0.0,0.0259,0.0206,0.0166,0.0081,0.0083,0.0078,0.0061,0.097,214.57,3.0,#78a6c1,0.0476
S2B_MSIL2A_20180520T184919_R113_T10UGU_20201012T121832,2018-05-20,2B,10UGU,22.7,17841,0.0,0.143,0.0,0.854,,,,,,,,,,,,
S2B_MSIL2A_20180523T185919_R013_T10UGU_20201026T104125,2018-05-23,2B,10UGU,15.8,17841,0.0,0.999,0.0,0.0,0.034,0.0345,0.0269,0.0182,0.0184,0.0156,0.0132,0.103,201.77,4.0,#7ca7b1,0.0196
S2A_MSIL2A_20180528T185921_R013_T10UGU_20201012T150437,2018-05-28,2A,10UGU,0.2,17841,0.0,0.999,0.0,0.0,0.0153,0.0146,0.0123,0.0051,0.0047,0.005,0.0054,0.08,197.78,4.0,#6aaab2,0.0
S2B_MSIL2A_20180602T185919_R013_T10UGU_20201026T131656,2018-06-02,2B,10UGU,16.5,17841,0.0,0.999,0.0,0.0,0.0178,0.0204,0.0152,0.0087,0.0083,0.0065,0.0114,0.12,197.58,4.0,#36afba,0.0
S2A_MSIL2A_20180604T184921_R113_T10UGU_20201026T151347,2018-06-04,2A,10UGU,19.4,17841,0.0,0.987,0.0,0.01,0.0245,0.0194,0.0147,0.0057,0.0052,0.0038,0.0045,0.103,214.2,3.0,#6fa7c4,-0.2632
S2A_MSIL2A_20180607T185921_R013_T10UGU_20201026T181458,2018-06-07,2A,10UGU,34.1,17841,0.0,0.0,0.0,1.0,,,,,,,,,,,,
S2A_MSIL2A_20180614T184921_R113_T10UGU_20201027T004739,2018-06-14,2A,10UGU,21.1,17841,0.0,0.999,0.0,0.0,0.0192,0.0147,0.0106,0.0024,0.0017,0.0006,0.0038,0.114,217.1,3.0,#61a8cf,0.0
S2A_MSIL2A_20180617T185921_R013_T10UGU_20201011T231129,2018-06-17,2A,10UGU,9.4,17841,0.0,0.999,0.0,0.0,0.0283,0.0241,0.0213,0.0137,0.0135,0.0103,0.012,0.097,212.06,3.0,#7aa6bc,-0.0625
S2B_MSIL2A_20180619T184919_R113_T10UGU_20201012T000928,2018-06-19,2B,10UGU,20.3,17841,0.0,0.999,0.0,0.0,0.0264,0.0264,0.0185,0.0085,0.0079,0.0062,0.0042,0.097,202.6,4.0,#77a7b3,-0.075
S2A_MSIL2A_20180624T184921_R113_T10UGU_20201012T015203,2018-06-24,2A,10UGU,11.0,17841,0.0,0.999,0.0,0.0,0.0204,0.0157,0.0121,0.0035,0.0033,0.0021,0.0027,0.091,213.07,3.0,#70a7c2,-0.1429
S2B_MSIL2A_20180629T184919_R113_T10UGU_20201012T035953,2018-06-29,2B,10UGU,27.6,17841,0.0,0.221,0.0,0.778,,,,,,,,,,,,
S2A_MSIL2A_20180707T185921_R013_T10UGU_20201011T130024,2018-07-07,2A,10UGU,17.0,17841,0.0,0.554,0.0,0.395,0.0439,0.0373,0.0345,0.0262,0.0261,0.0224,0.026,0.091,217.92,3.0,#6ea6cb,-0.3333
S2B_MSIL2A_20180709T185019_R113_T10UGU_20201011T135740,2018-07-09,2B,10UGU,0.3,17841,0.0,0.999,0.0,0.0,0.0211,0.0216,0.0142,0.0056,0.0049,0.004,0.0034,0.086,203.2,4.0,#6ba9b7,-0.1892
S2B_MSIL2A_20180712T185919_R013_T10UGU_20201011T150801,2018-07-12,2B,10UGU,0.8,17841,0.0,0.999,0.0,0.0,0.0149,0.0179,0.0112,0.0029,0.0025,0.0016,0.0034,0.08,194.94,4.0,#50adb4,0.0
S2A_MSIL2A_20180714T184921_R113_T10UGU_20201027T030003,2018-07-14,2A,10UGU,1.2,17841,0.0,0.016,0.0,0.983,,,,,,,,,,,,
S2A_MSIL2A_20180717T185921_R013_T10UGU_20201011T165127,2018-07-17,2A,10UGU,9.6,17841,0.0,0.0,0.0,1.0,,,,,,,,,,,,
S2B_MSIL2A_20180719T184919_R113_T10UGU_20201011T174526,2018-07-19,2B,10UGU,0.0,17841,0.0,0.999,0.0,0.0,0.0185,0.02,0.0135,0.0058,0.0052,0.005,0.004,0.103,199.1,4.0,#6aaab3,-0.2
S2B_MSIL2A_20180722T185919_R013_T10UGU_20201011T185509,2018-07-22,2B,10UGU,0.5,17841,0.0,0.999,0.0,0.0,0.0272,0.0292,0.0225,0.0153,0.0154,0.0134,0.014,0.086,198.81,4.0,#62abb5,0.037
S2A_MSIL2A_20180724T184921_R113_T10UGU_20201011T192904,2018-07-24,2A,10UGU,1.6,17841,0.0,0.015,0.0,0.984,,,,,,,,,,,,
S2A_MSIL2A_20180727T185921_R013_T10UGU_20201011T203717,2018-07-27,2A,10UGU,35.2,17841,0.0,0.64,0.0,0.355,0.0343,0.0328,0.0306,0.0212,0.0214,0.0203,0.0164,0.302,192.19,4.0,#89a5a6,0.0204
S2B_MSIL2A_20180729T184919_R113_T10UGU_20201011T213201,2018-07-29,2B,10UGU,0.9,17841,0.0,0.999,0.0,0.0,0.0387,0.0381,0.0287,0.0181,0.0175,0.0166,0.0054,0.16,201.78,4.0,#8ba4ab,-0.0242
S2B_MSIL2A_20180801T190019_R013_T10UGU_20201010T195347,2018-08-01,2B,10UGU,1.2,17841,0.0,0.999,0.0,0.0,0.0496,0.0504,0.0387,0.0256,0.0245,0.0187,0.0062,0.199,196.91,4.0,#8fa3a6,-0.0292
S2A_MSIL2A_20180803T184921_R113_T10UGU_20201010T203316,2018-08-03,2A,10UGU,16.2,17841,0.0,0.69,0.0,0.309,0.0336,0.0275,0.0235,0.0134,0.0135,0.0093,0.0066,0.347,211.39,3.0,#8aa3b3,0.0073
S2A_MSIL2A_20180806T185921_R013_T10UGU_20201010T215708,2018-08-06,2A,10UGU,6.8,17841,0.0,0.992,0.0,0.007,0.1235,0.1109,0.0961,0.072,0.071,0.0604,0.0131,0.211,202.67,4.0,#9ba1a4,-0.0086
S2B_MSIL2A_20180808T184909_R113_T10UGU_20201010T230616,2018-08-08,2B,10UGU,1.1,17841,0.0,0.999,0.0,0.0,0.0908,0.0895,0.0741,0.0533,0.0523,0.0421,0.0094,0.313,193.07,4.0,#98a2a1,-0.0115
S2B_MSIL2A_20180811T185909_R013_T10UGU_20201011T003027,2018-08-11,2B,10UGU,12.3,17841,0.0,0.999,0.0,0.0,0.1164,0.1112,0.0916,0.0694,0.0677,0.0537,0.0182,0.154,200.63,4.0,#98a2a5,-0.0169
S2A_MSIL2A_20180813T184921_R113_T10UGU_20201011T011142,2018-08-13,2A,10UGU,2.4,17841,0.0,0.998,0.0,0.0,0.1655,0.1517,0.1379,0.1115,0.1122,0.1037,0.0296,0.324,196.19,4.0,#9fa0a0,0.0043
S2A_MSIL2A_20180816T185921_R013_T10UGU_20201011T023233,2018-08-16,2A,10UGU,7.4,17841,0.0,0.128,0.009,0.863,,,,,,,,,,,,
S2B_MSIL2A_20180821T185909_R013_T10UGU_20201011T051014,2018-08-21,2B,10UGU,2.2,17841,0.0,0.999,0.0,0.0,0.0982,0.0975,0.0817,0.0619,0.06,0.05415,0.0161,0.353,192.41,4.0,#98a2a1,-0.0212
S2B_MSIL2A_20180828T185019_R113_T10UGU_20201103T094452,2018-08-28,2B,10UGU,35.6,17841,0.0,0.999,0.0,0.0,0.0705,0.0678,0.0562,0.0417,0.0435,0.0397,0.0104,0.194,198.37,4.0,#97a2a4,0.028
S2B_MSIL2A_20180831T185909_R013_T10UGU_20201103T201633,2018-08-31,2B,10UGU,2.2,17841,0.0,0.999,0.0,0.0,0.0112,0.0158,0.0095,0.0036,0.0032,0.0027,0.0024,0.103,186.44,5.0,#5eada9,-0.2
S2A_MSIL2A_20180902T184921_R113_T10UGU_20201011T073634,2018-09-02,2A,10UGU,0.1,17841,0.0,0.999,0.0,0.0,0.0183,0.0134,0.0096,0.003,0.0024,0.0008,0.0023,0.114,217.74,3.0,#6ca7cc,-0.75
S2A_MSIL2A_20180905T185911_R013_T10UGU_20201103T210852,2018-09-05,2A,10UGU,28.3,17841,0.0,0.999,0.0,0.0,0.0415,0.0369,0.0308,0.0205,0.0182,0.0141,0.006,0.217,205.96,4.0,#93a2aa,-0.0861
S2B_MSIL2A_20180907T184909_R113_T10UGU_20201011T095317,2018-09-07,2B,10UGU,3.0,17841,0.0,0.999,0.0,0.0,0.0236,0.0242,0.0164,0.0088,0.0074,0.0059,0.0033,0.126,203.04,4.0,#7da6b1,-0.1458
S2B_MSIL2A_20180910T185919_R013_T10UGU_20201008T235047,2018-09-10,2B,10UGU,12.4,17841,0.0,0.211,0.0,0.785,,,,,,,,,,,,
S2A_MSIL2A_20180912T184951_R113_T10UGU_20201009T002440,2018-09-12,2A,10UGU,44.6,17841,0.0,0.0,0.0,1.0,,,,,,,,,,,,
S2B_MSIL2A_20180917T185019_R113_T10UGU_20201009T021307,2018-09-17,2B,10UGU,7.2,17841,0.0,0.999,0.0,0.0,0.0061,0.0096,0.0041,0.0001,0.0001,0.0001,0.0008,0.103,194.02,4.0,#1bb1b7,0.0
S2B_MSIL2A_20180920T190049_R013_T10UGU_20201009T031707,2018-09-20,2B,10UGU,31.8,17841,0.0,0.998,0.0,0.0,0.0057,0.0122,0.0069,0.0017,0.001,0.0005,0.0032,0.097,169.28,5.0,#26b396,0.0
S2A_MSIL2A_20180922T185101_R113_T10UGU_20201009T034502,2018-09-22,2A,10UGU,24.1,17841,0.0,0.845,0.0,0.129,0.0225,0.0165,0.0116,0.0045,0.0045,0.0033,0.0062,0.103,222.99,2.0,#57a7e2,0.0
S2A_MSIL2A_20180925T190121_R013_T10UGU_20201009T044439,2018-09-25,2A,10UGU,35.7,17841,0.0,0.986,0.0,0.013,0.0082,0.0104,0.0094,0.0051,0.0047,0.0058,0.007,0.086,150.88,6.0,#65af84,0.0
S2B_MSIL2A_20180927T185129_R113_T10UGU_20201009T054011,2018-09-27,2B,10UGU,30.1,17841,0.0,0.999,0.0,0.0,0.013,0.0168,0.0112,0.0068,0.0073,0.0078,0.0098,0.103,196.8,4.0,#00b6c4,0.0
S2B_MSIL2A_20180930T190159_R013_T10UGU_20201009T064522,2018-09-30,2B,10UGU,65.5,17841,0.0,0.869,0.0,0.074,0.0398,0.0426,0.035,0.0279,0.02855,0.032,0.0352,0.143,,,,
S2A_MSIL2A_20181002T185211_R113_T10UGU_20201009T071754,2018-10-02,2A,10UGU,17.7,17841,0.0,0.189,0.0,0.791,,,,,,,,,,,,
S2B_MSIL2A_20181010T190309_R013_T10UGU_20201009T101839,2018-10-10,2B,10UGU,25.6,17841,0.0,0.492,0.0,0.505,,,,,,,,,,,,
S2A_MSIL2A_20181012T185321_R113_T10UGU_20201009T104751,2018-10-12,2A,10UGU,20.6,17841,0.0,0.999,0.0,0.0,0.0075,0.005,0.0043,0.0001,0.0001,0.0001,0.0012,0.097,218.11,3.0,#73a6c9,0.0
S2A_MSIL2A_20181015T190341_R013_T10UGU_20201009T114711,2018-10-15,2A,10UGU,1.9,17841,0.0,0.34,0.0,0.659,,,,,,,,,,,,
S2B_MSIL2A_20181017T185359_R113_T10UGU_20201009T123851,2018-10-17,2B,10UGU,0.1,17841,0.0,0.999,0.0,0.0,0.0085,0.0125,0.0064,0.0015,0.0005,0.0001,0.0011,0.091,190.83,4.0,#48afb0,-0.6
S2B_MSIL2A_20181020T190419_R013_T10UGU_20201009T134049,2018-10-20,2B,10UGU,0.3,17841,0.0,0.999,0.0,0.0,0.0079,0.0162,0.0106,0.0058,0.0048,0.0038,0.0028,0.086,156.72,6.0,#74ac8c,-0.2
S2A_MSIL2A_20181022T185421_R113_T10UGU_20201030T230213,2018-10-22,2A,10UGU,0.0,17841,0.0,0.999,0.0,0.0,0.0291,0.0242,0.0212,0.0134,0.0132,0.0105,0.0037,0.091,208.8,4.0,#94a2ab,-0.0104
S2B_MSIL2A_20181027T185459_R113_T10UGU_20201009T160033,2018-10-27,2B,10UGU,2.7,17841,0.0,0.999,0.0,0.0,0.0004,0.0067,0.0019,0.0001,0.0001,0.0001,0.0016,0.091,176.99,5.0,#00c2a7,0.0
S2B_MSIL2A_20181030T190519_R013_T10UGU_20201009T165812,2018-10-30,2B,10UGU,45.3,17841,0.0,0.999,0.0,0.0,0.0045,0.0142,0.0099,0.0065,0.0069,0.0083,0.0103,0.074,,,,
S2A_MSIL2A_20181104T190541_R013_T10UGU_20201008T154232,2018-11-04,2A,10UGU,4.6,17841,0.0,0.999,0.0,0.0,0.0001,0.0005,0.0009,0.0001,0.0001,0.0001,0.0033,0.074,,,,
S2B_MSIL2A_20181106T185559_R113_T10UGU_20201008T162815,2018-11-06,2B,10UGU,65.4,17841,0.0,0.197,0.0,0.775,,,,,,,,,,,,
S2A_MSIL2A_20181111T185621_R113_T10UGU_20201008T174753,2018-11-11,2A,10UGU,7.5,17841,0.0,0.999,0.0,0.0,0.0131,0.0093,0.0074,0.002,0.0021,0.0008,0.0015,0.08,215.97,3.0,#73a6c5,0.0909
S2B_MSIL2A_20181116T185639_R113_T10UGU_20201008T191309,2018-11-16,2B,10UGU,12.5,17841,0.0,0.086,0.0,0.914,,,,,,,,,,,,
S2B_MSIL2A_20181119T190659_R013_T10UGU_20201008T200457,2018-11-19,2B,10UGU,1.6,17841,0.0,0.999,0.0,0.0,0.0014,0.0128,0.0071,0.0029,0.0006,0.0013,0.0006,0.063,132.64,7.0,#69af70,-0.9167
S2A_MSIL2A_20181124T190711_R013_T10UGU_20201008T211940,2018-11-24,2A,10UGU,4.0,17841,0.0,0.999,0.0,0.001,0.0001,0.0001,0.0004,0.0001,0.0001,0.0001,0.0001,0.074,,,,
S2A_MSIL2A_20190301T185311_R113_T10UGU_20201030T043617,2019-03-01,2A,10UGU,29.5,17841,0.0,0.95,0.002,0.048,0.0063,0.0001,0.0001,0.0001,0.0001,0.0001,0.0001,0.194,,,,
S2A_MSIL2A_20190304T190251_R013_T10UGU_20201030T133508,2019-03-04,2A,10UGU,4.9,17841,0.0,0.999,0.0,0.0,0.021,0.0131,0.0081,0.0009,0.0001,0.0002,0.0001,0.097,222.41,2.0,#69a5d8,-0.7778
S2B_MSIL2A_20190306T185239_R113_T10UGU_20201030T185737,2019-03-06,2B,10UGU,69.9,17841,0.0,0.0,0.994,0.006,,,,,,,,,,,,
S2B_MSIL2A_20190309T190219_R013_T10UGU_20201007T050020,2019-03-09,2B,10UGU,68.6,17841,0.0,0.0,0.0,1.0,,,,,,,,,,,,
S2B_MSIL2A_20190319T190109_R013_T10UGU_20201105T104041,2019-03-19,2B,10UGU,0.5,17841,0.0,0.999,0.0,0.001,0.0213,0.0203,0.01,0.0026,0.0016,0.0013,0.001,0.074,212.7,3.0,#58aaca,-0.4545
S2A_MSIL2A_20190321T185051_R113_T10UGU_20201007T085853,2019-03-21,2A,10UGU,22.9,17841,0.0,0.037,0.0,0.963,,,,,,,,,,,,
S2B_MSIL2A_20190326T185019_R113_T10UGU_20201007T110534,2019-03-26,2B,10UGU,12.9,17841,0.0,0.998,0.0,0.001,0.0111,0.0107,0.0019,0.0001,0.0001,0.0001,0.0001,0.137,220.38,3.0,#00affa,0.0
S2A_MSIL2A_20190331T184941_R113_T10UGU_20201007T124615,2019-03-31,2A,10UGU,13.9,17841,0.0,0.999,0.0,0.0,0.0102,0.0049,0.0024,0.0001,0.0001,0.0001,0.0006,0.194,230.66,1.0,#4b98ff,0.0
S2A_MSIL2A_20190403T190121_R013_T10UGU_20201006T214422,2019-04-03,2A,10UGU,69.2,17841,0.0,0.167,0.005,0.828,,,,,,,,,,,,
S2B_MSIL2A_20190415T184919_R113_T10UGU_20201007T023622,2019-04-15,2B,10UGU,39.3,17841,0.0,0.999,0.0,0.0,0.0203,0.0192,0.0106,0.004,0.0033,0.0021,0.0023,0.074,212.49,3.0,#5fa9c7,-0.2593
S2B_MSIL2A_20190418T185919_R013_T10UGU_20201007T034738,2019-04-18,2B,10UGU,56.5,17841,0.0,0.0,0.0,1.0,,,,,,,,,,,,
S2A_MSIL2A_20190420T184921_R113_T10UGU_20201105T122851,2019-04-20,2A,10UGU,8.1,17841,0.0,0.999,0.0,0.0,0.0222,0.0158,0.0107,0.004,0.0038,0.0022,0.0027,0.091,220.8,3.0,#6da6d2,-0.0833
S2A_MSIL2A_20190423T185921_R013_T10UGU_20201105T160652,2019-04-23,2A,10UGU,29.1,17841,0.0,0.224,0.0,0.774,,,,,,,,,,,,
S2B_MSIL2A_20190428T185929_R013_T10UGU_20201105T214625,2019-04-28,2B,10UGU,68.2,17841,0.0,0.4,0.0,0.598,,,,,,,,,,,,
S2A_MSIL2A_20190430T184921_R113_T10UGU_20201105T231835,2019-04-30,2A,10UGU,27.3,17841,0.0,0.876,0.0,0.123,0.0299,0.0226,0.0167,0.0087,0.0085,0.0077,0.0064,0.074,220.04,3.0,#74a5cc,-0.0455
S2B_MSIL2A_20190505T184929_R113_T10UGU_20201006T103207,2019-05-05,2B,10UGU,51.2,17841,0.0,0.677,0.0,0.251,0.0212,0.0198,0.0126,0.0071,0.0066,0.0069,0.0106,0.165,221.6,2.0,#00adf8,0.0
S2B_MSIL2A_20190508T185929_R013_T10UGU_20201006T114602,2019-05-08,2B,10UGU,30.7,17841,0.0,0.042,0.0,0.956,,,,,,,,,,,,
S2A_MSIL2A_20190510T184921_R113_T10UGU_20201006T122323,2019-05-10,2A,10UGU,7.7,17841,0.0,0.999,0.0,0.0,0.0208,0.0159,0.0114,0.0042,0.0044,0.0033,0.0043,0.103,217.67,3.0,#60a8d1,0.0
S2B_MSIL2A_20190518T185929_R013_T10UGU_20201006T155419,2019-05-18,2B,10UGU,49.8,17841,0.0,0.67,0.0,0.33,0.0209,0.0242,0.0185,0.0132,0.0141,0.0152,0.0163,0.194,199.18,4.0,#00b2c3,0.0
S2A_MSIL2A_20190523T185921_R013_T10UGU_20201006T172501,2019-05-23,2A,10UGU,35.9,17841,0.0,0.999,0.0,0.0,0.0266,0.0215,0.0154,0.0066,0.0058,0.0045,0.0042,0.103,215.07,3.0,#73a6c4,-0.2
S2B_MSIL2A_20190528T185929_R013_T10UGU_20201006T193506,2019-05-28,2B,10UGU,15.0,17841,0.0,0.425,0.0,0.573,,,,,,,,,,,,
S2A_MSIL2A_20190530T184921_R113_T10UGU_20201006T201021,2019-05-30,2A,10UGU,4.6,17841,0.0,0.022,0.0,0.976,,,,,,,,,,,,
S2A_MSIL2A_20190602T185921_R013_T10UGU_20201005T210932,2019-06-02,2A,10UGU,2.7,17841,0.0,0.99,0.0,0.009,0.0151,0.014,0.0113,0.0053,0.005,0.0057,0.0064,0.086,207.15,4.0,#62aabf,0.0
S2B_MSIL2A_20190604T184929_R113_T10UGU_20201005T221131,2019-06-04,2B,10UGU,63.7,17841,0.0,0.0,0.0,1.0,,,,,,,,,,,,
S2A_MSIL2A_20190612T185921_R013_T10UGU_20201006T011646,2019-06-12,2A,10UGU,27.8,17841,0.0,0.995,0.0,0.003,0.0258,0.0233,0.0191,0.011,0.0108,0.0125,0.0128,0.126,212.65,3.0,#5da9c8,0.0
S2B_MSIL2A_20190614T184929_R113_T10UGU_20201006T021809,2019-06-14,2B,10UGU,6.1,17841,0.0,0.999,0.0,0.0,0.0206,0.0218,0.0146,0.0064,0.0059,0.0057,0.0045,0.091,201.23,4.0,#69aab6,-0.1515
S2B_MSIL2A_20190617T185929_R013_T10UGU_20201006T033135,2019-06-17,2B,10UGU,4.0,17841,0.0,0.999,0.0,0.0,0.0209,0.0227,0.0168,0.0097,0.01,0.0083,0.0108,0.091,200.33,4.0,#4badbb,0.0
S2A_MSIL2A_20190619T184921_R113_T10UGU_20201106T010742,2019-06-19,2A,10UGU,29.6,17841,0.0,0.989,0.0,0.01,0.0303,0.0258,0.0206,0.0127,0.0125,0.011,0.0133,0.12,216.86,3.0,#5ca8d0,0.0
S2B_MSIL2A_20190624T184929_R113_T10UGU_20201006T055913,2019-06-24,2B,10UGU,33.3,17841,0.0,0.999,0.0,0.0,0.0228,0.0229,0.0147,0.0063,0.0056,0.0049,0.0045,0.074,206.3,4.0,#65aabd,-0.2414
S2A_MSIL2A_20190629T184921_R113_T10UGU_20201006T075118,2019-06-29,2A,10UGU,45.2,17841,0.0,0.0,0.0,1.0,,,,,,,,,,,,
S2A_MSIL2A_20190702T185921_R013_T10UGU_20201005T081336,2019-07-02,2A,10UGU,56.0,17841,0.0,0.833,0.0,0.152,0.0737,0.0651,0.0579,0.0485,0.0492,0.0414,0.0434,0.194,219.5,3.0,#7fa4c5,0.0642
S2B_MSIL2A_20190704T184929_R113_T10UGU_20201005T092340,2019-07-04,2B,10UGU,63.5,17841,0.0,0.998,0.0,0.0,0.0459,0.0465,0.0379,0.0256,0.0287,0.0324,0.0133,0.194,195.54,4.0,#8ba5a7,0.1119
S2B_MSIL2A_20190707T185929_R013_T10UGU_20201005T104957,2019-07-07,2B,10UGU,31.9,17841,0.0,0.894,0.0,0.104,0.0578,0.0556,0.0433,0.0304,0.0303,0.0243,0.024,0.194,208.79,4.0,#77a7b9,-0.0079
S2B_MSIL2A_20190714T184929_R113_T10UGU_20201005T141011,2019-07-14,2B,10UGU,22.7,17841,0.0,0.998,0.0,0.0,0.0273,0.0303,0.0237,0.0141,0.0157,0.0171,0.0053,0.296,185.87,5.0,#89a5a2,0.0833
S2A_MSIL2A_20190719T184921_R113_T10UGU_20201005T162515,2019-07-19,2A,10UGU,21.6,17841,0.0,0.999,0.0,0.0,0.0383,0.0315,0.0259,0.0155,0.016,0.0134,0.0081,0.194,213.74,3.0,#88a3b7,0.0327
S2A_MSIL2A_20190722T185921_R013_T10UGU_20201005T180051,2019-07-22,2A,10UGU,41.6,17841,0.0,0.0,0.0,1.0,,,,,,,,,,,,
S2B_MSIL2A_20190724T184929_R113_T10UGU_20201005T191240,2019-07-24,2B,10UGU,9.3,17841,0.0,0.997,0.0,0.002,0.0259,0.0265,0.0183,0.0098,0.0086,0.0084,0.0064,0.137,203.85,4.0,#71a8b6,-0.2143
S2B_MSIL2A_20190727T185929_R013_T10UGU_20201106T034012,2019-07-27,2B,10UGU,9.8,17841,0.0,0.653,0.0,0.346,0.0288,0.0318,0.0248,0.018,0.0181,0.0161,0.0175,0.114,196.78,4.0,#52adb6,0.0909
S2A_MSIL2A_20190729T184921_R113_T10UGU_20201109T155434,2019-07-29,2A,10UGU,2.3,17841,0.0,0.999,0.0,0.0,0.0249,0.0194,0.0142,0.006,0.0062,0.0051,0.0034,0.097,216.17,3.0,#78a5c3,0.037
S2A_MSIL2A_20190801T185921_R013_T10UGU_20201004T190936,2019-08-01,2A,10UGU,0.2,17841,0.0,0.999,0.0,0.0,0.0244,0.0219,0.0185,0.012,0.0116,0.0102,0.0102,0.114,209.36,4.0,#78a7ba,-0.125
S2B_MSIL2A_20190803T184929_R113_T10UGU_20201004T200820,2019-08-03,2B,10UGU,9.6,17841,0.0,0.91,0.0,0.089,0.0294,0.0307,0.023,0.0143,0.0145,0.0164,0.0058,0.205,197.02,4.0,#87a5a9,0.0116
S2B_MSIL2A_20190806T185929_R013_T10UGU_20201004T211930,2019-08-06,2B,10UGU,0.1,17841,0.0,0.999,0.0,0.0,0.0203,0.0229,0.0149,0.0071,0.0064,0.0061,0.0031,0.126,197.35,4.0,#75a8af,-0.0959
S2A_MSIL2A_20190808T184921_R113_T10UGU_20201004T215449,2019-08-08,2A,10UGU,31.7,17841,0.0,0.998,0.0,0.0,0.0365,0.0302,0.0258,0.0179,0.0194,0.0194,0.0133,0.194,217.03,3.0,#85a4bd,0.1402
S2A_MSIL2A_20190811T185921_R013_T10UGU_20201004T230504,2019-08-11,2A,10UGU,63.8,17841,0.0,0.79,0.0,0.21,0.0477,0.0386,0.0309,0.0213,0.0207,0.0172,0.0078,0.165,217.68,3.0,#91a2b5,-0.0227
S2B_MSIL2A_20190813T184929_R113_T10UGU_20201005T000446,2019-08-13,2B,10UGU,9.6,17841,0.0,0.999,0.0,0.0,0.0224,0.0221,0.0139,0.0065,0.0063,0.006,0.0032,0.109,208.03,4.0,#70a8bb,-0.0313
S2B_MSIL2A_20190816T185919_R013_T10UGU_20201005T011623,2019-08-16,2B,10UGU,19.8,17841,0.0,0.685,0.0,0.313,0.0214,0.0271,0.0225,0.0171,0.019,0.0207,0.0195,0.182,168.5,5.0,#1cb495,0.0
S2A_MSIL2A_20190818T184921_R113_T10UGU_20201005T015238,2019-08-18,2A,10UGU,1.7,17841,0.0,0.999,0.0,0.0,0.0188,0.0142,0.0098,0.0032,0.0035,0.0029,0.0029,0.086,217.63,3.0,#63a8d0,0.3333
S2B_MSIL2A_20190826T185919_R013_T10UGU_20201005T051844,2019-08-26,2B,10UGU,3.8,17841,0.0,0.999,0.0,0.0,0.0137,0.0177,0.0114,0.0061,0.0062,0.0058,0.0056,0.086,191.18,4.0,#4daeb0,0.0909
S2A_MSIL2A_20190828T184921_R113_T10UGU_20201005T055729,2019-08-28,2A,10UGU,28.8,17841,0.0,0.391,0.0,0.608,,,,,,,,,,,,
S2B_MSIL2A_20190902T184919_R113_T10UGU_20201004T083551,2019-09-02,2B,10UGU,2.0,17841,0.0,0.999,0.0,0.0,0.0164,0.0174,0.0102,0.004,0.0037,0.0034,0.0024,0.097,205.24,4.0,#62aabc,-0.1034
S2B_MSIL2A_20190905T185919_R013_T10UGU_20201004T094649,2019-09-05,2B,10UGU,6.8,17841,0.0,0.868,0.0,0.131,0.03,0.0325,0.0232,0.015,0.0148,0.0139,0.0089,0.091,199.09,4.0,#7ca7ae,-0.0167
S2A_MSIL2A_20190910T185931_R013_T10UGU_20201004T112941,2019-09-10,2A,10UGU,54.4,17841,0.0,0.729,0.0,0.269,0.0396,0.0362,0.0346,0.0316,0.0339,0.0364,0.0293,0.194,221.34,2.0,#8ba2bf,0.3333
S2B_MSIL2A_20190912T184949_R113_T10UGU_20201004T122827,2019-09-12,2B,10UGU,62.1,17841,0.0,0.21,0.0,0.789,,,,,,,,,,,,
S2A_MSIL2A_20190920T190051_R013_T10UGU_20201004T151842,2019-09-20,2A,10UGU,44.5,17841,0.0,0.005,0.0,0.981,,,,,,,,,,,,
S2B_MSIL2A_20190922T185059_R113_T10UGU_20201004T161604,2019-09-22,2B,10UGU,62.2,17841,0.0,0.0,0.011,0.989,,,,,,,,,,,,
S2B_MSIL2A_20190925T190119_R013_T10UGU_20201004T170857,2019-09-25,2B,10UGU,15.5,17841,0.0,0.0,0.0,1.0,,,,,,,,,,,,
S2A_MSIL2A_20190927T185131_R113_T10UGU_20201004T174131,2019-09-27,2A,10UGU,26.6,17841,0.0,0.024,0.0,0.975,,,,,,,,,,,,
S2A_MSIL2A_20190930T190201_R013_T10UGU_20201004T184711,2019-09-30,2A,10UGU,66.7,17841,0.0,0.608,0.0,0.392,0.0728,0.0565,0.0433,0.0314,0.0301,0.0302,0.0265,0.16,224.09,2.0,#72a4d8,-0.1529
S2B_MSIL2A_20191002T185209_R113_T10UGU_20201003T215549,2019-10-02,2B,10UGU,44.2,17841,0.0,0.076,0.0,0.923,,,,,,,,,,,,
S2B_MSIL2A_20191005T190239_R013_T10UGU_20201003T230328,2019-10-05,2B,10UGU,23.4,17841,0.0,0.999,0.0,0.0,0.0344,0.0374,0.0273,0.0172,0.0172,0.0155,0.0071,0.074,195.08,4.0,#85a6a8,0.0
S2A_MSIL2A_20191010T190311_R013_T10UGU_20201004T004259,2019-10-10,2A,10UGU,0.2,17841,0.0,0.999,0.0,0.0,0.0055,0.0077,0.0056,0.0007,0.0001,0.0003,0.001,0.08,175.61,5.0,#63ad9e,0.0
S2A_MSIL2A_20191017T185401_R113_T10UGU_20201004T031809,2019-10-17,2A,10UGU,67.1,17841,0.0,0.0,0.0,1.0,,,,,,,,,,,,
S2B_MSIL2A_20191022T185429_R113_T10UGU_20201004T051311,2019-10-22,2B,10UGU,1.5,17841,0.0,0.999,0.0,0.0,0.0072,0.0128,0.0069,0.0028,0.003,0.0036,0.0037,0.091,180.94,5.0,#00b3a7,0.0
S2B_MSIL2A_20191025T190449_R013_T10UGU_20201004T061646,2019-10-25,2B,10UGU,7.5,17841,0.0,0.349,0.0,0.617,,,,,,,,,,,,
S2A_MSIL2A_20191027T185501_R113_T10UGU_20201004T064215,2019-10-27,2A,10UGU,0.5,17841,0.0,0.999,0.0,0.0,0.0086,0.0061,0.005,0.0002,0.0001,0.0001,0.0008,0.086,213.46,3.0,#70a7c3,0.0
S2A_MSIL2A_20191030T190521_R013_T10UGU_20201004T073947,2019-10-30,2A,10UGU,6.5,17841,0.0,0.999,0.0,0.0,0.0077,0.0106,0.0092,0.0041,0.0036,0.0032,0.0024,0.074,157.63,6.0,#80a98f,-0.1724
S2B_MSIL2A_20191101T185529_R113_T10UGU_20201003T120655,2019-11-01,2B,10UGU,6.9,17841,0.0,0.0,0.0,0.998,,,,,,,,,,,,
S2A_MSIL2A_20191106T185601_R113_T10UGU_20201003T134230,2019-11-06,2A,10UGU,2.8,17841,0.0,0.999,0.0,0.0,0.0087,0.0061,0.0054,0.0006,0.0008,0.0006,0.0013,0.08,213.53,3.0,#74a6c1,0.0
S2B_MSIL2A_20191111T185619_R113_T10UGU_20201003T153523,2019-11-11,2B,10UGU,66.9,17841,0.0,0.0,0.0,1.0,,,,,,,,,,,,
S2B_MSIL2A_20191121T185659_R113_T10UGU_20201003T184702,2019-11-21,2B,10UGU,0.4,17841,0.0,0.999,0.0,0.0,0.0057,0.0126,0.0052,0.0015,0.0003,0.0005,0.0008,0.069,181.13,5.0,#31b1a6,-0.75
S2B_MSIL2A_20191124T190719_R013_T10UGU_20201003T194051,2019-11-24,2B,10UGU,2.3,17841,0.0,0.973,0.0,0.026,0.0001,0.006,0.0021,0.0005,0.0001,0.0015,0.0032,0.069,,,,
S2A_MSIL2A_20191126T185721_R113_T10UGU_20201003T200020,2019-11-26,2A,10UGU,47.2,17841,0.0,0.0,0.0,1.0,,,,,,,,,,,,
S2A_MSIL2A_20191129T190741_R013_T10UGU_20201003T204529,2019-11-29,2A,10UGU,11.3,17841,0.0,0.975,0.0,0.024,0.021,0.0205,0.0168,0.0111,0.0096,0.0087,0.0007,0.097,192.82,4.0,#96a2a2,-0.0777
S2B_MSIL2A_20200303T190259_R013_T10UGU_20200926T032518,2020-03-03,2B,10UGU,5.3,17841,0.0,0.999,0.0,0.001,0.0144,0.0183,0.0106,0.0057,0.0056,0.0055,0.0037,0.074,196.58,4.0,#60abb3,-0.0256
S2A_MSIL2A_20200308T190221_R013_T10UGU_20200929T220438,2020-03-08,2A,10UGU,53.3,17841,0.0,0.0,0.0,1.0,,,,,,,,,,,,
S2A_MSIL2A_20200315T185121_R113_T10UGU_20201010T085051,2020-03-15,2A,10UGU,11.4,17841,0.0,0.757,0.0,0.242,0.0422,0.0286,0.0208,0.0113,0.0103,0.0094,0.006,0.12,224.46,2.0,#7fa2d0,-0.1042
S2A_MSIL2A_20200318T190111_R013_T10UGU_20201010T135202,2020-03-18,2A,10UGU,1.6,17841,0.0,1.0,0.0,0.0,0.0161,0.0136,0.0099,0.0046,0.0041,0.0037,0.0028,0.074,212.86,3.0,#76a6bf,-0.1613
S2B_MSIL2A_20200320T184959_R113_T10UGU_20201013T045151,2020-03-20,2B,10UGU,1.9,17841,0.0,0.999,0.0,0.0,0.0226,0.0222,0.0138,0.007,0.0064,0.0052,0.0032,0.074,209.22,4.0,#73a7bb,-0.0857
S2B_MSIL2A_20200323T185939_R013_T10UGU_20201020T012259,2020-03-23,2B,10UGU,22.8,17841,0.0,0.87,0.0,0.13,0.028,0.027,0.0162,0.0096,0.0093,0.0082,0.0064,0.074,213.56,3.0,#66a8c7,-0.0492
S2A_MSIL2A_20200325T185011_R113_T10UGU_20201019T111444,2020-03-25,2A,10UGU,17.3,17841,0.0,0.866,0.0,0.133,0.0474,0.0333,0.0231,0.0128,0.0116,0.0085,0.0052,0.074,223.62,2.0,#81a2cc,-0.0857
S2A_MSIL2A_20200328T190001_R013_T10UGU_20201101T183821,2020-03-28,2A,10UGU,50.0,17841,0.0,0.032,0.0,0.968,,,,,,,,,,,,
S2B_MSIL2A_20200330T184929_R113_T10UGU_20201021T055432,2020-03-30,2B,10UGU,22.5,17841,0.0,0.357,0.0,0.639,,,,,,,,,,,,
S2B_MSIL2A_20200402T185919_R013_T10UGU_20200924T184236,2020-04-02,2B,10UGU,13.3,17841,0.0,0.595,0.0,0.404,0.0284,0.0282,0.0186,0.0114,0.0111,0.0104,0.0083,0.074,209.99,4.0,#6aa8c0,-0.0508
S2A_MSIL2A_20200404T184911_R113_T10UGU_20200924T233610,2020-04-04,2A,10UGU,53.7,17841,0.0,0.153,0.0,0.846,,,,,,,,,,,,
S2A_MSIL2A_20200407T185911_R013_T10UGU_20200925T092208,2020-04-07,2A,10UGU,11.8,17841,0.0,1.0,0.0,0.0,0.0196,0.0167,0.0126,0.0072,0.0067,0.0065,0.0051,0.086,214.34,3.0,#77a6c1,-0.1351
S2B_MSIL2A_20200409T184919_R113_T10UGU_20200925T173129,2020-04-09,2B,10UGU,0.2,17841,0.0,1.0,0.0,0.0,0.0239,0.0235,0.0152,0.0087,0.0082,0.0072,0.0037,0.074,208.9,4.0,#7aa6b8,-0.0526
S2B_MSIL2A_20200412T185909_R013_T10UGU_20200923T065410,2020-04-12,2B,10UGU,16.2,17841,0.0,0.999,0.0,0.0,0.0221,0.024,0.0162,0.0105,0.0104,0.0103,0.0072,0.074,202.98,4.0,#70a9b5,-0.0154
S2A_MSIL2A_20200417T185921_R013_T10UGU_20200923T214149,2020-04-17,2A,10UGU,48.5,17841,0.0,0.0,0.0,0.998,,,,,,,,,,,,
S2B_MSIL2A_20200419T184909_R113_T10UGU_20200924T055139,2020-04-19,2B,10UGU,43.0,17841,0.0,0.049,0.0,0.949,,,,,,,,,,,,
S2A_MSIL2A_20200427T185921_R013_T10UGU_20200922T074722,2020-04-27,2A,10UGU,7.3,17841,0.0,0.998,0.0,0.0,0.0303,0.0264,0.0231,0.0192,0.0195,0.0179,0.0185,0.109,221.43,2.0,#69a6d5,0.1765
S2A_MSIL2A_20200504T184921_R113_T10UGU_20200920T113244,2020-05-04,2A,10UGU,32.5,17841,0.0,0.0,0.0,1.0,,,,,,,,,,,,
S2A_MSIL2A_20200507T185921_R013_T10UGU_20200920T212416,2020-05-07,2A,10UGU,14.0,17841,0.0,0.999,0.0,0.0,0.0157,0.0132,0.0098,0.0037,0.0035,0.0031,0.0027,0.103,210.97,3.0,#70a7bf,-0.1111
S2B_MSIL2A_20200509T184919_R113_T10UGU_20200921T053010,2020-05-09,2B,10UGU,2.7,17841,0.0,0.999,0.0,0.0,0.0194,0.0201,0.0132,0.0063,0.0061,0.0066,0.0062,0.091,205.49,4.0,#4cacc2,0.0
S2B_MSIL2A_20200512T185919_R013_T10UGU_20200917T233652,2020-05-12,2B,10UGU,68.4,17841,0.0,0.0,0.0,1.0,,,,,,,,,,,,
S2B_MSIL2A_20200519T184919_R113_T10UGU_20200910T064423,2020-05-19,2B,10UGU,55.4,17841,0.0,0.179,0.0,0.82,,,,,,,,,,,,
S2B_MSIL2A_20200522T185919_R013_T10UGU_20200918T172051,2020-05-22,2B,10UGU,68.8,17841,0.0,0.824,0.0,0.176,0.0405,0.0472,0.047,0.0454,0.049,0.0593,0.0521,0.194,,,,
S2A_MSIL2A_20200524T184921_R113_T10UGU_20200910T192838,2020-05-24,2A,10UGU,33.6,17841,0.0,0.987,0.0,0.011,0.0244,0.0185,0.0145,0.0071,0.0073,0.0082,0.0098,0.137,224.2,2.0,#5aa6e5,0.0
S2A_MSIL2A_20200527T185921_R013_T10UGU_20200918T172055,2020-05-27,2A,10UGU,0.8,17841,0.0,0.999,0.0,0.0,0.0163,0.0147,0.0112,0.0043,0.0039,0.004,0.004,0.086,206.18,4.0,#67a9bc,-0.5
S2B_MSIL2A_20200529T184919_R113_T10UGU_20200911T110254,2020-05-29,2B,10UGU,46.0,17841,0.0,0.0,0.0,1.0,,,,,,,,,,,,
S2B_MSIL2A_20200601T185919_R013_T10UGU_20200825T193023,2020-06-01,2B,10UGU,5.7,17841,0.0,0.998,0.0,0.0,0.034,0.0358,0.0303,0.0254,0.0263,0.0242,0.0253,0.091,200.94,4.0,#46adbc,0.8182
S2A_MSIL2A_20200603T184921_R113_T10UGU_20200826T000148,2020-06-03,2A,10UGU,9.4,17841,0.0,0.999,0.0,0.0,0.0217,0.0174,0.014,0.0068,0.0074,0.0093,0.008,0.12,217.84,3.0,#63a7d0,0.0
S2A_MSIL2A_20200606T185921_R013_T10UGU_20200826T090731,2020-06-06,2A,10UGU,60.9,17841,0.0,0.699,0.0,0.293,0.0421,0.0371,0.0331,0.0273,0.0272,0.0266,0.0298,0.211,225.67,2.0,#4da6f0,0.0
S2B_MSIL2A_20200608T184919_R113_T10UGU_20200826T161944,2020-06-08,2B,10UGU,48.7,17841,0.0,0.286,0.0,0.713,,,,,,,,,,,,
S2B_MSIL2A_20200618T184919_R113_T10UGU_20200823T061835,2020-06-18,2B,10UGU,10.4,17841,0.0,0.999,0.0,0.0,0.0193,0.0197,0.0121,0.0042,0.0037,0.0034,0.0039,0.097,206.03,4.0,#52acc1,-0.5
S2B_MSIL2A_20200621T185919_R013_T10UGU_20200823T150918,2020-06-21,2B,10UGU,59.9,17841,0.0,0.408,0.0,0.59,,,,,,,,,,,,
S2A_MSIL2A_20200623T184921_R113_T10UGU_20200908T074055,2020-06-23,2A,10UGU,26.7,17841,0.0,0.0,0.0,1.0,,,,,,,,,,,,
S2A_MSIL2A_20200626T185921_R013_T10UGU_20200824T044447,2020-06-26,2A,10UGU,68.9,17841,0.0,0.0,0.0,1.0,,,,,,,,,,,,
S2B_MSIL2A_20200701T185919_R013_T10UGU_20200824T212418,2020-07-01,2B,10UGU,39.2,17841,0.0,0.912,0.0,0.088,0.0238,0.0242,0.014,0.0036,0.002,0.0005,0.0018,0.143,205.92,4.0,#61aabd,-0.8
S2A_MSIL2A_20200706T185921_R013_T10UGU_20200825T103411,2020-07-06,2A,10UGU,7.5,17841,0.0,0.999,0.0,0.0,0.0278,0.0238,0.0183,0.0094,0.0085,0.0075,0.0057,0.12,211.34,3.0,#7ca6ba,-0.1385
S2B_MSIL2A_20200708T184919_R113_T10UGU_20200912T124328,2020-07-08,2B,10UGU,20.0,17841,0.0,0.703,0.0,0.294,0.0258,0.029,0.0237,0.0176,0.02,0.0274,0.026,0.148,,,,
S2A_MSIL2A_20200713T184921_R113_T10UGU_20200913T010602,2020-07-13,2A,10UGU,6.8,17841,0.0,0.999,0.0,0.0,0.0192,0.0152,0.0111,0.0033,0.0033,0.0027,0.0032,0.097,213.64,3.0,#64a8c8,0.0
S2A_MSIL2A_20200716T185921_R013_T10UGU_20200908T074102,2020-07-16,2A,10UGU,22.4,17841,0.0,0.236,0.0,0.759,,,,,,,,,,,,
S2B_MSIL2A_20200718T184919_R113_T10UGU_20200816T163038,2020-07-18,2B,10UGU,4.4,17841,0.0,0.999,0.0,0.0,0.0199,0.0206,0.0126,0.0036,0.0027,0.0019,0.0026,0.086,203.9,4.0,#5eabbc,-0.8182
S2B_MSIL2A_20200721T185919_R013_T10UGU_20200817T013045,2020-07-21,2B,10UGU,2.0,17841,0.0,0.999,0.0,0.0,0.0208,0.024,0.016,0.0071,0.0071,0.0065,0.0034,0.091,194.13,4.0,#73a9ac,0.0
S2A_MSIL2A_20200723T184921_R113_T10UGU_20200817T060439,2020-07-23,2A,10UGU,1.5,17841,0.0,0.999,0.0,0.0,0.022,0.0178,0.0132,0.0049,0.0048,0.0041,0.0037,0.086,213.17,3.0,#6fa7c3,-0.0435
S2A_MSIL2A_20200726T185921_R013_T10UGU_20201024T183318,2020-07-26,2A,10UGU,0.0,17841,0.0,0.999,0.0,0.0,0.0222,0.0193,0.0154,0.0075,0.0069,0.0057,0.0089,0.08,213.09,3.0,#60a9c8,0.0
S2B_MSIL2A_20200728T184919_R113_T10UGU_20200817T230032,2020-07-28,2B,10UGU,0.0,17841,0.0,0.999,0.0,0.0,0.0239,0.0246,0.0164,0.0069,0.0063,0.0054,0.0041,0.097,202.62,4.0,#6ea9b6,-0.12
S2B_MSIL2A_20200731T185919_R013_T10UGU_20200818T085616,2020-07-31,2B,10UGU,3.0,17841,0.0,0.999,0.0,0.0,0.0269,0.0303,0.022,0.0123,0.0122,0.0095,0.009,0.205,193.76,4.0,#70a9ad,-0.0154
S2A_MSIL2A_20200802T184921_R113_T10UGU_20200908T074103,2020-08-02,2A,10UGU,1.9,17841,0.0,0.848,0.0,0.151,0.0233,0.0185,0.0139,0.0051,0.00495,0.0038,0.0035,0.086,213.58,3.0,#73a7c2,-0.0492
S2A_MSIL2A_20200805T185921_R013_T10UGU_20201025T022839,2020-08-05,2A,10UGU,0.0,17841,0.0,0.999,0.0,0.0,0.023,0.0211,0.0168,0.009,0.0083,0.007,0.0083,0.091,206.97,4.0,#69a9bc,-0.75
S2B_MSIL2A_20200807T184919_R113_T10UGU_20200815T095028,2020-08-07,2B,10UGU,5.7,17841,0.0,0.999,0.0,0.0,0.0141,0.0161,0.0091,0.0011,0.0002,0.0001,0.002,0.097,200.87,4.0,#4badbc,0.0
S2B_MSIL2A_20200810T185919_R013_T10UGU_20200814T141423,2020-08-10,2B,10UGU,0.1,17841,0.0,0.999,0.0,0.0,0.0195,0.0234,0.0169,0.0089,0.0087,0.0074,0.0078,0.086,189.07,5.0,#62acab,-0.1
S2A_MSIL2A_20200812T184921_R113_T10UGU_20200814T202404,2020-08-12,2A,10UGU,10.1,17841,0.0,0.999,0.0,0.0,0.03,0.0255,0.021,0.0116,0.0115,0.0112,0.0056,0.126,209.36,4.0,#87a4b3,-0.0084
S2A_MSIL2A_20200815T185921_R013_T10UGU_20200818T093711,2020-08-15,2A,10UGU,0.0,17841,0.0,0.999,0.0,0.0,0.018,0.0172,0.014,0.0068,0.0062,0.0052,0.0071,0.08,201.93,4.0,#65aab8,0.0
S2B_MSIL2A_20200817T184919_R113_T10UGU_20200818T161440,2020-08-17,2B,10UGU,10.1,17841,0.0,0.999,0.0,0.0,0.0216,0.0227,0.0148,0.0051,0.0036,0.0023,0.0029,0.137,200.93,4.0,#6aaab5,-0.5172
S2B_MSIL2A_20200820T185919_R013_T10UGU_20200908T074104,2020-08-20,2B,10UGU,32.3,17841,0.0,0.554,0.0,0.444,0.0217,0.0259,0.0191,0.0121,0.0124,0.0107,0.0133,0.103,192.24,4.0,#3fafb3,0.0
S2A_MSIL2A_20200822T184921_R113_T10UGU_20200908T074108,2020-08-22,2A,10UGU,6.0,17841,0.0,0.999,0.0,0.0,0.0149,0.0117,0.0079,0.0004,0.0001,0.0001,0.0024,0.091,216.25,3.0,#5da8cf,0.0
S2A_MSIL2A_20200825T185921_R013_T10UGU_20200918T172056,2020-08-25,2A,10UGU,0.2,17841,0.0,0.999,0.0,0.0,0.0155,0.0156,0.012,0.0052,0.0044,0.0037,0.0054,0.086,199.24,4.0,#61abb6,0.0
S2B_MSIL2A_20200827T184919_R113_T10UGU_20200907T080833,2020-08-27,2B,10UGU,0.9,17841,0.0,0.999,0.0,0.0,0.0138,0.0159,0.0087,0.0014,0.0005,0.0003,0.002,0.091,201.63,4.0,#47adbd,0.0
S2B_MSIL2A_20200830T185919_R013_T10UGU_20200907T164818,2020-08-30,2B,10UGU,0.1,17841,0.0,0.999,0.0,0.0,0.0099,0.0156,0.0092,0.002,0.0014,0.0008,0.003,0.08,181.92,5.0,#45b0a6,0.0
S2A_MSIL2A_20200901T184921_R113_T10UGU_20201026T053703,2020-09-01,2A,10UGU,0.1,17841,0.0,0.999,0.0,0.0,0.0149,0.0118,0.008,0.0004,0.0001,0.0001,0.0019,0.08,214.52,3.0,#60a9cb,0.0
S2A_MSIL2A_20200904T185921_R013_T10UGU_20200908T004424,2020-09-04,2A,10UGU,0.1,17841,0.0,0.999,0.0,0.0,0.0287,0.0272,0.0222,0.0133,0.0118,0.0099,0.0038,0.137,198.67,4.0,#8ea4a8,-0.0857
S2B_MSIL2A_20200906T184919_R113_T10UGU_20201027T150638,2020-09-06,2B,10UGU,0.0,17841,0.0,0.999,0.0,0.0,0.0156,0.0175,0.0101,0.0022,0.0012,0.0005,0.0018,0.086,200.71,4.0,#54acba,-0.6
S2B_MSIL2A_20200909T185929_R013_T10UGU_20200911T225321,2020-09-09,2B,10UGU,0.2,17841,0.0,0.999,0.0,0.0,0.0418,0.045,0.0349,0.0231,0.0211,0.0158,0.0062,0.16,189.33,5.0,#8fa4a2,-0.0629
S2A_MSIL2A_20200911T184951_R113_T10UGU_20200913T063708,2020-09-11,2A,10UGU,10.4,17841,0.0,0.997,0.0,0.001,0.1881,0.1764,0.1594,0.1283,0.1265,0.1089,0.0246,0.177,189.51,5.0,#9fa09e,-0.0088
S2B_MSIL2A_20200916T184939_R113_T10UGU_20200918T122231,2020-09-16,2B,10UGU,33.0,17841,0.0,0.001,0.0,0.991,,,,,,,,,,,,
S2B_MSIL2A_20200919T185959_R013_T10UGU_20200922T195117,2020-09-19,2B,10UGU,28.2,17841,0.0,0.0,0.0,1.0,,,,,,,,,,,,
S2A_MSIL2A_20200924T190131_R013_T10UGU_20200926T122002,2020-09-24,2A,10UGU,56.8,17841,0.0,0.566,0.0,0.429,0.0319,0.0237,0.0205,0.0183,0.0194,0.0226,0.0232,0.12,,,,
S2B_MSIL2A_20200926T185049_R113_T10UGU_20200927T191208,2020-09-26,2B,10UGU,7.1,17841,0.0,0.641,0.0,0.353,0.0262,0.0269,0.0177,0.0085,0.0072,0.0054,0.0045,0.091,204.09,4.0,#72a8b6,-0.194
S2B_MSIL2A_20200929T190109_R013_T10UGU_20201001T084755,2020-09-29,2B,10UGU,0.0,17841,0.0,0.999,0.0,0.0,0.0022,0.0097,0.0042,0.0001,0.0001,0.0001,0.0013,0.074,162.06,6.0,#00b68a,0.0
S2A_MSIL2A_20201004T190241_R013_T10UGU_20201005T212208,2020-10-04,2A,10UGU,14.9,17841,0.0,0.999,0.0,0.0,0.0011,0.0042,0.0044,0.0017,0.0014,0.0019,0.0023,0.086,104.32,8.0,#7cae51,0.0
S2B_MSIL2A_20201006T185249_R113_T10UGU_20201010T054417,2020-10-06,2B,10UGU,0.0,17841,0.0,0.999,0.0,0.0,0.0036,0.0079,0.0024,0.0001,0.0001,0.0001,0.001,0.086,191.41,4.0,#00b7bb,0.0
S2A_MSIL2A_20201014T190351_R013_T10UGU_20201019T004350,2020-10-14,2A,10UGU,45.1,17841,0.0,0.0,0.0,1.0,,,,,,,,,,,,
S2B_MSIL2A_20201019T190419_R013_T10UGU_20201021T005636,2020-10-19,2B,10UGU,43.6,17841,0.0,0.999,0.0,0.0,0.0001,0.0024,0.0001,0.0001,0.0001,0.0001,0.0007,0.091,,,,
S2A_MSIL2A_20201021T185431_R113_T10UGU_20201022T234446,2020-10-21,2A,10UGU,40.1,17841,0.0,0.999,0.0,0.001,0.0187,0.0139,0.0099,0.004,0.0044,0.0026,0.0028,0.074,218.88,3.0,#70a6cc,0.1429
S2B_MSIL2A_20201026T185459_R113_T10UGU_20201030T222247,2020-10-26,2B,10UGU,13.5,17841,0.0,0.99,0.0,0.01,0.0357,0.0329,0.021,0.0107,0.0093,0.0063,0.0031,0.074,211.58,3.0,#7ca6bb,-0.1014
S2B_MSIL2A_20201029T190519_R013_T10UGU_20201101T092748,2020-10-29,2B,10UGU,5.9,17841,0.0,0.998,0.0,0.001,0.0019,0.0123,0.0077,0.0044,0.0048,0.0061,0.0078,0.074,,,,
S2A_MSIL2A_20201031T185531_R113_T10UGU_20201102T043220,2020-10-31,2A,10UGU,2.3,17841,0.0,0.999,0.0,0.0,0.0083,0.0055,0.0042,0.0001,0.0001,0.0001,0.0008,0.074,219.03,3.0,#6ca6ce,0.0
S2B_MSIL2A_20201105T185559_R113_T10UGU_20201106T221330,2020-11-05,2B,10UGU,57.7,17841,0.0,0.998,0.0,0.002,0.0273,0.0314,0.0252,0.0237,0.0253,0.0262,0.0178,0.074,188.29,5.0,#89a5a3,0.1194
S2B_MSIL2A_20201108T190619_R013_T10UGU_20201109T194346,2020-11-08,2B,10UGU,22.8,17841,0.0,0.999,0.0,0.0,0.0023,0.0136,0.0089,0.0047,0.0043,0.0039,0.0056,0.074,149.16,6.0,#1eb677,0.0
S2B_MSIL2A_20201115T185649_R113_T10UGU_20201116T204009,2020-11-15,2B,10UGU,18.9,17841,0.0,0.884,0.0,0.116,0.0099,0.0126,0.0035,0.0005,0.0004,0.0001,0.0001,0.194,209.79,4.0,#00b0d3,-0.1429
S2B_MSIL2A_20201125T185719_R113_T10UGU_20201126T110043,2020-11-25,2B,10UGU,59.1,17841,0.0,0.0,0.0,1.0,,,,,,,,,,,,
S2B_MSIL2A_20201128T190739_R013_T10UGU_20201129T052429,2020-11-28,2B,10UGU,7.4,17841,0.0,0.985,0.0,0.014,0.0001,0.007,0.0001,0.0001,0.0001,0.0001,0.0001,0.109,,,,
S2A_MSIL2A_20210303T190301_R013_T10UGU_20210304T044615,2021-03-03,2A,10UGU,1.6,17841,0.0,0.998,0.0,0.001,0.0251,0.0199,0.0139,0.0075,0.0064,0.0056,0.0033,0.074,218.35,3.0,#7ea4c3,-0.1507
S2B_MSIL2A_20210308T190229_R013_T10UGU_20210309T101158,2021-03-08,2B,10UGU,58.9,17841,0.0,0.186,0.0,0.814,,,,,,,,,,,,
S2A_MSIL2A_20210310T185211_R113_T10UGU_20210311T052102,2021-03-10,2A,10UGU,11.1,17841,0.0,0.998,0.0,0.002,0.0292,0.0191,0.0128,0.0052,0.0045,0.0026,0.0017,0.074,223.82,2.0,#7ba3d1,-0.1111
S2B_MSIL2A_20210318T190019_R013_T10UGU_20210319T151117,2021-03-18,2B,10UGU,65.9,17841,0.0,0.0,0.0,1.0,,,,,,,,,,,,
S2A_MSIL2A_20210320T185051_R113_T10UGU_20210321T163725,2021-03-20,2A,10UGU,32.7,17841,0.0,0.928,0.0,0.069,0.0321,0.0224,0.0162,0.009,0.0087,0.007,0.0056,0.074,223.94,2.0,#7aa3d1,-0.0462
S2A_MSIL2A_20210323T190041_R013_T10UGU_20210324T054320,2021-03-23,2A,10UGU,2.1,17841,0.0,0.999,0.0,0.0,0.019,0.0153,0.0107,0.0048,0.0039,0.0034,0.0025,0.074,215.93,3.0,#77a6c3,-0.2432
S2B_MSIL2A_20210325T184929_R113_T10UGU_20210326T120615,2021-03-25,2B,10UGU,38.0,17841,0.0,0.471,0.0,0.529,,,,,,,,,,,,
S2B_MSIL2A_20210328T185939_R013_T10UGU_20210329T210726,2021-03-28,2B,10UGU,47.5,17841,0.0,0.902,0.0,0.096,0.0694,0.07,0.0595,0.0537,0.0567,0.0609,0.0472,0.194,209.63,4.0,#7ca6b8,0.1875
S2A_MSIL2A_20210330T184941_R113_T10UGU_20210331T092701,2021-03-30,2A,10UGU,12.7,17841,0.0,0.999,0.0,0.0,0.0293,0.0217,0.017,0.0105,0.0109,0.0103,0.008,0.109,222.59,2.0,#7aa4ce,0.0741
S2A_MSIL2A_20210402T185921_R013_T10UGU_20210403T061905,2021-04-02,2A,10UGU,45.1,17841,0.0,0.846,0.0,0.154,0.0202,0.0202,0.0193,0.0169,0.0183,0.0218,0.0204,0.194,,,,
S2A_MSIL2A_20210409T184911_R113_T10UGU_20210411T052611,2021-04-09,2A,10UGU,64.0,17841,0.0,0.825,0.0,0.173,0.0114,0.0074,0.0062,0.0029,0.0037,0.004,0.005,0.194,232.33,1.0,#5c92ff,0.0
S2A_MSIL2A_20210412T185911_R013_T10UGU_20210413T112841,2021-04-12,2A,10UGU,62.1,17841,0.0,0.483,0.0,0.516,,,,,,,,,,,,
S2B_MSIL2A_20210414T184919_R113_T10UGU_20210415T195221,2021-04-14,2B,10UGU,0.1,17841,0.0,0.999,0.0,0.0,0.0016,0.0038,0.0001,0.0001,0.0001,0.0001,0.0001,0.194,,,,
S2B_MSIL2A_20210417T185909_R013_T10UGU_20210418T071557,2021-04-17,2B,10UGU,1.4,17841,0.0,0.999,0.0,0.0,0.0162,0.0184,0.01,0.0044,0.0041,0.0038,0.0037,0.086,205.23,4.0,#46adc2,-0.2727
S2A_MSIL2A_20210419T184911_R113_T10UGU_20210420T111941,2021-04-19,2A,10UGU,1.5,17841,0.0,0.999,0.0,0.0,0.0203,0.0142,0.0097,0.0038,0.0036,0.0031,0.0032,0.086,221.85,2.0,#66a6d8,-0.2
S2A_MSIL2A_20210422T185911_R013_T10UGU_20210423T120220,2021-04-22,2A,10UGU,13.1,17841,0.0,0.769,0.0,0.225,0.0266,0.0229,0.0189,0.0132,0.0127,0.0116,0.0114,0.109,216.14,3.0,#75a6c4,-0.1613
S2A_MSIL2A_20210502T185911_R013_T10UGU_20210503T215048,2021-05-02,2A,10UGU,7.9,17841,0.0,0.999,0.0,0.0,0.0253,0.0219,0.0187,0.0141,0.014,0.013,0.0136,0.091,218.15,3.0,#68a7ce,-0.1111
S2B_MSIL2A_20210504T184919_R113_T10UGU_20210505T062721,2021-05-04,2B,10UGU,14.3,17841,0.0,0.999,0.0,0.0,0.0183,0.0186,0.0112,0.0054,0.0053,0.006,0.0057,0.097,210.29,3.0,#3badcc,0.0
S2B_MSIL2A_20210507T185919_R013_T10UGU_20210509T003518,2021-05-07,2B,10UGU,65.5,17841,0.0,0.616,0.0,0.38,0.052,0.0516,0.0406,0.0335,0.0323,0.029,0.0305,0.137,211.97,3.0,#64a9c5,-0.25
S2A_MSIL2A_20210509T184921_R113_T10UGU_20210510T193911,2021-05-09,2A,10UGU,39.3,17841,0.0,0.911,0.0,0.083,0.0309,0.0224,0.0155,0.007,0.0065,0.0055,0.0056,0.074,221.4,2.0,#69a6d5,-0.2174
S2B_MSIL2A_20210514T184919_R113_T10UGU_20210516T055119,2021-05-14,2B,10UGU,22.5,17841,0.0,0.999,0.0,0.0,0.0294,0.0276,0.0176,0.0081,0.0072,0.0059,0.0047,0.103,210.65,3.0,#6da8c0,-0.1525
S2B_MSIL2A_20210517T185919_R013_T10UGU_20210520T070618,2021-05-17,2B,10UGU,20.6,17841,0.0,0.001,0.0,0.997,,,,,,,,,,,,
S2A_MSIL2A_20210519T184921_R113_T10UGU_20210520T192325,2021-05-19,2A,10UGU,63.0,17841,0.0,0.999,0.0,0.0,0.051,0.0395,0.031,0.0198,0.0202,0.0207,0.0136,0.109,220.77,3.0,#7fa3c7,0.0312
S2B_MSIL2A_20210527T185919_R013_T10UGU_20210528T123801,2021-05-27,2B,10UGU,65.2,17841,0.0,0.0,0.0,1.0,,,,,,,,,,,,
S2A_MSIL2A_20210529T184921_R113_T10UGU_20210530T073250,2021-05-29,2A,10UGU,6.2,17841,0.0,0.999,0.0,0.0,0.0185,0.014,0.0098,0.0027,0.0026,0.0024,0.0035,0.091,218.18,3.0,#5fa8d2,0.0
S2A_MSIL2A_20210601T185921_R013_T10UGU_20210602T075541,2021-06-01,2A,10UGU,0.7,17841,0.0,0.999,0.0,0.0,0.014,0.0122,0.0081,0.002,0.0013,0.0011,0.0026,0.086,211.95,3.0,#5aaac8,0.0
S2B_MSIL2A_20210603T184919_R113_T10UGU_20210604T091306,2021-06-03,2B,10UGU,0.0,17841,0.0,0.999,0.0,0.0,0.0171,0.0178,0.01,0.0033,0.0027,0.0024,0.0029,0.08,207.28,4.0,#4cacc4,-0.6
S2A_MSIL2A_20210618T184921_R113_T10UGU_20210619T064825,2021-06-18,2A,10UGU,15.2,17841,0.0,0.083,0.0,0.915,,,,,,,,,,,,
S2A_MSIL2A_20210621T185921_R013_T10UGU_20210624T191405,2021-06-21,2A,10UGU,0.5,17841,0.0,0.999,0.0,0.0,0.0149,0.0125,0.008,0.0017,0.0006,0.0003,0.002,0.091,213.4,3.0,#5aa9cb,0.0
S2B_MSIL2A_20210623T184919_R113_T10UGU_20210626T055217,2021-06-23,2B,10UGU,4.5,17841,0.0,0.178,0.0,0.821,,,,,,,,,,,,
S2B_MSIL2A_20210626T185919_R013_T10UGU_20210627T033637,2021-06-26,2B,10UGU,3.1,17841,0.0,0.999,0.0,0.0,0.0181,0.0194,0.011,0.0032,0.0028,0.0016,0.0029,0.091,204.94,4.0,#4cacc1,-0.5
S2A_MSIL2A_20210628T184921_R113_T10UGU_20210630T054524,2021-06-28,2A,10UGU,0.0,17841,0.0,0.999,0.0,0.0,0.0275,0.0209,0.015,0.0062,0.0056,0.0038,0.004,0.103,217.78,3.0,#73a6c8,-0.1579
S2A_MSIL2A_20210701T185921_R013_T10UGU_20210702T022507,2021-07-01,2A,10UGU,37.8,17841,0.0,0.999,0.0,0.0,0.0265,0.0219,0.0168,0.0085,0.0079,0.0059,0.0062,0.222,214.07,3.0,#76a6c1,-0.15
S2B_MSIL2A_20210706T185919_R013_T10UGU_20210707T103116,2021-07-06,2B,10UGU,0.8,17841,0.0,0.999,0.0,0.0,0.0298,0.0305,0.0216,0.0131,0.0126,0.0108,0.0078,0.131,203.78,4.0,#7aa7b3,-0.0495
S2A_MSIL2A_20210708T184921_R113_T10UGU_20210709T135239,2021-07-08,2A,10UGU,4.1,17841,0.0,0.999,0.0,0.0,0.0206,0.0152,0.0108,0.003,0.002,0.0012,0.0023,0.143,216.94,3.0,#6ba7cb,-0.75
S2A_MSIL2A_20210711T185921_R013_T10UGU_20210712T052735,2021-07-11,2A,10UGU,0.1,17841,0.0,0.999,0.0,0.0,0.0421,0.0385,0.0364,0.0317,0.0325,0.0301,0.0305,0.131,217.11,3.0,#7aa5c3,0.25
S2B_MSIL2A_20210713T184919_R113_T10UGU_20210714T093839,2021-07-13,2B,10UGU,0.9,17841,0.0,0.999,0.0,0.0,0.0512,0.0507,0.0388,0.0243,0.0223,0.0153,0.0025,0.426,198.04,4.0,#91a3a6,-0.0481
S2B_MSIL2A_20210716T185919_R013_T10UGU_20210717T090127,2021-07-16,2B,10UGU,4.7,17841,0.0,0.987,0.0,0.011,0.0454,0.047,0.0399,0.032,0.0322,0.027,0.029,0.177,199.21,4.0,#72a9b1,0.0323
S2A_MSIL2A_20210718T184921_R113_T10UGU_20210719T065701,2021-07-18,2A,10UGU,0.0,17841,0.0,0.999,0.0,0.0,0.0177,0.0131,0.0083,0.0006,0.0001,0.0001,0.002,0.103,218.71,3.0,#5ba8d5,0.0
S2A_MSIL2A_20210721T185921_R013_T10UGU_20210722T075856,2021-07-21,2A,10UGU,3.3,17841,0.0,0.999,0.0,0.0,0.0303,0.0274,0.0248,0.0207,0.0197,0.0154,0.0243,0.217,230.83,1.0,#0087ff,0.0
S2B_MSIL2A_20210723T184919_R113_T10UGU_20210724T045503,2021-07-23,2B,10UGU,1.4,17841,0.0,0.999,0.0,0.0,0.0001,0.0009,0.0001,0.0001,0.0001,0.0001,0.0001,0.268,,,,
S2B_MSIL2A_20210726T185919_R013_T10UGU_20210727T041144,2021-07-26,2B,10UGU,2.9,17841,0.0,0.999,0.0,0.0,0.0328,0.0358,0.0243,0.0134,0.0105,0.004,0.0029,0.336,197.12,4.0,#83a6aa,-0.1602
S2A_MSIL2A_20210728T184921_R113_T10UGU_20210729T101106,2021-07-28,2A,10UGU,38.4,17841,0.0,0.0,0.0,1.0,,,,,,,,,,,,
S2A_MSIL2A_20210731T185921_R013_T10UGU_20210801T122413,2021-07-31,2A,10UGU,30.0,17841,0.0,0.0,0.0,1.0,,,,,,,,,,,,
S2B_MSIL2A_20210802T184919_R113_T10UGU_20210803T102025,2021-08-02,2B,10UGU,54.7,17841,0.0,0.0,0.0,1.0,,,,,,,,,,,,
S2B_MSIL2A_20210805T185919_R013_T10UGU_20210806T040406,2021-08-05,2B,10UGU,60.4,17841,0.0,0.0,0.0,1.0,,,,,,,,,,,,
S2B_MSIL2A_20210812T184919_R113_T10UGU_20210813T043443,2021-08-12,2B,10UGU,21.9,17841,0.0,0.999,0.0,0.0,0.1177,0.1133,0.0959,0.0729,0.0713,0.0601,0.013,0.194,194.67,4.0,#9ba1a1,-0.0135
S2A_MSIL2A_20210817T184921_R113_T10UGU_20210818T054512,2021-08-17,2A,10UGU,48.4,17841,0.0,0.087,0.011,0.901,,,,,,,,,,,,
S2B_MSIL2A_20210822T184919_R113_T10UGU_20210823T064056,2021-08-22,2B,10UGU,22.5,17841,0.0,0.668,0.0,0.327,0.0329,0.0322,0.0222,0.0125,0.0104,0.0074,0.0049,0.222,206.34,4.0,#7fa6b3,-0.1603
S2B_MSIL2A_20210825T185919_R013_T10UGU_20210826T051741,2021-08-25,2B,10UGU,6.4,17841,0.0,0.815,0.0,0.184,0.0804,0.0833,0.0734,0.0583,0.0585,0.0564,0.0207,0.148,177.78,5.0,#9ba29b,0.0027
S2A_MSIL2A_20210827T184921_R113_T10UGU_20210828T061343,2021-08-27,2A,10UGU,46.8,17841,0.0,0.0,0.0,1.0,,,,,,,,,,,,
S2A_MSIL2A_20210830T185921_R013_T10UGU_20210831T082113,2021-08-30,2A,10UGU,39.7,17841,0.0,0.999,0.0,0.0,0.0231,0.0213,0.0168,0.0083,0.0061,0.0029,0.0044,0.205,203.38,4.0,#80a6b1,-0.3929
S2B_MSIL2A_20210901T184919_R113_T10UGU_20210902T033801,2021-09-01,2B,10UGU,22.8,17841,0.0,0.999,0.0,0.0,0.0196,0.0202,0.0116,0.0033,0.0019,0.0001,0.0008,0.194,205.32,4.0,#69a9ba,-0.3889
S2A_MSIL2A_20210906T184921_R113_T10UGU_20210907T080555,2021-09-06,2A,10UGU,0.4,17841,0.0,0.999,0.0,0.0,0.0525,0.0433,0.0351,0.0213,0.0197,0.0146,0.0048,0.12,212.4,3.0,#90a2b0,-0.051
S2A_MSIL2A_20210909T185931_R013_T10UGU_20210910T075033,2021-09-09,2A,10UGU,65.6,17841,0.0,0.0,0.0,1.0,,,,,,,,,,,,
S2B_MSIL2A_20210911T184929_R113_T10UGU_20210912T061926,2021-09-11,2B,10UGU,8.1,17841,0.0,0.505,0.0,0.494,0.02,0.0224,0.0156,0.0087,0.0084,0.0073,0.0071,0.182,197.64,4.0,#65abb3,-0.1034
S2B_MSIL2A_20210914T185929_R013_T10UGU_20210915T085951,2021-09-14,2B,10UGU,35.4,17841,0.0,0.465,0.0,0.526,,,,,,,,,,,,
S2A_MSIL2A_20210916T185021_R113_T10UGU_20210917T081318,2021-09-16,2A,10UGU,0.9,17841,0.0,0.999,0.0,0.0,0.0324,0.0266,0.0233,0.0123,0.0112,0.0086,0.004,0.109,207.29,4.0,#8ea3ae,-0.071
S2A_MSIL2A_20210919T190051_R013_T10UGU_20210920T084045,2021-09-19,2A,10UGU,36.0,17841,0.0,0.346,0.0,0.628,,,,,,,,,,,,
S2B_MSIL2A_20210921T184959_R113_T10UGU_20210922T102608,2021-09-21,2B,10UGU,3.8,17841,0.0,0.986,0.0,0.014,0.008,0.0113,0.0065,0.0001,0.0001,0.0001,0.001,0.109,187.87,5.0,#4faeac,0.0
S2B_MSIL2A_20210924T190029_R013_T10UGU_20210925T151803,2021-09-24,2B,10UGU,2.8,17841,0.0,0.999,0.0,0.0,0.0043,0.0118,0.0078,0.0012,0.0001,0.0001,0.0021,0.103,152.06,6.0,#53b181,0.0
S2A_MSIL2A_20210926T185131_R113_T10UGU_20210927T084042,2021-09-26,2A,10UGU,58.5,17841,0.0,0.498,0.0,0.429,,,,,,,,,,,,
S2B_MSIL2A_20211001T185119_R113_T10UGU_20211002T142402,2021-10-01,2B,10UGU,0.5,17841,0.0,0.999,0.0,0.0,0.0025,0.0073,0.0034,0.0001,0.0001,0.0001,0.0012,0.143,168.35,5.0,#00b595,0.0
S2B_MSIL2A_20211004T190239_R013_T10UGU_20211005T053327,2021-10-04,2B,10UGU,62.7,17841,0.0,0.0,0.0,0.999,,,,,,,,,,,,
S2A_MSIL2A_20211006T185251_R113_T10UGU_20211007T060000,2021-10-06,2A,10UGU,3.8,17841,0.0,0.648,0.0,0.349,0.0125,0.008,0.0055,0.0001,0.0001,0.0001,0.0022,0.131,225.16,2.0,#5fa5e6,0.0
S2B_MSIL2A_20211011T185319_R113_T10UGU_20211012T041450,2021-10-11,2B,10UGU,4.7,17841,0.0,0.999,0.0,0.0,0.0023,0.0072,0.0024,0.0001,0.0001,0.0001,0.0003,0.12,177.79,5.0,#00b5a4,0.0
S2B_MSIL2A_20211014T190349_R013_T10UGU_20211015T065405,2021-10-14,2B,10UGU,16.7,17841,0.0,1.0,0.0,0.0,0.0025,0.0107,0.0061,0.0002,0.0001,0.0001,0.0026,0.126,147.5,6.0,#29b575,0.0
S2B_MSIL2A_20211110T185619_R113_T10UGU_20211111T060252,2021-11-10,2B,10UGU,25.8,17841,0.0,0.72,0.0,0.28,0.0001,0.0009,0.0002,0.0001,0.0001,0.0005,0.0083,0.194,,,,
S2A_MSIL2A_20220305T185251_R113_T10UGU_20240527T055244,2022-03-05,2A,10UGU,0.2,17841,0.0,0.999,0.0,0.0,0.0394,0.0291,0.0218,0.0131,0.0112,0.0101,0.0035,0.057,221.25,2.0,#8ca2be,-0.1098
S2A_MSIL2A_20220308T190231_R013_T10UGU_20220309T102326,2022-03-08,2A,10UGU,20.4,17841,0.0,0.0,0.0,1.0,,,,,,,,,,,,
S2B_MSIL2A_20220310T185109_R113_T10UGU_20240530T191807,2022-03-10,2B,10UGU,52.1,17841,0.0,0.981,0.0,0.019,0.0842,0.0814,0.0709,0.065,0.0668,0.0718,0.0421,0.057,209.73,4.0,#99a1a9,0.0378
S2B_MSIL2A_20220313T190059_R013_T10UGU_20220314T043805,2022-03-13,2B,10UGU,28.3,17841,0.001,0.996,0.0,0.003,0.0172,0.0192,0.0102,0.0041,0.0031,0.0026,0.0019,0.057,205.28,4.0,#60aabd,-0.2941
S2A_MSIL2A_20220315T185131_R113_T10UGU_20240523T085038,2022-03-15,2A,10UGU,22.3,17841,0.0,0.495,0.0,0.504,,,,,,,,,,,,
S2B_MSIL2A_20220320T184959_R113_T10UGU_20240601T170932,2022-03-20,2B,10UGU,15.1,17841,0.0,0.0,0.0,1.0,,,,,,,,,,,,
S2A_MSIL2A_20220328T190011_R013_T10UGU_20220329T094943,2022-03-28,2A,10UGU,51.6,17841,0.0,0.039,0.0,0.961,,,,,,,,,,,,
S2B_MSIL2A_20220330T184929_R113_T10UGU_20220331T045313,2022-03-30,2B,10UGU,18.2,17841,0.0,0.999,0.0,0.0,-0.0033,0.0004,-0.0048,-0.0071,-0.0086,-0.0074,0.0021,0.211,,,,
S2B_MSIL2A_20220402T185929_R013_T10UGU_20240604T020545,2022-04-02,2B,10UGU,10.8,17841,0.0,0.97,0.0,0.029,0.0064,0.0118,0.0063,0.0029,0.0025,0.0026,0.0101,0.188,,,,
S2A_MSIL2A_20220404T184921_R113_T10UGU_20240523T191205,2022-04-04,2A,10UGU,42.3,17841,0.0,0.0,0.0,1.0,,,,,,,,,,,,
S2B_MSIL2A_20220409T184919_R113_T10UGU_20240607T213319,2022-04-09,2B,10UGU,60.4,17841,0.0,0.04,0.0,0.96,,,,,,,,,,,,
S2A_MSIL2A_20220417T185921_R013_T10UGU_20240609T032637,2022-04-17,2A,10UGU,27.7,17841,0.0,0.988,0.0,0.011,0.0277,0.0222,0.0154,0.0075,0.0064,0.0057,0.0043,0.074,217.26,3.0,#76a5c6,-0.2075
S2B_MSIL2A_20220419T184909_R113_T10UGU_20220420T072655,2022-04-19,2B,10UGU,28.3,17841,0.0,0.987,0.0,0.012,0.0276,0.0256,0.0158,0.0078,0.0062,0.0059,0.0031,0.057,212.21,3.0,#75a7bf,-0.2051
S2B_MSIL2A_20220422T185909_R013_T10UGU_20240608T023346,2022-04-22,2B,10UGU,19.8,17841,0.0,0.015,0.0,0.985,,,,,,,,,,,,
S2A_MSIL2A_20220424T184921_R113_T10UGU_20240610T063222,2022-04-24,2A,10UGU,36.1,17841,0.0,0.0,0.0,1.0,,,,,,,,,,,,
S2A_MSIL2A_20220427T185921_R013_T10UGU_20240610T093648,2022-04-27,2A,10UGU,39.1,17841,0.0,0.228,0.0,0.772,,,,,,,,,,,,
S2B_MSIL2A_20220429T184909_R113_T10UGU_20220430T155232,2022-04-29,2B,10UGU,43.1,17841,0.0,0.0,0.0,0.997,,,,,,,,,,,,
S2A_MSIL2A_20220504T184921_R113_T10UGU_20220505T141112,2022-05-04,2A,10UGU,38.1,17841,0.0,0.992,0.0,0.005,0.0876,0.0795,0.0768,0.0699,0.0776,0.0876,0.0509,0.143,215.02,3.0,#9f9fa7,0.1685
S2A_MSIL2A_20220507T185921_R013_T10UGU_20220508T212808,2022-05-07,2A,10UGU,64.8,17841,0.0,0.765,0.0,0.234,0.0282,0.0276,0.0274,0.026,0.0258,0.0258,0.0289,0.256,,,,
S2B_MSIL2A_20220519T184919_R113_T10UGU_20220521T090932,2022-05-19,2B,10UGU,43.5,17841,0.0,0.984,0.0,0.014,0.0312,0.0295,0.0211,0.0133,0.012,0.0121,0.0095,0.051,210.89,3.0,#73a7bd,-0.2063
S2B_MSIL2A_20220522T185919_R013_T10UGU_20220523T190657,2022-05-22,2B,10UGU,18.5,17841,0.0,0.998,0.0,0.0,0.0118,0.0144,0.0062,-0.0011,-0.0027,-0.0035,0.001,0.154,204.67,4.0,#28afc5,0.0
S2A_MSIL2A_20220606T185921_R013_T10UGU_20220607T075816,2022-06-06,2A,10UGU,25.4,17841,0.0,0.997,0.0,0.0,0.0318,0.0279,0.0234,0.0152,0.0141,0.0106,0.0159,0.143,214.55,3.0,#61a9ca,0.0
S2B_MSIL2A_20220611T185919_R013_T10UGU_20220612T153755,2022-06-11,2B,10UGU,23.3,17841,0.0,0.898,0.0,0.101,0.0294,0.0306,0.0246,0.0174,0.0169,0.0142,0.0176,0.12,201.49,4.0,#52acbb,0.0
S2B_MSIL2A_20220621T185919_R013_T10UGU_20220622T094205,2022-06-21,2B,10UGU,35.9,17841,0.0,0.135,0.0,0.865,,,,,,,,,,,,
S2A_MSIL2A_20220623T184931_R113_T10UGU_20220624T084614,2022-06-23,2A,10UGU,1.4,17841,0.0,0.998,0.0,0.0,0.0187,0.0141,0.0099,0.0024,0.0019,0.0015,0.0025,0.074,216.22,3.0,#62a8cd,0.0
S2A_MSIL2A_20220626T185931_R013_T10UGU_20220627T084512,2022-06-26,2A,10UGU,0.0,17841,0.0,0.998,0.0,0.0,0.032,0.0281,0.0245,0.018,0.0179,0.0154,0.0179,0.086,215.55,3.0,#63a8cb,0.0
S2B_MSIL2A_20220628T184919_R113_T10UGU_20220629T111105,2022-06-28,2B,10UGU,30.3,17841,0.0,0.999,0.0,0.0,0.0184,0.0195,0.0114,0.0036,0.0021,0.0017,0.0048,0.131,207.1,4.0,#40adc6,0.0
S2B_MSIL2A_20220701T185919_R013_T10UGU_20220702T072935,2022-07-01,2B,10UGU,11.1,17841,0.0,0.998,0.0,0.0,0.0213,0.0233,0.0148,0.0061,0.0057,0.0046,0.003,0.114,200.13,4.0,#6ea9b3,-0.069
S2B_MSIL2A_20220711T185919_R013_T10UGU_20220713T105340,2022-07-11,2B,10UGU,0.0,17841,0.0,0.999,0.0,0.0,0.011,0.0141,0.0075,0.0003,-0.0003,-0.001,0.0014,0.086,196.47,4.0,#45aeb7,0.0
S2A_MSIL2A_20220713T184931_R113_T10UGU_20220714T181423,2022-07-13,2A,10UGU,28.0,17841,0.0,0.23,0.0,0.769,,,,,,,,,,,,
S2A_MSIL2A_20220716T185931_R013_T10UGU_20220717T104525,2022-07-16,2A,10UGU,0.1,17841,0.0,0.997,0.0,0.0,0.0396,0.036,0.0337,0.0274,0.0281,0.0256,0.0247,0.114,211.48,3.0,#84a4b7,0.1148
S2B_MSIL2A_20220718T184919_R113_T10UGU_20240713T115127,2022-07-18,2B,10UGU,4.1,17841,0.0,0.999,0.0,0.0,0.0207,0.022,0.0155,0.0078,0.0067,0.006,0.0079,0.126,201.46,4.0,#52acbb,0.0
S2B_MSIL2A_20220721T185919_R013_T10UGU_20220723T231840,2022-07-21,2B,10UGU,4.4,17841,0.0,0.998,0.0,0.0,0.0109,0.0144,0.0079,0.0008,0.0003,-0.0001,0.0018,0.086,194.14,4.0,#46aeb4,0.0
S2A_MSIL2A_20220723T184931_R113_T10UGU_20220725T203426,2022-07-23,2A,10UGU,49.9,17841,0.0,0.376,0.0,0.623,,,,,,,,,,,,
S2A_MSIL2A_20220726T185931_R013_T10UGU_20220728T080515,2022-07-26,2A,10UGU,0.0,17841,0.0,0.998,0.0,0.0,0.019,0.0163,0.0119,0.0045,0.0035,0.0025,0.0029,0.097,210.05,3.0,#72a7bd,-0.4545
S2B_MSIL2A_20220728T184919_R113_T10UGU_20220730T010427,2022-07-28,2B,10UGU,0.0,17841,0.0,0.998,0.0,0.0,0.0239,0.0232,0.0146,0.0063,0.0057,0.0045,0.0026,0.103,208.12,4.0,#72a8ba,-0.0882
S2B_MSIL2A_20220731T185919_R013_T10UGU_20220801T150116,2022-07-31,2B,10UGU,1.6,17841,0.0,0.999,0.0,0.0,0.0127,0.0157,0.0087,0.0019,0.0013,0.0011,0.0021,0.08,197.54,4.0,#46aeb8,0.0
S2A_MSIL2A_20220802T184931_R113_T10UGU_20220803T110126,2022-08-02,2A,10UGU,1.6,17841,0.0,0.999,0.0,0.0,0.0197,0.0147,0.0105,0.0034,0.0028,0.0024,0.003,0.086,217.38,3.0,#67a7cd,-0.6
S2B_MSIL2A_20220807T184919_R113_T10UGU_20240718T101433,2022-08-07,2B,10UGU,0.0,17841,0.0,0.999,0.0,0.0,0.0255,0.024,0.0149,0.0062,0.0051,0.0036,0.0022,0.097,209.89,4.0,#73a7bc,-0.1594
S2B_MSIL2A_20220810T185919_R013_T10UGU_20240715T055723,2022-08-10,2B,10UGU,55.4,17841,0.0,0.291,0.0,0.688,,,,,,,,,,,,
S2A_MSIL2A_20220812T184931_R113_T10UGU_20220813T060239,2022-08-12,2A,10UGU,8.9,17841,0.0,0.975,0.0,0.01,0.0282,0.0215,0.0163,0.008,0.0076,0.0072,0.0077,0.143,219.1,3.0,#64a7d2,-0.5
S2A_MSIL2A_20220815T185931_R013_T10UGU_20220816T080238,2022-08-15,2A,10UGU,0.2,17841,0.0,0.998,0.0,0.0,0.0127,0.0114,0.0076,0.0014,0.0003,-0.0004,0.0016,0.097,208.12,4.0,#5eaac1,0.0
S2B_MSIL2A_20220817T184919_R113_T10UGU_20240702T143939,2022-08-17,2B,10UGU,0.0,17841,0.0,0.999,0.0,0.0,0.0187,0.0182,0.0102,0.0029,0.0019,0.0009,0.0023,0.103,209.84,4.0,#53abc6,-0.7143
S2A_MSIL2A_20220822T184931_R113_T10UGU_20240719T135253,2022-08-22,2A,10UGU,20.3,17841,0.0,0.2,0.0,0.8,,,,,,,,,,,,
S2A_MSIL2A_20220825T185931_R013_T10UGU_20220826T132429,2022-08-25,2A,10UGU,9.1,17841,0.0,0.999,0.0,0.0,0.0199,0.0171,0.0124,0.0047,0.0033,0.001,0.0019,0.177,209.48,4.0,#7aa6b9,-0.3333
S2B_MSIL2A_20220827T184919_R113_T10UGU_20220829T065239,2022-08-27,2B,10UGU,58.5,17841,0.0,0.993,0.0,0.007,0.0267,0.0251,0.0156,0.0072,0.0053,0.0047,0.0035,0.057,211.01,3.0,#70a7bf,-0.3455
S2B_MSIL2A_20220830T185919_R013_T10UGU_20240703T165033,2022-08-30,2B,10UGU,26.7,17841,0.0,0.779,0.0,0.221,0.0138,0.0184,0.0124,0.0064,0.0062,0.0062,0.0057,0.103,185.34,5.0,#57aea9,-0.1667
S2A_MSIL2A_20220901T184931_R113_T10UGU_20220902T110502,2022-09-01,2A,10UGU,0.0,17841,0.0,0.998,0.0,0.0,0.0347,0.0269,0.0207,0.0114,0.0106,0.0079,0.0035,0.199,217.23,3.0,#89a3ba,-0.0533
S2A_MSIL2A_20220904T185931_R013_T10UGU_20220905T071039,2022-09-04,2A,10UGU,0.0,17841,0.0,0.999,0.0,0.0,0.0198,0.0182,0.0145,0.0083,0.007,0.0055,0.0052,0.114,205.79,4.0,#80a6b3,-0.2653
S2B_MSIL2A_20220906T184919_R113_T10UGU_20220907T133800,2022-09-06,2B,10UGU,0.0,17841,0.0,0.998,0.0,0.0,0.0152,0.0155,0.008,0.0018,0.0005,-0.0003,0.0015,0.103,208.89,4.0,#48acc7,-0.5
S2B_MSIL2A_20220909T185929_R013_T10UGU_20220910T200740,2022-09-09,2B,10UGU,0.0,17841,0.0,0.999,0.0,0.0,0.0174,0.0209,0.0129,0.006,0.005,0.0031,0.0034,0.109,196.04,4.0,#6aaab0,-0.2381
S2A_MSIL2A_20220914T190021_R013_T10UGU_20220915T202806,2022-09-14,2A,10UGU,69.7,17841,0.0,0.998,0.0,0.0,0.0991,0.0863,0.0769,0.0602,0.0641,0.0562,0.0179,0.307,208.2,4.0,#9ca0a6,0.0441
S2B_MSIL2A_20220916T185019_R113_T10UGU_20220917T115715,2022-09-16,2B,10UGU,62.5,17841,0.0,0.518,0.0,0.477,0.0452,0.0454,0.0341,0.0259,0.0189,0.0234,0.0167,0.12,206.95,4.0,#82a5b3,-0.614
S2B_MSIL2A_20220919T190049_R013_T10UGU_20220920T102522,2022-09-19,2B,10UGU,0.0,17841,0.0,0.999,0.0,0.0,0.0297,0.033,0.0242,0.0155,0.0144,0.0128,0.0052,0.12,191.72,4.0,#89a5a5,-0.0564
S2A_MSIL2A_20220921T185101_R113_T10UGU_20220922T113037,2022-09-21,2A,10UGU,5.3,17841,0.0,0.995,0.0,0.005,0.012,0.0085,0.0062,0.001,0.0006,0.0007,0.0029,0.114,222.58,2.0,#61a6dc,0.0
S2A_MSIL2A_20220924T190131_R013_T10UGU_20240731T064912,2022-09-24,2A,10UGU,0.5,17841,0.0,0.999,0.0,0.0,0.0066,0.0076,0.0055,0.0009,-0.0004,-0.0009,0.0012,0.097,188.48,5.0,#63acab,0.0
S2B_MSIL2A_20220926T185129_R113_T10UGU_20220927T131500,2022-09-26,2B,10UGU,17.8,17841,0.0,0.999,0.0,0.0,0.0172,0.0182,0.0105,0.0046,0.0031,0.002,0.0019,0.165,205.99,4.0,#6ba9ba,-0.3846
S2A_MSIL2A_20221001T185211_R113_T10UGU_20221002T110411,2022-10-01,2A,10UGU,0.0,17841,0.0,0.999,0.0,0.0,0.0189,0.0136,0.0105,0.0045,0.0037,0.0029,0.0031,0.137,219.26,3.0,#77a5c9,-0.4
S2A_MSIL2A_20221004T190241_R013_T10UGU_20240723T035055,2022-10-04,2A,10UGU,9.1,17841,0.0,0.0,0.0,1.0,,,,,,,,,,,,
S2B_MSIL2A_20221006T185239_R113_T10UGU_20221007T120343,2022-10-06,2B,10UGU,10.8,17841,0.0,0.557,0.0,0.443,0.0213,0.022,0.012,0.0047,0.0019,-0.0003,0.0031,0.222,208.9,4.0,#58abc4,-0.8824
S2A_MSIL2A_20221011T185321_R113_T10UGU_20221012T090506,2022-10-11,2A,10UGU,0.1,17841,0.0,0.999,0.0,0.0,0.0321,0.025,0.0196,0.0108,0.0093,0.0059,0.0026,0.126,216.18,3.0,#8ca3b7,-0.1007
S2A_MSIL2A_20221014T190341_R013_T10UGU_20240725T042412,2022-10-14,2A,10UGU,23.9,17841,0.0,0.999,0.0,0.0,0.0441,0.0424,0.0369,0.026,0.023,0.0171,0.0038,0.211,189.1,5.0,#9aa19f,-0.0725
S2B_MSIL2A_20221016T185349_R113_T10UGU_20221017T070127,2022-10-16,2B,10UGU,0.0,17841,0.0,0.999,0.0,0.0,0.01,0.0132,0.0062,0.0012,-0.0009,-0.0012,0.0007,0.12,198.64,4.0,#45aeba,-0.6667
S2B_MSIL2A_20221019T190419_R013_T10UGU_20221020T065806,2022-10-19,2B,10UGU,6.8,17841,0.0,0.952,0.0,0.047,0.0533,0.0561,0.0436,0.0315,0.0289,0.0247,0.008,0.148,192.35,4.0,#93a3a3,-0.0586
S2B_MSIL2A_20221026T185449_R113_T10UGU_20221027T065927,2022-10-26,2B,10UGU,39.3,17841,0.0,0.0,0.0,1.0,,,,,,,,,,,,
S2B_MSIL2A_20221029T190519_R013_T10UGU_20221030T042239,2022-10-29,2B,10UGU,25.0,17841,0.0,0.263,0.0,0.736,,,,,,,,,,,,
S2B_MSIL2A_20221105T185549_R113_T10UGU_20221106T202149,2022-11-05,2B,10UGU,16.8,17841,0.0,0.0,0.0,1.0,,,,,,,,,,,,
S2A_MSIL2A_20221110T185621_R113_T10UGU_20221111T032214,2022-11-10,2A,10UGU,9.0,17841,0.0,0.0,0.0,1.0,,,,,,,,,,,,
S2A_MSIL2A_20221113T190641_R013_T10UGU_20221114T063344,2022-11-13,2A,10UGU,13.8,17841,0.0,0.002,0.0,0.998,,,,,,,,,,,,
S2B_MSIL2A_20221115T185639_R113_T10UGU_20221116T124443,2022-11-15,2B,10UGU,53.9,17841,0.0,0.0,0.0,1.0,,,,,,,,,,,,
S2B_MSIL2A_20221118T190659_R013_T10UGU_20221119T081003,2022-11-18,2B,10UGU,2.0,17841,0.0,0.0,0.0,1.0,,,,,,,,,,,,
S2A_MSIL2A_20221120T185701_R113_T10UGU_20221121T051311,2022-11-20,2A,10UGU,65.7,17841,0.0,0.0,0.0,1.0,,,,,,,,,,,,
S2A_MSIL2A_20221123T190721_R013_T10UGU_20221124T043520,2022-11-23,2A,10UGU,38.3,17841,0.0,0.0,0.0,1.0,,,,,,,,,,,,
S2A_MSIL2A_20221130T185741_R113_T10UGU_20221202T230657,2022-11-30,2A,10UGU,64.6,17841,0.0,0.083,0.0,0.917,,,,,,,,,,,,
S2A_MSIL2A_20230303T190301_R013_T10UGU_20230304T022029,2023-03-03,2A,10UGU,28.4,17841,0.0,0.726,0.0,0.274,0.0606,0.0507,0.0412,0.0308,0.029,0.0266,0.0098,0.074,216.4,3.0,#95a1b0,-0.0448
S2B_MSIL2A_20230315T185139_R113_T10UGU_20240823T023448,2023-03-15,2B,10UGU,1.7,17841,0.0,0.967,0.0,0.032,0.0558,0.0445,0.0284,0.017,0.015,0.0115,0.0041,0.12,220.14,3.0,#83a3c3,-0.084
S2B_MSIL2A_20230318T190119_R013_T10UGU_20240831T022430,2023-03-18,2B,10UGU,4.6,17841,0.0,0.682,0.0,0.317,0.0604,0.0545,0.0392,0.0266,0.0244,0.0206,0.0095,0.109,213.09,3.0,#8aa3b5,-0.0688
S2B_MSIL2A_20230328T190009_R013_T10UGU_20240830T034345,2023-03-28,2B,10UGU,46.0,17841,0.0,0.0,0.0,1.0,,,,,,,,,,,,
S2A_MSIL2A_20230330T184951_R113_T10UGU_20240830T171009,2023-03-30,2A,10UGU,16.5,17841,0.0,0.582,0.0,0.418,0.0401,0.0285,0.0216,0.0128,0.0127,0.0102,0.0058,0.08,223.15,2.0,#86a2c6,-0.0072
S2B_MSIL2A_20230404T184919_R113_T10UGU_20240826T072637,2023-04-04,2B,10UGU,24.2,17841,0.0,0.999,0.0,0.0,0.0365,0.0313,0.0185,0.0097,0.0071,0.006,0.0026,0.057,217.06,3.0,#79a5c4,-0.2241
S2A_MSIL2A_20230412T185921_R013_T10UGU_20240828T221231,2023-04-12,2A,10UGU,39.8,17841,0.0,0.407,0.0,0.592,,,,,,,,,,,,
S2B_MSIL2A_20230414T184919_R113_T10UGU_20240825T231018,2023-04-14,2B,10UGU,39.5,17841,0.0,0.999,0.0,0.0,0.0297,0.0279,0.0181,0.0111,0.01,0.0099,0.0075,0.137,213.6,3.0,#6da7c4,-0.1803
S2B_MSIL2A_20230417T185919_R013_T10UGU_20230418T022633,2023-04-17,2B,10UGU,4.7,17841,0.0,0.015,0.0,0.984,,,,,,,,,,,,
S2A_MSIL2A_20230419T184921_R113_T10UGU_20240831T111249,2023-04-19,2A,10UGU,54.5,17841,0.0,0.993,0.0,0.006,0.0451,0.0329,0.0253,0.017,0.0168,0.0158,0.0139,0.234,224.96,2.0,#75a3d8,-0.0333
S2A_MSIL2A_20230422T185921_R013_T10UGU_20230424T073045,2023-04-22,2A,10UGU,51.9,17841,0.0,0.019,0.0,0.981,,,,,,,,,,,,
S2A_MSIL2A_20230429T184921_R113_T10UGU_20240902T091258,2023-04-29,2A,10UGU,10.0,17841,0.0,0.999,0.0,0.0,0.0007,-0.0027,-0.0044,-0.0072,-0.0085,-0.0082,0.0033,0.285,,,,
S2A_MSIL2A_20230502T185921_R013_T10UGU_20230503T095408,2023-05-02,2A,10UGU,0.0,17841,0.0,0.998,0.0,0.0,0.0124,0.0121,0.0101,0.0048,0.0036,0.0048,0.0095,0.228,221.02,2.0,#00acf1,0.0
S2B_MSIL2A_20230504T184919_R113_T10UGU_20230505T010628,2023-05-04,2B,10UGU,45.0,17841,0.0,0.0,0.0,1.0,,,,,,,,,,,,
S2A_MSIL2A_20230509T184921_R113_T10UGU_20230510T025647,2023-05-09,2A,10UGU,43.6,17841,0.0,0.911,0.0,0.087,0.0345,0.0288,0.0216,0.0089,0.0064,0.0059,0.0104,0.165,214.59,3.0,#5ea9cb,0.0
S2A_MSIL2A_20230512T185921_R013_T10UGU_20230513T032020,2023-05-12,2A,10UGU,12.9,17841,0.0,0.903,0.0,0.095,0.019,0.0187,0.0149,0.006,0.0055,0.007,0.0126,0.165,214.72,3.0,#2eacd7,0.0
S2B_MSIL2A_20230514T184919_R113_T10UGU_20230515T030749,2023-05-14,2B,10UGU,0.0,17841,0.0,0.998,0.0,0.0,0.0217,0.0229,0.0144,0.0036,0.0023,0.0014,0.0023,0.114,201.07,4.0,#62abb7,-0.8571
S2B_MSIL2A_20230517T185919_R013_T10UGU_20241012T002438,2023-05-17,2B,10UGU,2.0,17841,0.0,0.992,0.0,0.006,0.0455,0.0554,0.0497,0.0338,0.0392,0.0349,0.0079,0.601,148.54,6.0,#98a391,0.0944
S2A_MSIL2A_20230519T184921_R113_T10UGU_20230520T014933,2023-05-19,2A,10UGU,2.6,17841,0.0,0.998,0.0,0.0,0.0269,0.0225,0.0187,0.007,0.0066,0.0045,0.0036,0.188,205.82,4.0,#7ea6b3,-0.0625
S2B_MSIL2A_20230524T184919_R113_T10UGU_20240907T195024,2023-05-24,2B,10UGU,69.4,17841,0.0,0.0,0.0,1.0,,,,,,,,,,,,
S2B_MSIL2A_20230527T185919_R013_T10UGU_20240907T180909,2023-05-27,2B,10UGU,53.1,17841,0.0,0.789,0.0,0.208,0.0424,0.0416,0.03,0.0136,0.0115,0.0071,0.0036,0.205,201.36,4.0,#81a6af,-0.1173
S2A_MSIL2A_20230529T184921_R113_T10UGU_20240912T002230,2023-05-29,2A,10UGU,0.8,17841,0.0,0.984,0.0,0.0,0.0246,0.0209,0.0196,0.0098,0.0102,0.0121,0.0081,0.131,202.15,4.0,#7fa6b0,0.1053
S2A_MSIL2A_20230601T185921_R013_T10UGU_20230602T014824,2023-06-01,2A,10UGU,6.4,17841,0.0,0.998,0.0,0.0,0.0299,0.0274,0.0251,0.0155,0.0154,0.0157,0.0117,0.12,198.27,4.0,#85a5ab,-0.0133
S2B_MSIL2A_20230603T184919_R113_T10UGU_20241010T044020,2023-06-03,2B,10UGU,0.0,17841,0.0,0.999,0.0,0.0,0.0263,0.027,0.0195,0.009,0.0086,0.0091,0.0066,0.097,200.25,4.0,#6ea9b3,-0.0909
S2B_MSIL2A_20230606T185919_R013_T10UGU_20230607T005056,2023-06-06,2B,10UGU,0.0,17841,0.0,0.998,0.0,0.0,0.0401,0.0426,0.0382,0.0297,0.02995,0.0285,0.0277,0.08,185.46,5.0,#74aaa5,0.0588
S2A_MSIL2A_20230611T185921_R013_T10UGU_20240909T161621,2023-06-11,2A,10UGU,54.2,17841,0.0,0.999,0.0,0.0,0.0336,0.0285,0.022,0.0119,0.0098,0.008,0.0092,0.126,213.34,3.0,#74a7c1,-0.6364
S2A_MSIL2A_20230618T184921_R113_T10UGU_20230619T034031,2023-06-18,2A,10UGU,63.0,17841,0.0,0.0,0.0,1.0,,,,,,,,,,,,
S2B_MSIL2A_20230623T184919_R113_T10UGU_20230624T022756,2023-06-23,2B,10UGU,10.0,17841,0.0,0.999,0.0,0.0,0.0243,0.0236,0.0144,0.0056,0.0045,0.0038,0.0021,0.12,208.31,4.0,#6fa8bc,-0.1864
S2B_MSIL2A_20230626T185919_R013_T10UGU_20230627T004405,2023-06-26,2B,10UGU,17.1,17841,0.0,0.998,0.0,0.0,0.0251,0.0259,0.0167,0.007,0.006,0.0047,0.0025,0.143,202.98,4.0,#75a8b4,-0.125
S2A_MSIL2A_20230628T184921_R113_T10UGU_20230629T082423,2023-06-28,2A,10UGU,10.3,17841,0.0,0.998,0.0,0.0,0.0247,0.0189,0.0142,0.0057,0.0052,0.0039,0.003,0.165,215.9,3.0,#7aa5c2,-0.102
S2A_MSIL2A_20230701T185921_R013_T10UGU_20230702T022948,2023-07-01,2A,10UGU,0.0,17841,0.0,0.998,0.0,0.0,0.0391,0.0349,0.032,0.0275,0.0278,0.0248,0.0266,0.074,220.36,3.0,#71a5ce,0.1429
S2B_MSIL2A_20230703T184919_R113_T10UGU_20241015T011616,2023-07-03,2B,10UGU,22.3,17841,0.0,0.999,0.0,0.0,0.0247,0.0246,0.0164,0.0077,0.0066,0.0068,0.0037,0.126,205.23,4.0,#75a8b6,-0.1594
S2B_MSIL2A_20230706T185919_R013_T10UGU_20230707T001721,2023-07-06,2B,10UGU,20.6,17841,0.0,0.998,0.0,0.0,0.0291,0.0302,0.0212,0.0115,0.0113,0.0099,0.0051,0.199,200.77,4.0,#7da7af,-0.0159
S2A_MSIL2A_20230708T184921_R113_T10UGU_20241014T134017,2023-07-08,2A,10UGU,1.5,17841,0.0,0.993,0.0,0.0,0.0335,0.0274,0.0232,0.0144,0.0149,0.015,0.0074,0.154,213.7,3.0,#8ba3b5,0.0345
S2A_MSIL2A_20230711T185921_R013_T10UGU_20230712T022049,2023-07-11,2A,10UGU,4.0,17841,0.0,0.998,0.0,0.0,0.0098,0.0081,0.0055,0.0004,-0.0007,-0.0015,0.0032,0.239,219.88,3.0,#4ea9dc,0.0
S2B_MSIL2A_20230713T184939_R113_T10UGU_20241016T032119,2023-07-13,2B,10UGU,15.8,17841,0.0,0.998,0.0,0.0,0.0174,0.0169,0.0082,0.0015,0.0001,-0.0006,0.0014,0.131,211.83,3.0,#3facce,-0.0
S2A_MSIL2A_20230718T184921_R113_T10UGU_20241014T064349,2023-07-18,2A,10UGU,0.2,17841,0.0,0.997,0.0,0.0,0.0157,0.0104,0.006,0.0005,-0.0001,-0.0003,0.0018,0.086,224.17,2.0,#52a6e8,0.0
S2A_MSIL2A_20230721T185921_R013_T10UGU_20240911T103205,2023-07-21,2A,10UGU,39.8,17841,0.0,0.967,0.0,0.0,0.0194,0.016,0.012,0.0065,0.0055,0.0043,0.0071,0.143,218.43,3.0,#59a8d5,0.0
S2B_MSIL2A_20230723T184929_R113_T10UGU_20230724T001728,2023-07-23,2B,10UGU,0.0,17841,0.0,0.998,0.0,0.0,0.0186,0.0181,0.01,0.0034,0.0028,0.0028,0.002,0.08,210.65,3.0,#5daac5,-0.2727
S2B_MSIL2A_20230726T185919_R013_T10UGU_20241010T041620,2023-07-26,2B,10UGU,8.7,17841,0.0,0.999,0.0,0.0,0.02,0.0221,0.0158,0.0107,0.0108,0.0094,0.0114,0.109,203.33,4.0,#33aec2,0.0
S2A_MSIL2A_20230728T184921_R113_T10UGU_20240911T130101,2023-07-28,2A,10UGU,5.3,17841,0.0,0.997,0.0,0.0,0.0243,0.0176,0.0125,0.0054,0.0047,0.0041,0.0037,0.148,220.48,3.0,#71a5cf,-0.2593
S2A_MSIL2A_20230731T185921_R013_T10UGU_20241014T064508,2023-07-31,2A,10UGU,0.3,17841,0.0,0.999,0.0,0.0,0.0271,0.0238,0.0196,0.0128,0.0115,0.0105,0.0081,0.131,210.87,3.0,#86a4b5,-0.1605
S2B_MSIL2A_20230802T184919_R113_T10UGU_20241016T215804,2023-08-02,2B,10UGU,0.0,17841,0.0,0.999,0.0,0.0,0.0168,0.0166,0.008,0.0015,0.0001,-0.0003,0.0016,0.12,211.63,3.0,#3bacce,0.0
S2A_MSIL2A_20230810T185921_R013_T10UGU_20241026T031807,2023-08-10,2A,10UGU,17.1,17841,0.0,0.999,0.0,0.0,0.0199,0.0178,0.0155,0.0119,0.011,0.0085,0.014,0.131,225.01,2.0,#42a7f1,0.0
S2B_MSIL2A_20230812T184919_R113_T10UGU_20241018T051857,2023-08-12,2B,10UGU,7.2,17841,0.0,0.504,0.0,0.493,0.0194,0.0213,0.0156,0.0112,0.0126,0.0155,0.0177,0.182,,,,
S2B_MSIL2A_20230815T185919_R013_T10UGU_20240821T102907,2023-08-15,2B,10UGU,0.0,17841,0.0,0.998,0.0,0.0,0.0294,0.0303,0.0205,0.0106,0.009,0.0046,0.0022,0.188,201.5,4.0,#82a6ae,-0.1053
S2A_MSIL2A_20230817T184921_R113_T10UGU_20230818T021910,2023-08-17,2A,10UGU,64.7,17841,0.0,0.0,0.0,1.0,,,,,,,,,,,,
S2A_MSIL2A_20230820T185921_R013_T10UGU_20230821T034955,2023-08-20,2A,10UGU,11.3,17841,0.0,0.028,0.074,0.898,,,,,,,,,,,,
S2B_MSIL2A_20230822T184919_R113_T10UGU_20230823T203053,2023-08-22,2B,10UGU,43.6,17841,0.0,0.998,0.0,0.0,0.0618,0.0514,0.0377,0.0245,0.0304,0.0159,0.0075,0.307,216.93,3.0,#8ca2b8,0.1479
S2A_MSIL2A_20230827T184921_R113_T10UGU_20241024T140931,2023-08-27,2A,10UGU,0.3,17841,0.0,0.999,0.0,0.0,0.0383,0.0315,0.0277,0.0177,0.0172,0.0133,0.0048,0.245,209.91,4.0,#95a1ab,-0.0198
S2B_MSIL2A_20230901T184919_R113_T10UGU_20240916T094832,2023-09-01,2B,10UGU,13.8,17841,0.0,0.997,0.0,0.0,0.0154,0.016,0.0087,0.0017,0.0009,-0.0006,0.0013,0.194,206.22,4.0,#51acc2,-0.6
S2B_MSIL2A_20230904T185919_R013_T10UGU_20241013T034102,2023-09-04,2B,10UGU,39.5,17841,0.0,0.026,0.0,0.764,,,,,,,,,,,,
S2A_MSIL2A_20230906T184921_R113_T10UGU_20241024T135951,2023-09-06,2A,10UGU,17.4,17841,0.0,0.998,0.0,0.0,0.0135,0.0092,0.006,-0.0002,-0.0015,-0.0019,0.0013,0.143,220.9,3.0,#60a7d8,0.0
S2A_MSIL2A_20230909T185941_R013_T10UGU_20241104T170811,2023-09-09,2A,10UGU,0.5,17841,0.0,0.999,0.0,0.0,0.0092,0.0098,0.0078,0.0031,0.0018,0.0024,0.0047,0.126,195.47,4.0,#5dacb3,0.0
S2B_MSIL2A_20230914T190019_R013_T10UGU_20241024T011208,2023-09-14,2B,10UGU,0.0,17841,0.0,0.998,0.0,0.0,0.0066,0.0123,0.0066,0.0012,0.0004,0.0005,0.0031,0.114,178.53,5.0,#13b3a4,0.0
S2A_MSIL2A_20230916T185021_R113_T10UGU_20230917T023743,2023-09-16,2A,10UGU,0.0,17841,0.0,0.999,0.0,0.0,0.02,0.0152,0.0115,0.0048,0.0036,0.0031,0.0033,0.16,216.79,3.0,#75a6c6,-0.6667
S2A_MSIL2A_20230919T190051_R013_T10UGU_20241105T130020,2023-09-19,2A,10UGU,23.4,17841,0.0,0.999,0.0,0.0,0.0453,0.0394,0.0321,0.02,0.0171,0.0123,0.0039,0.239,207.64,4.0,#92a2ac,-0.099
S2B_MSIL2A_20230921T185009_R113_T10UGU_20241106T015103,2023-09-21,2B,10UGU,0.1,17841,0.0,0.999,0.0,0.0,0.0105,0.0129,0.0065,0.0011,-0.0003,0.0,0.0013,0.154,200.62,4.0,#3eaebd,0.0
S2A_MSIL2A_20230929T190201_R013_T10UGU_20241031T230941,2023-09-29,2A,10UGU,18.2,17841,0.0,0.999,0.0,0.0,-0.0046,-0.0009,-0.0006,-0.0031,-0.0042,-0.0035,0.0012,0.182,,,,
S2B_MSIL2A_20231001T185119_R113_T10UGU_20231002T001857,2023-10-01,2B,10UGU,0.7,17841,0.0,0.999,0.0,0.0,0.0049,0.0084,0.0029,-0.0012,-0.0028,-0.0019,0.0007,0.126,196.52,4.0,#00b3bf,0.0
S2B_MSIL2A_20231004T190229_R013_T10UGU_20231005T021652,2023-10-04,2B,10UGU,68.5,17841,0.0,0.0,0.0,1.0,,,,,,,,,,,,
S2A_MSIL2A_20231006T185241_R113_T10UGU_20231007T022434,2023-10-06,2A,10UGU,0.3,17841,0.0,0.999,0.0,0.0,0.0079,0.0045,0.0031,-0.0019,-0.0028,-0.0029,0.001,0.114,227.13,2.0,#66a3ea,0.0
S2A_MSIL2A_20231019T190411_R013_T10UGU_20231022T144826,2023-10-19,2A,10UGU,0.0,17841,0.001,0.998,0.0,0.0,-0.0039,-0.0002,-0.0005,-0.0027,-0.0036,-0.0029,0.001,0.086,,,,
S2A_MSIL2A_20231026T185451_R113_T10UGU_20241107T143556,2023-10-26,2A,10UGU,64.4,17841,0.0,0.0,0.0,1.0,,,,,,,,,,,,
S2A_MSIL2A_20231029T190511_R013_T10UGU_20241106T074945,2023-10-29,2A,10UGU,2.6,17841,0.0,0.999,0.0,0.0,-0.0175,-0.016,-0.0162,-0.0179,-0.0219,-0.0195,-0.0043,0.228,,,,
S2A_MSIL2A_20231108T190611_R013_T10UGU_20241121T015503,2023-11-08,2A,10UGU,2.2,17841,0.0,0.999,0.0,0.0,-0.0016,0.001,0.0005,-0.0025,-0.0035,-0.0027,0.0005,0.097,,,,
S2B_MSIL2A_20231123T190709_R013_T10UGU_20241031T043018,2023-11-23,2B,10UGU,0.5,17841,0.0,0.999,0.0,0.0,-0.0115,0.0008,-0.0043,-0.0063,-0.0074,-0.0062,-0.0005,0.091,,,,
S2A_MSIL2A_20231125T185721_R113_T10UGU_20241111T023436,2023-11-25,2A,10UGU,3.4,17841,0.0,0.999,0.0,0.0,-0.0025,-0.0047,-0.0039,-0.0066,-0.007,-0.0067,-0.0005,0.109,,,,
S2A_MSIL2A_20240307T190231_R013_T10UGU_20240308T021422,2024-03-07,2A,10UGU,1.0,17841,0.0,0.999,0.0,0.0,-0.0031,-0.0021,-0.0025,-0.0041,-0.0046,-0.0025,0.0035,0.188,,,,
S2A_MSIL2A_20240314T185131_R113_T10UGU_20240315T021428,2024-03-14,2A,10UGU,1.5,17841,0.0,0.767,0.0,0.232,-0.0091,-0.0124,-0.0119,-0.0131,-0.0147,-0.0118,0.0007,0.239,,,,
S2A_MSIL2A_20240317T190121_R013_T10UGU_20240318T032240,2024-03-17,2A,10UGU,0.4,17841,0.0,0.179,0.0,0.82,,,,,,,,,,,,
S2B_MSIL2A_20240319T185009_R113_T10UGU_20240319T231759,2024-03-19,2B,10UGU,1.8,17841,0.0,0.999,0.0,0.0,-0.0101,-0.0062,-0.0117,-0.0133,-0.0157,-0.0144,-0.003,0.222,,,,
S2A_MSIL2A_20240324T185021_R113_T10UGU_20240325T033839,2024-03-24,2A,10UGU,3.7,17841,0.0,0.999,0.0,0.0,0.0098,0.005,0.0028,-0.0011,-0.002,-0.0014,0.0017,0.16,232.22,1.0,#3989ff,0.0
S2B_MSIL2A_20240329T184929_R113_T10UGU_20240330T095338,2024-03-29,2B,10UGU,45.3,17841,0.0,0.896,0.0,0.103,0.0388,0.0333,0.0203,0.0119,0.0105,0.0095,0.0058,0.057,218.13,3.0,#74a5c8,-0.1296
S2B_MSIL2A_20240401T185929_R013_T10UGU_20240402T002625,2024-04-01,2B,10UGU,49.6,17841,0.0,0.992,0.0,0.008,0.0252,0.0281,0.0214,0.0168,0.018,0.0207,0.0192,0.086,205.81,4.0,#00b2cf,0.0
S2A_MSIL2A_20240413T184921_R113_T10UGU_20240414T032322,2024-04-13,2A,10UGU,26.3,17841,0.0,0.0,0.0,1.0,,,,,,,,,,,,
S2A_MSIL2A_20240416T185921_R013_T10UGU_20240417T032438,2024-04-16,2A,10UGU,58.7,17841,0.0,0.541,0.0,0.459,0.0413,0.036,0.0305,0.025,0.0243,0.0235,0.0174,0.057,218.53,3.0,#8da2b9,-0.0483
S2B_MSIL2A_20240418T184919_R113_T10UGU_20240419T003146,2024-04-18,2B,10UGU,38.4,17841,0.0,0.0,0.0,1.0,,,,,,,,,,,,
S2B_MSIL2A_20240421T185919_R013_T10UGU_20240421T234151,2024-04-21,2B,10UGU,26.3,17841,0.0,0.012,0.0,0.988,,,,,,,,,,,,
S2A_MSIL2A_20240423T184931_R113_T10UGU_20240424T031512,2024-04-23,2A,10UGU,51.2,17841,0.0,0.889,0.0,0.108,0.0424,0.0379,0.0355,0.0308,0.0335,0.0436,0.0341,0.234,230.76,1.0,#4095ff,0.0
S2A_MSIL2A_20240426T185921_R013_T10UGU_20240427T032542,2024-04-26,2A,10UGU,64.6,17841,0.0,0.0,0.0,1.0,,,,,,,,,,,,
S2B_MSIL2A_20240501T185919_R013_T10UGU_20240502T002304,2024-05-01,2B,10UGU,18.8,17841,0.0,0.998,0.0,0.0,0.0255,0.0253,0.0155,0.0092,0.0077,0.0055,0.0089,0.12,212.73,3.0,#38acd1,-0.5
S2A_MSIL2A_20240503T184921_R113_T10UGU_20240504T022353,2024-05-03,2A,10UGU,47.5,17841,0.0,0.759,0.0,0.238,0.0325,0.0235,0.0217,0.018,0.0204,0.0242,0.0252,0.171,,,,
S2A_MSIL2A_20240506T185921_R013_T10UGU_20240507T022225,2024-05-06,2A,10UGU,60.4,17841,0.0,0.336,0.0,0.664,,,,,,,,,,,,
S2B_MSIL2A_20240508T184919_R113_T10UGU_20240508T234208,2024-05-08,2B,10UGU,22.2,17841,0.0,0.997,0.0,0.001,0.0183,0.0195,0.0133,0.0084,0.0085,0.0119,0.0128,0.171,217.94,3.0,#00b4ff,0.0
S2B_MSIL2A_20240511T185919_R013_T10UGU_20240515T140630,2024-05-11,2B,10UGU,31.9,17841,0.0,0.999,0.0,0.0,0.0132,0.0168,0.0084,0.001,-0.0001,-0.0004,0.0023,0.126,199.97,4.0,#34afbe,0.0
S2A_MSIL2A_20240513T184921_R113_T10UGU_20240514T024429,2024-05-13,2A,10UGU,32.8,17841,0.0,0.0,0.0,1.0,,,,,,,,,,,,
S2A_MSIL2A_20240516T185921_R013_T10UGU_20240517T174621,2024-05-16,2A,10UGU,25.7,17841,0.0,0.235,0.0,0.756,,,,,,,,,,,,
S2A_MSIL2A_20240523T184921_R113_T10UGU_20240524T024623,2024-05-23,2A,10UGU,59.2,17841,0.0,0.903,0.0,0.095,0.032,0.0225,0.0148,0.0053,0.0036,0.0016,0.0056,0.143,222.19,2.0,#59a7df,0.0
S2B_MSIL2A_20240531T185919_R013_T10UGU_20240531T233100,2024-05-31,2B,10UGU,11.6,17841,0.0,0.736,0.0,0.263,0.03,0.0339,0.0288,0.0247,0.0256,0.0272,0.0304,0.154,,,,
S2A_MSIL2A_20240605T185921_R013_T10UGU_20240606T031515,2024-06-05,2A,10UGU,1.1,17841,0.0,0.998,0.0,0.0,0.0151,0.0131,0.0096,0.0038,0.0032,0.0031,0.005,0.103,214.17,3.0,#5aa9cc,0.0
S2B_MSIL2A_20240607T184919_R113_T10UGU_20240608T003809,2024-06-07,2B,10UGU,0.0,17841,0.0,0.998,0.0,0.0,0.0178,0.0177,0.0097,0.0023,0.0014,0.0012,0.0021,0.091,208.86,4.0,#4bacc7,-0.3333
S2B_MSIL2A_20240610T185919_R013_T10UGU_20240611T015006,2024-06-10,2B,10UGU,5.6,17841,0.0,0.998,0.0,0.0,0.0412,0.0426,0.0355,0.0287,0.0288,0.0254,0.0274,0.131,202.81,4.0,#60abba,0.037
S2A_MSIL2A_20240612T184921_R113_T10UGU_20240613T042111,2024-06-12,2A,10UGU,3.8,17841,0.0,0.998,0.0,0.0,0.0258,0.0197,0.0141,0.0063,0.0059,0.0053,0.004,0.103,218.28,3.0,#74a5c9,-0.0952
S2B_MSIL2A_20240620T185919_R013_T10UGU_20240621T004023,2024-06-20,2B,10UGU,11.4,17841,0.0,0.998,0.0,0.0,0.0379,0.0386,0.0312,0.0246,0.0242,0.0217,0.0227,0.137,205.78,4.0,#66aabc,-0.1176
S2A_MSIL2A_20240625T185941_R013_T10UGU_20240626T030428,2024-06-25,2A,10UGU,0.0,17841,0.0,0.998,0.0,0.0,0.0336,0.0301,0.0268,0.0218,0.0223,0.0197,0.022,0.103,218.52,3.0,#5fa8d3,0.5
S2B_MSIL2A_20240627T184919_R113_T10UGU_20240628T003144,2024-06-27,2B,10UGU,65.4,17841,0.0,0.033,0.0,0.966,,,,,,,,,,,,
S2B_MSIL2A_20240630T185919_R013_T10UGU_20240701T211200,2024-06-30,2B,10UGU,45.0,17841,0.0,0.783,0.0,0.215,0.0497,0.048,0.0379,0.0303,0.0306,0.0239,0.03,0.205,214.1,3.0,#43abd2,0.3333
S2A_MSIL2A_20240702T184921_R113_T10UGU_20240703T025939,2024-07-02,2A,10UGU,14.3,17841,0.0,0.998,0.0,0.0,0.0211,0.0155,0.0105,0.0034,0.0024,0.002,0.0042,0.131,220.71,3.0,#5aa7da,0.0
S2A_MSIL2A_20240705T185921_R013_T10UGU_20240706T050254,2024-07-05,2A,10UGU,0.0,17841,0.0,0.998,0.0,0.0,0.0425,0.0361,0.0274,0.0155,0.0134,0.0089,0.0026,0.143,211.44,3.0,#8ca3b2,-0.0886
S2B_MSIL2A_20240707T184919_R113_T10UGU_20240707T234413,2024-07-07,2B,10UGU,0.0,17841,0.0,0.998,0.0,0.0,0.0404,0.0375,0.0255,0.0144,0.0131,0.0104,0.0041,0.114,210.12,3.0,#83a5b6,-0.0674
S2B_MSIL2A_20240710T185919_R013_T10UGU_20240711T003532,2024-07-10,2B,10UGU,0.2,17841,0.0,0.88,0.0,0.117,0.0403,0.0412,0.0323,0.0226,0.0226,0.0197,0.0134,0.211,199.57,4.0,#86a5ab,0.0
S2A_MSIL2A_20240712T184931_R113_T10UGU_20240713T041346,2024-07-12,2A,10UGU,0.1,17841,0.0,0.998,0.0,0.0,0.0594,0.0499,0.0423,0.0295,0.02885,0.025,0.0072,0.164,211.66,3.0,#97a1ab,-0.0148
S2A_MSIL2A_20240715T185921_R013_T10UGU_20240716T033601,2024-07-15,2A,10UGU,0.9,17841,0.0,0.998,0.0,0.0,0.1076,0.0998,0.0884,0.0678,0.0667,0.0557,0.0109,0.302,194.12,4.0,#9da0a0,-0.0098
S2B_MSIL2A_20240720T185919_R013_T10UGU_20240721T000120,2024-07-20,2B,10UGU,0.0,17841,0.0,0.998,0.0,0.0,0.0306,0.0308,0.02,0.0106,0.0089,0.0063,0.003,0.154,205.72,4.0,#7ea6b3,-0.1259
S2A_MSIL2A_20240722T184921_R113_T10UGU_20240723T042916,2024-07-22,2A,10UGU,41.6,17841,0.0,0.998,0.0,0.0,0.0746,0.0662,0.0599,0.0435,0.0449,0.0286,0.0048,0.821,197.32,4.0,#9da0a1,0.0178
S2A_MSIL2A_20240725T185921_R013_T10UGU_20240726T025650,2024-07-25,2A,10UGU,28.9,17841,0.0,0.995,0.0,0.004,0.0457,0.0429,0.0398,0.0342,0.0339,0.0294,0.0318,0.273,211.77,3.0,#7ea5ba,-0.0667
S2B_MSIL2A_20240727T184919_R113_T10UGU_20240727T214609,2024-07-27,2B,10UGU,8.5,17841,0.0,0.415,0.0,0.584,,,,,,,,,,,,
S2B_MSIL2A_20240730T185919_R013_T10UGU_20240730T214651,2024-07-30,2B,10UGU,49.4,17841,0.0,0.388,0.0,0.608,,,,,,,,,,,,
S2A_MSIL2A_20240801T184921_R113_T10UGU_20240802T020250,2024-08-01,2A,10UGU,0.0,17841,0.0,0.999,0.0,0.0,0.0154,0.0099,0.0054,-0.0012,-0.0027,-0.0031,0.0013,0.148,224.69,2.0,#51a6ea,0.0
S2A_MSIL2A_20240804T185921_R013_T10UGU_20240805T014651,2024-08-04,2A,10UGU,21.3,17841,0.0,0.999,0.0,0.0,0.0266,0.023,0.0178,0.01,0.0079,0.0043,0.0058,0.251,211.51,3.0,#80a5b9,-0.3333
S2B_MSIL2A_20240809T185919_R013_T10UGU_20240809T223746,2024-08-09,2B,10UGU,4.9,17841,0.0,0.999,0.0,0.0,0.0306,0.0334,0.024,0.0141,0.0134,0.0093,0.0059,0.336,195.3,4.0,#82a6aa,-0.0446
S2A_MSIL2A_20240811T184921_R113_T10UGU_20240812T013357,2024-08-11,2A,10UGU,19.0,17841,0.0,0.719,0.0,0.279,0.0595,0.0491,0.0412,0.0272,0.0262,0.0235,0.0182,0.336,215.85,3.0,#86a4bb,-0.0588
S2A_MSIL2A_20240814T185921_R013_T10UGU_20240815T013050,2024-08-14,2A,10UGU,0.6,17841,0.0,0.999,0.0,0.0,0.0225,0.02,0.0162,0.0095,0.0087,0.0062,0.0068,0.205,208.99,4.0,#7da6b7,-0.1739
S2B_MSIL2A_20240816T184919_R113_T10UGU_20240816T230724,2024-08-16,2B,10UGU,54.7,17841,0.0,0.917,0.0,0.082,0.0417,0.0375,0.0228,0.0092,0.0091,0.0008,0.0029,0.466,212.58,3.0,#73a7c0,-0.008
S2A_MSIL2A_20240821T184921_R113_T10UGU_20240822T022354,2024-08-21,2A,10UGU,69.1,17841,0.0,0.0,0.0,1.0,,,,,,,,,,,,
S2B_MSIL2A_20240826T184919_R113_T10UGU_20240826T225148,2024-08-26,2B,10UGU,30.7,17841,0.0,0.242,0.0,0.758,,,,,,,,,,,,
S2B_MSIL2A_20240829T185919_R013_T10UGU_20240829T230848,2024-08-29,2B,10UGU,0.6,17841,0.0,0.999,0.0,0.0,0.0097,0.0144,0.008,0.0013,0.0007,0.0006,0.0025,0.091,188.03,5.0,#3fb0ae,0.0
S2A_MSIL2A_20240831T184921_R113_T10UGU_20240901T011152,2024-08-31,2A,10UGU,0.0,17841,0.0,0.999,0.0,0.0,0.0165,0.012,0.009,0.0018,0.0013,0.0007,0.0029,0.103,217.87,3.0,#66a7ce,0.0
S2A_MSIL2A_20240903T185921_R013_T10UGU_20240904T021221,2024-09-03,2A,10UGU,4.2,17841,0.0,0.999,0.0,0.0,0.0131,0.0129,0.0099,0.0033,0.0015,0.0009,0.0025,0.131,197.45,4.0,#6fa9b1,-0.7778
S2B_MSIL2A_20240905T184919_R113_T10UGU_20240906T010501,2024-09-05,2B,10UGU,0.0,17841,0.0,0.999,0.0,0.0,0.0169,0.0175,0.0101,0.0026,0.0013,0.0008,0.0023,0.114,205.68,4.0,#51acc1,-0.5
S2A_MSIL2A_20240910T184931_R113_T10UGU_20240911T005949,2024-09-10,2A,10UGU,20.6,17841,0.0,0.816,0.0,0.182,0.0041,0.0024,0.0012,-0.0039,-0.0048,-0.0041,0.0019,0.171,,,,
S2A_MSIL2A_20240920T185051_R113_T10UGU_20240921T005645,2024-09-20,2A,10UGU,22.8,17841,0.0,0.999,0.0,0.0,0.0086,0.0049,0.0019,-0.0035,-0.0051,-0.0047,0.002,0.16,,,,
S2A_MSIL2A_20240923T190121_R013_T10UGU_20240924T010049,2024-09-23,2A,10UGU,6.2,17841,0.0,0.999,0.0,0.0,0.0013,0.0043,0.0024,-0.0027,-0.0036,-0.0037,0.0008,0.103,154.59,6.0,#3cb383,0.0
S2B_MSIL2A_20240925T185039_R113_T10UGU_20240925T225613,2024-09-25,2B,10UGU,3.2,17841,0.0,0.972,0.0,0.018,0.0258,0.0246,0.014,0.0044,0.0022,0.0007,0.0027,0.131,210.58,3.0,#5daac5,-0.8889
S2B_MSIL2A_20240928T190059_R013_T10UGU_20240929T093158,2024-09-28,2B,10UGU,12.5,17841,0.0,0.999,0.0,0.0,-0.001,0.0072,0.0022,-0.0027,-0.004,-0.0034,0.0013,0.12,169.87,5.0,#00bd96,0.0
S2A_MSIL2A_20240930T185211_R113_T10UGU_20241001T005349,2024-09-30,2A,10UGU,51.7,17841,0.0,0.99,0.0,0.009,0.0108,0.0079,0.0064,0.0006,-0.0003,0.0005,0.0051,0.12,229.17,1.0,#58a2fd,0.0
S2B_MSIL2A_20241005T185139_R113_T10UGU_20241005T225935,2024-10-05,2B,10UGU,11.6,17841,0.0,0.0,0.0,1.0,,,,,,,,,,,,
S2B_MSIL2A_20241008T190209_R013_T10UGU_20241008T231455,2024-10-08,2B,10UGU,37.1,17841,0.0,0.284,0.0,0.713,,,,,,,,,,,,
S2A_MSIL2A_20241010T185311_R113_T10UGU_20241011T001554,2024-10-10,2A,10UGU,6.1,17841,0.0,0.973,0.0,0.026,0.0006,-0.0005,-0.0005,-0.0053,-0.0068,-0.0053,0.0014,0.137,,,,
S2A_MSIL2A_20241013T190341_R013_T10UGU_20241013T230650,2024-10-13,2A,10UGU,18.6,17841,0.0,0.605,0.0,0.395,0.0129,0.0134,0.0106,0.0049,0.003,0.0026,0.004,0.12,193.51,4.0,#70a9ad,-0.8
S2A_MSIL2A_20241020T185421_R113_T10UGU_20241021T005659,2024-10-20,2A,10UGU,60.0,17841,0.0,0.0,0.0,1.0,,,,,,,,,,,,
S2A_MSIL2A_20241023T190441_R013_T10UGU_20241023T224353,2024-10-23,2A,10UGU,1.5,17841,0.0,0.999,0.0,0.0,0.0039,0.0069,0.0056,0.0012,0.0,0.0003,0.0016,0.086,153.74,6.0,#68ae88,0.0
S2B_MSIL2A_20241107T190509_R013_T10UGU_20241107T230642,2024-11-07,2B,10UGU,2.2,17841,0.0,0.999,0.0,0.0,0.002,0.0109,0.0034,-0.0013,-0.0039,-0.0034,0.0001,0.126,169.92,5.0,#00b797,0.0
S2A_MSIL2A_20241112T190631_R013_T10UGU_20241112T222946,2024-11-12,2A,10UGU,69.1,17841,0.0,0.961,0.0,0.038,0.0105,0.0084,0.0044,-0.0003,-0.0021,-0.0022,0.0007,0.091,217.7,3.0,#4da9d7,0.0
S2B_MSIL2A_20241127T190639_R013_T10UGU_20241127T212155,2024-11-27,2B,10UGU,68.8,17841,0.0,0.273,0.0,0.726,,,,,,,,,,,,
S2A_MSIL2A_20250314T190821_R013_T10UGU_20250314T222312,2025-03-14,2A,10UGU,64.0,17841,0.0,0.0,0.0,1.0,,,,,,,,,,,,
S2B_MSIL2A_20250317T190029_R013_T10UGU_20250317T235843,2025-03-17,2B,10UGU,16.8,17841,0.0,0.999,0.0,0.0,0.0309,0.0288,0.0167,0.0084,0.0063,0.0056,0.0026,0.063,213.34,3.0,#74a6c0,-0.2211
S2C_MSIL2A_20250322T190111_R013_T10UGU_20250323T003715,2025-03-22,2C,10UGU,18.4,17841,0.0,0.0,0.0,1.0,,,,,,,,,,,,
S2B_MSIL2A_20250324T184929_R113_T10UGU_20250324T225002,2025-03-24,2B,10UGU,68.4,17841,0.0,0.0,0.0,1.0,,,,,,,,,,,,
S2C_MSIL2A_20250329T185021_R113_T10UGU_20250330T000214,2025-03-29,2C,10UGU,8.7,17841,0.0,0.999,0.0,0.0,0.0185,0.015,0.0099,0.0043,0.0031,0.0043,0.0056,0.097,220.56,3.0,#49a9df,0.0
S2B_MSIL2A_20250403T184919_R113_T10UGU_20250403T225702,2025-04-03,2B,10UGU,25.9,17841,0.0,0.442,0.0,0.558,,,,,,,,,,,,
S2B_MSIL2A_20250413T184919_R113_T10UGU_20250413T224733,2025-04-13,2B,10UGU,0.0,17841,0.0,0.999,0.0,0.0,0.0045,0.0064,-0.0002,-0.0038,-0.0055,-0.0042,0.0025,0.222,,,,
S2B_MSIL2A_20250416T185919_R013_T10UGU_20250416T225927,2025-04-16,2B,10UGU,23.5,17841,0.0,0.588,0.0,0.412,0.0297,0.0321,0.0237,0.0176,0.0159,0.015,0.0166,0.205,203.53,4.0,#50acbe,-0.8182
S2C_MSIL2A_20250418T184941_R113_T10UGU_20250419T001612,2025-04-18,2C,10UGU,2.8,17841,0.0,0.999,0.0,0.0,0.0026,0.0013,-0.0013,-0.0056,-0.007,-0.0063,0.0027,0.199,,,,
S2B_MSIL2A_20250423T184919_R113_T10UGU_20250423T223539,2025-04-23,2B,10UGU,7.7,17841,0.0,0.61,0.0,0.388,0.0207,0.022,0.0141,0.0071,0.0062,0.0071,0.0084,0.217,207.64,4.0,#37adc8,0.0
S2B_MSIL2A_20250426T185919_R013_T10UGU_20250426T211922,2025-04-26,2B,10UGU,14.0,17841,0.0,0.999,0.0,0.0,0.0125,0.0172,0.0098,0.003,0.0025,0.0026,0.0048,0.188,193.26,4.0,#2ab0b6,0.0
S2B_MSIL2A_20250506T185919_R013_T10UGU_20250506T211802,2025-05-06,2B,10UGU,0.1,17841,0.0,0.999,0.0,0.0,0.0137,0.0166,0.0097,0.0036,0.0026,0.0022,0.0056,0.126,202.0,4.0,#1dafc2,0.0
S2C_MSIL2A_20250508T184941_R113_T10UGU_20250508T235713,2025-05-08,2C,10UGU,11.5,17841,0.0,0.0,0.0,0.998,,,,,,,,,,,,
S2B_MSIL2A_20250513T184919_R113_T10UGU_20250513T224807,2025-05-13,2B,10UGU,61.3,17841,0.0,0.033,0.0,0.967,,,,,,,,,,,,
S2C_MSIL2A_20250518T184931_R113_T10UGU_20250518T224158,2025-05-18,2C,10UGU,60.8,17841,0.0,0.999,0.0,0.0,0.0327,0.0295,0.0225,0.014,0.013,0.0144,0.0134,0.086,213.23,3.0,#5ea9c9,-0.7143
S2C_MSIL2A_20250521T185931_R013_T10UGU_20250521T213414,2025-05-21,2C,10UGU,33.9,17841,0.0,0.487,0.0,0.512,,,,,,,,,,,,
S2B_MSIL2A_20250523T184919_R113_T10UGU_20250523T225147,2025-05-23,2B,10UGU,24.7,17841,0.0,0.999,0.0,0.0,0.0194,0.0188,0.0098,0.0025,0.0011,0.0004,0.0027,0.16,211.91,3.0,#3facce,0.0
S2B_MSIL2A_20250526T185919_R013_T10UGU_20250526T232409,2025-05-26,2B,10UGU,20.9,17841,0.0,0.087,0.0,0.913,,,,,,,,,,,,
S2C_MSIL2A_20250528T184941_R113_T10UGU_20250528T223513,2025-05-28,2C,10UGU,1.8,17841,0.0,0.999,0.0,0.0,0.0159,0.0135,0.0097,0.0029,0.0026,0.0033,0.0063,0.109,219.44,3.0,#4da9db,0.0
S2A_MSIL2A_20250530T185831_R113_T10UGU_20250530T220236,2025-05-30,2A,10UGU,14.8,17841,0.0,0.999,0.0,0.0,0.01735,0.0124,0.0085,0.0016,0.0012,0.0014,0.0033,0.109,221.38,2.0,#5da7db,0.0
S2C_MSIL2A_20250531T185941_R013_T10UGU_20250531T235912,2025-05-31,2C,10UGU,4.8,17841,0.0,0.852,0.0,0.142,0.0373,0.0346,0.032,0.0266,0.0271,0.0268,0.031,0.126,228.39,1.0,#0d9bff,0.0
S2B_MSIL2A_20250602T184919_R113_T10UGU_20250602T211444,2025-06-02,2B,10UGU,47.8,17841,0.0,0.551,0.0,0.448,0.03265,0.0327,0.0232,0.0158,0.0152,0.0204,0.0337,0.256,,,,
S2B_MSIL2A_20250605T185919_R013_T10UGU_20250605T225110,2025-06-05,2B,10UGU,10.8,17841,0.0,0.999,0.0,0.0,0.0191,0.0215,0.0141,0.0061,0.0059,0.0065,0.0053,0.16,198.49,4.0,#5aacb6,-0.1429
S2C_MSIL2A_20250607T184941_R113_T10UGU_20250608T005311,2025-06-07,2C,10UGU,11.2,17841,0.0,0.999,0.0,0.0,0.0159,0.0134,0.0093,0.002,0.001,0.0014,0.0048,0.114,216.98,3.0,#54a9d3,0.0
S2C_MSIL2A_20250610T185941_R013_T10UGU_20250610T223016,2025-06-10,2C,10UGU,28.8,17841,0.0,0.649,0.0,0.351,0.0104,0.0134,0.0134,0.0086,0.0087,0.0108,0.0116,0.103,108.99,8.0,#78ae56,0.0
S2B_MSIL2A_20250612T184919_R113_T10UGU_20250612T224933,2025-06-12,2B,10UGU,67.3,17841,0.0,0.0,0.0,1.0,,,,,,,,,,,,
S2B_MSIL2A_20250615T185919_R013_T10UGU_20250615T211700,2025-06-15,2B,10UGU,2.3,17841,0.0,0.997,0.0,0.001,0.0332,0.0353,0.0295,0.0223,0.0227,0.0224,0.0182,0.137,192.89,4.0,#7ca7a9,0.0465
S2A_MSIL2A_20250619T185831_R113_T10UGU_20250619T231514,2025-06-19,2A,10UGU,40.4,17841,0.0,0.0,0.0,1.0,,,,,,,,,,,,
S2B_MSIL2A_20250622T184919_R113_T10UGU_20250622T211617,2025-06-22,2B,10UGU,32.2,17841,0.0,0.974,0.0,0.025,0.028,0.0271,0.0175,0.008,0.0068,0.0053,0.0021,0.228,207.3,4.0,#7aa6b6,-0.1132
S2B_MSIL2A_20250625T185919_R013_T10UGU_20250625T225532,2025-06-25,2B,10UGU,28.8,17841,0.0,0.612,0.0,0.386,0.037,0.0356,0.0249,0.0172,0.0167,0.0126,0.019,0.262,216.4,3.0,#1dacdc,0.0
S2C_MSIL2A_20250630T185941_R013_T10UGU_20250630T231258,2025-06-30,2C,10UGU,0.5,17841,0.0,0.999,0.0,0.0,0.028,0.0249,0.0218,0.0166,0.0169,0.0157,0.0192,0.103,223.67,2.0,#4da7e8,0.0
S2B_MSIL2A_20250702T184919_R113_T10UGU_20250702T211319,2025-07-02,2B,10UGU,6.9,17841,0.0,0.999,0.0,0.0,0.0258,0.0257,0.0166,0.009,0.0084,0.0075,0.0063,0.103,208.76,4.0,#69a9bf,-0.125
S2B_MSIL2A_20250705T185919_R013_T10UGU_20250705T212336,2025-07-05,2B,10UGU,29.5,17841,0.0,0.875,0.0,0.123,0.0454,0.0442,0.0351,0.0261,0.0269,0.0221,0.0241,0.188,209.76,4.0,#65a9c1,0.1667
S2C_MSIL2A_20250707T184941_R113_T10UGU_20250707T235518,2025-07-07,2C,10UGU,0.1,17841,0.0,0.999,0.0,0.0,0.0203,0.0168,0.0117,0.004,0.0035,0.0039,0.006,0.109,217.67,3.0,#55a9d4,0.0
S2C_MSIL2A_20250710T185941_R013_T10UGU_20250710T224113,2025-07-10,2C,10UGU,30.2,17841,0.0,0.998,0.0,0.0,0.0455,0.0433,0.041,0.0367,0.0367,0.0339,0.0411,0.148,,,,
S2B_MSIL2A_20250712T184919_R113_T10UGU_20250712T222948,2025-07-12,2B,10UGU,0.3,17841,0.0,0.999,0.0,0.0,0.0178,0.0174,0.0086,0.0016,0.0008,0.0006,0.0024,0.097,212.62,3.0,#37acd1,0.0
S2B_MSIL2A_20250715T185919_R013_T10UGU_20250715T212314,2025-07-15,2B,10UGU,4.2,17841,0.0,0.998,0.0,0.0,0.0194,0.0211,0.0138,0.0068,0.0071,0.0068,0.0063,0.109,202.45,4.0,#52acbc,0.2308
S2C_MSIL2A_20250717T184941_R113_T10UGU_20250717T231756,2025-07-17,2C,10UGU,2.9,17841,0.0,0.999,0.0,0.0,0.0229,0.0192,0.0137,0.0056,0.0042,0.0041,0.0057,0.131,214.2,3.0,#5da9cb,0.0
S2C_MSIL2A_20250720T185941_R013_T10UGU_20250720T222318,2025-07-20,2C,10UGU,66.1,17841,0.0,0.0,0.0,1.0,,,,,,,,,,,,
S2B_MSIL2A_20250722T184919_R113_T10UGU_20250722T225007,2025-07-22,2B,10UGU,26.7,17841,0.0,0.594,0.0,0.406,0.0248,0.0218,0.0094,-0.0005,-0.0024,-0.0074,-0.0005,0.307,214.96,3.0,#41abd4,0.0
S2B_MSIL2A_20250725T185919_R013_T10UGU_20250725T212526,2025-07-25,2B,10UGU,31.4,17841,0.0,0.998,0.0,0.0,0.0337,0.0361,0.0301,0.0248,0.0248,0.0211,0.0253,0.109,200.01,4.0,#3daebd,0.0
S2C_MSIL2A_20250727T184941_R113_T10UGU_20250727T215914,2025-07-27,2C,10UGU,62.7,17841,0.0,0.271,0.0,0.727,,,,,,,,,,,,
S2A_MSIL2A_20250729T185831_R113_T10UGU_20250729T220812,2025-07-29,2A,10UGU,0.3,17841,0.0,0.999,0.0,0.0,0.02,0.0146,0.0098,0.0024,0.0017,0.0011,0.0026,0.103,218.67,3.0,#5fa8d3,0.0
S2C_MSIL2A_20250730T185941_R013_T10UGU_20250731T002616,2025-07-30,2C,10UGU,16.3,17841,0.0,0.999,0.0,0.0,0.0185,0.0174,0.0139,0.0071,0.0067,0.0078,0.0131,0.165,224.1,2.0,#00a8ff,0.0
S2B_MSIL2A_20250804T185919_R013_T10UGU_20250804T212327,2025-08-04,2B,10UGU,26.3,17841,0.0,0.999,0.0,0.0,0.0153,0.0184,0.0114,0.0048,0.0039,0.0017,0.0068,0.171,200.4,4.0,#2bafbf,0.0
S2B_MSIL2A_20250811T184919_R113_T10UGU_20250811T223021,2025-08-11,2B,10UGU,0.0,17841,0.0,0.999,0.0,0.0,0.0191,0.0193,0.0111,0.0026,0.0015,0.0004,0.0016,0.103,206.31,4.0,#5cabbf,-0.8182
S2B_MSIL2A_20250814T185919_R013_T10UGU_20250814T212013,2025-08-14,2B,10UGU,14.0,17841,0.0,0.05,0.0,0.948,,,,,,,,,,,,
S2C_MSIL2A_20250816T184941_R113_T10UGU_20250816T235117,2025-08-16,2C,10UGU,14.5,17841,0.0,0.999,0.0,0.0,0.0083,0.0072,0.0036,-0.0033,-0.0046,-0.0033,0.0051,0.177,,,,
S2C_MSIL2A_20250819T185941_R013_T10UGU_20250819T235715,2025-08-19,2C,10UGU,26.9,17841,0.0,0.0,0.0,1.0,,,,,,,,,,,,
S2B_MSIL2A_20250821T184919_R113_T10UGU_20250821T211707,2025-08-21,2B,10UGU,23.3,17841,0.0,0.999,0.0,0.0,0.0072,0.0092,0.0025,-0.0037,-0.005,-0.0051,0.0016,0.182,214.03,3.0,#00b4ed,0.0
S2B_MSIL2A_20250824T185919_R013_T10UGU_20250824T224700,2025-08-24,2B,10UGU,21.5,17841,0.0,0.999,0.0,0.0,0.018,0.0216,0.0136,0.0045,0.0031,0.0013,0.0028,0.171,193.85,4.0,#64abaf,-0.7
S2C_MSIL2A_20250826T184941_R113_T10UGU_20250826T234313,2025-08-26,2C,10UGU,69.8,17841,0.0,0.368,0.0,0.63,,,,,,,,,,,,
S2C_MSIL2A_20250829T185941_R013_T10UGU_20250830T001813,2025-08-29,2C,10UGU,12.3,17841,0.0,0.28,0.0,0.719,,,,,,,,,,,,
S2B_MSIL2A_20250903T185919_R013_T10UGU_20250903T230112,2025-09-03,2B,10UGU,0.2,17841,0.0,0.999,0.0,0.0,0.0489,0.054,0.0434,0.028,0.026,0.0189,0.004,0.353,180.43,5.0,#93a49d,-0.0435
S2C_MSIL2A_20250905T184931_R113_T10UGU_20250906T001400,2025-09-05,2C,10UGU,2.4,17841,0.0,0.995,0.0,0.004,0.0505,0.0639,0.064,0.047,0.0507,0.0385,0.0042,0.905,101.49,8.0,#a1a287,0.0414
S2A_MSIL2A_20250907T185821_R113_T10UGU_20250907T215416,2025-09-07,2A,10UGU,59.7,17841,0.0,0.219,0.0,0.781,,,,,,,,,,,,
S2A_MSIL2A_20250910T190821_R013_T10UGU_20250911T101214,2025-09-10,2A,10UGU,0.1,17841,0.0,0.999,0.0,0.0,0.0343,0.0313,0.0261,0.0158,0.0139,0.01,0.0036,0.262,200.77,4.0,#91a3a8,-0.0844
S2B_MSIL2A_20250913T185919_R013_T10UGU_20250913T225145,2025-09-13,2B,10UGU,0.0,17841,0.0,0.999,0.0,0.0,0.0447,0.0472,0.0363,0.0232,0.0217,0.0169,0.0065,0.239,192.44,4.0,#8da4a4,-0.047
S2C_MSIL2A_20250915T185031_R113_T10UGU_20250916T012207,2025-09-15,2C,10UGU,37.7,17841,0.0,0.999,0.0,0.0,0.0097,0.0078,0.0035,-0.0036,-0.0049,-0.0046,0.0041,0.199,,,,
S2C_MSIL2A_20250918T190051_R013_T10UGU_20250919T001614,2025-09-18,2C,10UGU,7.1,17841,0.0,1.0,0.0,0.0,0.138,0.1354,0.1246,0.0994,0.0982,0.0796,0.0228,0.211,175.94,5.0,#9fa09a,-0.0079
S2B_MSIL2A_20250920T184959_R113_T10UGU_20250920T224559,2025-09-20,2B,10UGU,0.6,17841,0.0,0.999,0.0,0.0,0.0267,0.0274,0.0182,0.0088,0.0063,0.0033,0.002,0.205,202.35,4.0,#7ea6b0,-0.2252
S2B_MSIL2A_20250923T190019_R013_T10UGU_20250923T225749,2025-09-23,2B,10UGU,0.0,17841,0.0,0.999,0.0,0.0,0.0186,0.0244,0.0155,0.0068,0.0044,0.0013,0.0013,0.262,186.13,5.0,#79a9a5,-0.2791
S2C_MSIL2A_20250925T185141_R113_T10UGU_20250925T234419,2025-09-25,2C,10UGU,0.0,17841,0.0,0.999,0.0,0.0,0.0196,0.0178,0.014,0.0067,0.005,0.0053,0.0054,0.154,206.27,4.0,#71a8b9,-0.8571
S2B_MSIL2A_20250930T185109_R113_T10UGU_20250930T224933,2025-09-30,2B,10UGU,38.8,17841,0.0,0.996,0.0,0.003,0.0486,0.047,0.0346,0.0221,0.0193,0.016,0.0051,0.188,204.48,4.0,#8ca4ac,-0.0897
S2B_MSIL2A_20251003T190129_R013_T10UGU_20251003T225201,2025-10-03,2B,10UGU,1.7,17841,0.0,0.999,0.0,0.0,0.0061,0.013,0.0073,0.0014,0.0004,0.0,0.0015,0.097,170.99,5.0,#46b199,0.0
S2C_MSIL2A_20251005T185251_R113_T10UGU_20251005T221214,2025-10-05,2C,10UGU,2.3,17841,0.0,0.985,0.0,0.014,0.0032,0.003,0.0017,-0.0026,-0.003,-0.0022,0.0045,0.109,,,,
S2C_MSIL2A_20251008T190321_R013_T10UGU_20251009T012314,2025-10-08,2C,10UGU,24.4,17841,0.0,0.999,0.0,0.0,0.0492,0.0462,0.0392,0.027,0.0246,0.0198,0.0099,0.154,199.73,4.0,#93a3a6,-0.0755
S2B_MSIL2A_20251013T190239_R013_T10UGU_20251013T225933,2025-10-13,2B,10UGU,20.0,17841,0.0,0.0,0.0,1.0,,,,,,,,,,,,
S2C_MSIL2A_20251015T185401_R113_T10UGU_20251015T221616,2025-10-15,2C,10UGU,0.0,17841,0.0,0.999,0.0,0.0,-0.0079,-0.0064,-0.0061,-0.0085,-0.0109,-0.0086,0.0012,0.143,,,,
S2A_MSIL2A_20251017T185831_R113_T10UGU_20251017T220317,2025-10-17,2A,10UGU,11.1,17841,0.0,0.999,0.0,0.0,-0.0001,-0.0012,-0.0005,-0.0037,-0.0051,-0.0038,0.0043,0.154,,,,
S2B_MSIL2A_20251030T185429_R113_T10UGU_20251030T211118,2025-10-30,2B,10UGU,67.7,17841,0.0,0.0,0.0,1.0,,,,,,,,,,,,
S2B_MSIL2A_20251102T190439_R013_T10UGU_20251102T210706,2025-11-02,2B,10UGU,59.4,17841,0.0,0.859,0.0,0.141,-0.0062,0.0037,0.0001,-0.0012,-0.0015,0.0,0.0037,0.097,,,,
S2C_MSIL2A_20251104T185601_R113_T10UGU_20251104T214108,2025-11-04,2C,10UGU,67.3,17841,0.0,0.0,0.0,1.0,,,,,,,,,,,,
S2C_MSIL2A_20251107T190621_R013_T10UGU_20251107T215016,2025-11-07,2C,10UGU,6.0,17841,0.0,0.999,0.0,0.0,-0.0046,0.0,0.0012,-0.0002,-0.0007,0.0006,0.0067,0.086,,,,
S2C_MSIL2A_20251124T185731_R113_T10UGU_20251124T214117,2025-11-24,2C,10UGU,0.8,17841,0.0,0.99,0.0,0.009,-0.0034,-0.0014,-0.002,-0.0043,-0.0042,-0.0026,0.0028,0.08,,,,
S2B_MSIL2A_20260302T190209_R013_T10UGU_20260303T001516,2026-03-02,2B,10UGU,33.1,17841,0.0,0.0,0.0,1.0,,,,,,,,,,,,
S2A_MSIL2A_20260306T185831_R113_T10UGU_20260306T234116,2026-03-06,2A,10UGU,54.4,17841,0.0,0.999,0.0,0.0,0.0396,0.0342,0.0299,0.0175,0.0167,0.0177,0.0143,0.074,208.32,4.0,#7ca6b7,-0.1429
S2C_MSIL2A_20260307T190241_R013_T10UGU_20260307T223011,2026-03-07,2C,10UGU,66.0,17841,0.0,0.0,0.0,1.0,,,,,,,,,,,,
S2B_MSIL2A_20260309T185119_R113_T10UGU_20260309T224304,2026-03-09,2B,10UGU,21.5,17841,0.0,0.739,0.0,0.261,0.0133,0.02,0.0137,0.0005,-0.002,-0.0018,0.0024,0.126,176.02,5.0,#5dae9e,0.0
S2C_MSIL2A_20260314T185141_R113_T10UGU_20260315T000413,2026-03-14,2C,10UGU,30.1,17841,0.0,0.921,0.0,0.079,0.0666,0.054,0.0385,0.0189,0.0146,0.0124,0.0026,0.057,214.89,3.0,#86a4b9,-0.1519
S2C_MSIL2A_20260327T190011_R013_T10UGU_20260327T232709,2026-03-27,2C,10UGU,49.2,17841,0.0,0.857,0.0,0.141,0.0048,0.0114,0.0133,0.0075,0.0068,0.0136,0.0188,0.228,,,,
S2C_MSIL2A_20260406T185911_R013_T10UGU_20260407T003455,2026-04-06,2C,10UGU,42.3,17841,0.0,0.756,0.0,0.243,0.0176,0.0177,0.0154,0.007,0.0064,0.0081,0.0135,0.131,209.38,4.0,#47acc8,0.0
S2A_MSIL2A_20260408T190831_R013_T10UGU_20260409T013409,2026-04-08,2A,10UGU,0.2,17841,0.0,0.999,0.0,0.0,0.0002,0.0034,0.0019,-0.0049,-0.0062,-0.0067,0.001,0.194,152.72,6.0,#1cb67d,0.0
S2C_MSIL2A_20260413T184921_R113_T10UGU_20260413T223110,2026-04-13,2C,10UGU,33.2,17841,0.0,0.999,0.0,0.0,0.0221,0.0213,0.0161,0.0066,0.0063,0.0085,0.0082,0.057,205.61,4.0,#5cabbe,0.0
S2C_MSIL2A_20260416T185921_R013_T10UGU_20260416T231921,2026-04-16,2C,10UGU,44.6,17841,0.0,0.826,0.0,0.174,0.02245,0.0236,0.02135,0.0142,0.0129,0.0126,0.0202,0.177,200.2,4.0,#0db0c0,0.0
S2B_MSIL2A_20260418T184919_R113_T10UGU_20260418T223701,2026-04-18,2B,10UGU,3.4,17841,0.0,0.998,0.0,0.0,0.0177,0.0203,0.0142,0.0063,0.0056,0.0076,0.0102,0.165,200.98,4.0,#2bafc0,0.0
S2B_MSIL2A_20260421T185909_R013_T10UGU_20260421T224756,2026-04-21,2B,10UGU,45.8,17841,0.0,0.0,0.0,1.0,,,,,,,,,,,,
S2C_MSIL2A_20260423T184921_R113_T10UGU_20260423T221523,2026-04-23,2C,10UGU,10.1,17841,0.0,0.496,0.0,0.504,,,,,,,,,,,,
S2A_MSIL2A_20260425T185831_R113_T10UGU_20260426T030724,2026-04-25,2A,10UGU,9.7,17841,0.0,0.999,0.0,0.0,0.0105,0.0078,0.0058,-0.0016,-0.003,-0.0032,0.0012,0.154,214.78,3.0,#69a8c8,0.0
S2C_MSIL2A_20260426T185921_R013_T10UGU_20260427T001213,2026-04-26,2C,10UGU,10.7,17841,0.0,0.999,0.0,0.0,0.017,0.018,0.0175,0.0099,0.0088,0.0097,0.0134,0.143,169.19,5.0,#73ab97,0.0
S2C_MSIL2A_20260503T184921_R113_T10UGU_20260503T223413,2026-05-03,2C,10UGU,3.0,17841,0.0,0.885,0.0,0.113,0.0164,0.0149,0.0118,0.0032,0.0019,0.0029,0.0066,0.131,209.68,4.0,#60aac3,0.0
S2B_MSIL2A_20260511T185909_R013_T10UGU_20260511T224809,2026-05-11,2B,10UGU,1.3,17841,0.0,0.999,0.0,0.0,0.0184,0.0219,0.0183,0.0111,0.0111,0.0118,0.0136,0.126,178.59,5.0,#54afa2,0.0
S2B_MSIL2A_20260521T185909_R013_T10UGU_20260521T224250,2026-05-21,2B,10UGU,56.8,17841,0.0,0.0,0.0,1.0,,,,,,,,,,,,
S2C_MSIL2A_20260523T184921_R113_T10UGU_20260523T234313,2026-05-23,2C,10UGU,48.6,17841,0.0,0.1,0.0,0.9,,,,,,,,,,,,
S2C_MSIL2A_20260602T184921_R113_T10UGU_20260602T234853,2026-06-02,2C,10UGU,30.2,17841,0.0,0.995,0.0,0.003,0.0193,0.0179,0.0144,0.0066,0.0065,0.0092,0.0148,0.165,,,,
S2C_MSIL2A_20260605T185921_R013_T10UGU_20260605T233513,2026-06-05,2C,10UGU,19.0,17841,0.0,0.998,0.0,0.0,0.0419,0.0387,0.0375,0.0328,0.0328,0.0315,0.0369,0.137,233.06,1.0,#4180ff,0.0
S2B_MSIL2A_20260607T184919_R113_T10UGU_20260607T224035,2026-06-07,2B,10UGU,69.0,17841,0.0,0.639,0.0,0.357,0.0343,0.0306,0.0183,0.0065,0.004,0.0018,0.0028,0.091,212.84,3.0,#6ba8c4,-0.5102
S2B_MSIL2A_20260610T185919_R013_T10UGU_20260610T223009,2026-06-10,2B,10UGU,27.0,17841,0.0,0.998,0.0,0.0,0.0498,0.0528,0.0471,0.0419,0.0422,0.0385,0.0411,0.126,193.86,4.0,#59adb1,0.1579
S2C_MSIL2A_20260612T184921_R113_T10UGU_20260612T233713,2026-06-12,2C,10UGU,25.6,17841,0.0,0.92,0.0,0.078,0.021,0.0189,0.0131,0.0048,0.0027,0.0021,0.0096,0.177,219.41,3.0,#30aae2,0.0
S2B_MSIL2A_20260617T184919_R113_T10UGU_20260617T223902,2026-06-17,2B,10UGU,22.9,17841,0.0,0.999,0.0,0.0,0.0129,0.0139,0.0065,0.0,-0.0017,-0.0024,0.0024,0.143,210.82,3.0,#18aed1,0.0
S2B_MSIL2A_20260620T185919_R013_T10UGU_20260620T224340,2026-06-20,2B,10UGU,2.0,17841,0.0,0.998,0.0,0.0,0.0479,0.049,0.04275,0.0365,0.0367,0.0331,0.035,0.097,202.59,4.0,#65aab8,0.0625
S2C_MSIL2A_20260622T184921_R113_T10UGU_20260622T235211,2026-06-22,2C,10UGU,1.5,17841,0.0,0.999,0.0,0.0,0.019,0.0157,0.0105,0.003,0.0022,0.0023,0.005,0.097,217.66,3.0,#53a9d5,0.0
S2A_MSIL2A_20260624T185831_R113_T10UGU_20260625T030412,2026-06-24,2A,10UGU,41.1,17841,0.0,0.983,0.0,0.013,0.0245,0.0142,0.0078,-0.0015,-0.0036,-0.011,0.0048,0.381,230.44,1.0,#2993ff,0.0
S2B_MSIL2A_20260630T185919_R013_T10UGU_20260630T224332,2026-06-30,2B,10UGU,54.1,17841,0.0,0.998,0.0,0.0,0.0371,0.0379,0.032,0.0265,0.0261,0.0219,0.0265,0.131,205.67,4.0,#48acc3,0.0
S2C_MSIL2A_20260702T184921_R113_T10UGU_20260702T235216,2026-07-02,2C,10UGU,33.7,17841,0.0,0.0,0.0,1.0,,,,,,,,,,,,
S2C_MSIL2A_20260705T185921_R013_T10UGU_20260705T234709,2026-07-05,2C,10UGU,0.7,17841,0.0,0.998,0.0,0.0,0.033,0.0304,0.0283,0.0233,0.0228,0.0212,0.0249,0.12,218.93,3.0,#62a7d2,0.0
S2B_MSIL2A_20260707T184919_R113_T10UGU_20260707T224253,2026-07-07,2B,10UGU,20.2,17841,0.0,0.999,0.0,0.0,0.0262,0.0251,0.0161,0.0073,0.0063,0.0053,0.0037,0.114,208.93,4.0,#71a8bc,-0.1613
S2B_MSIL2A_20260710T185919_R013_T10UGU_20260710T222951,2026-07-10,2B,10UGU,7.9,17841,0.0,0.998,0.0,0.0,0.0311,0.0319,0.0261,0.0208,0.0211,0.0179,0.0226,0.097,210.04,3.0,#27aece,0.0
S2C_MSIL2A_20260712T184921_R113_T10UGU_20260712T235811,2026-07-12,2C,10UGU,40.7,17841,0.0,0.402,0.0,0.597,,,,,,,,,,,,
S2A_MSIL2A_20260714T185831_R113_T10UGU_20260715T024413,2026-07-14,2A,10UGU,54.0,17841,0.0,0.999,0.0,0.0,0.0244,0.0179,0.013,0.0051,0.0042,0.0032,0.0044,0.165,219.14,3.0,#69a7d0,-0.75
S2C_MSIL2A_20260715T185921_R013_T10UGU_20260715T233512,2026-07-15,2C,10UGU,0.4,17841,0.0,0.999,0.0,0.0,0.0152,0.0137,0.0098,0.003,0.002,0.0022,0.0057,0.12,214.37,3.0,#52aacf,0.0
S2B_MSIL2A_20260717T184919_R113_T10UGU_20260717T222038,2026-07-17,2B,10UGU,4.0,17841,0.0,0.999,0.0,0.0,0.0137,0.0149,0.0068,0.0002,-0.0012,-0.0037,0.0014,0.273,208.82,4.0,#30adcb,0.0
S2C_MSIL2A_20260722T184921_R113_T10UGU_20260722T234914,2026-07-22,2C,10UGU,0.2,17841,0.0,0.999,0.0,0.0,0.0006,-0.0004,-0.0031,-0.0087,-0.0115,-0.0158,-0.0002,0.426,,,,
S2C_MSIL2A_20260725T185921_R013_T10UGU_20260725T233009,2026-07-25,2C,10UGU,3.4,17841,0.0,0.992,0.0,0.006,0.0995,0.0917,0.0786,0.058,0.0544,0.04355,0.017,0.353,201.7,4.0,#98a1a5,-0.0459
S2B_MSIL2A_20260727T184919_R113_T10UGU_20260727T224036,2026-07-27,2B,10UGU,7.3,17841,0.0,0.609,0.0,0.39,0.2326,0.2122,0.1726,0.1261,0.1213,0.0981,0.0245,0.369,206.0,4.0,#97a1a8,-0.0242
S2B_MSIL2A_20260730T185919_R013_T10UGU_20260730T224433,2026-07-30,2B,10UGU,0.0,17841,0.0,0.999,0.0,0.0,0.0533,0.0539,0.0422,0.0279,0.0255,0.0181,0.0048,0.341,194.85,4.0,#92a3a4,-0.0548
S2C_MSIL2A_20260801T184921_R113_T10UGU_20260802T000427,2026-08-01,2C,10UGU,2.8,17841,0.0,0.359,0.0,0.64,,,,,,,,,,,,
S2A_MSIL2A_20260803T185831_R113_T10UGU_20260804T045713,2026-08-03,2A,10UGU,5.0,17841,0.0,0.0,0.0,1.0,,,,,,,,,,,,
S2C_MSIL2A_20260804T185921_R013_T10UGU_20260804T233659,2026-08-04,2C,10UGU,10.9,17841,0.0,0.796,0.0,0.204,0.2297,0.2263,0.2076,0.1718,0.1682,0.1456,0.0347,0.217,173.7,5.0,#a1a09a,-0.0133
S2B_MSIL2A_20260806T184919_R113_T10UGU_20260806T224126,2026-08-06,2B,10UGU,13.9,17841,0.0,0.043,0.004,0.953,,,,,,,,,,,,
S2B_MSIL2A_20260809T185919_R013_T10UGU_20260809T224307,2026-08-09,2B,10UGU,25.1,17841,0.0,0.0,0.0,1.0,,,,,,,,,,,,
S2C_MSIL2A_20260811T184921_R113_T10UGU_20260812T000210,2026-08-11,2C,10UGU,2.1,17841,0.0,0.04,0.006,0.954,,,,,,,,,,,,
S2C_MSIL2A_20260814T185911_R013_T10UGU_20260814T235011,2026-08-14,2C,10UGU,21.1,17841,0.0,0.034,0.0,0.966,,,,,,,,,,,,
S2A_MSIL2A_20260816T190831_R013_T10UGU_20260817T014208,2026-08-16,2A,10UGU,63.7,17841,0.0,0.0,0.0,1.0,,,,,,,,,,,,
S2B_MSIL2A_20260819T185909_R013_T10UGU_20260819T224701,2026-08-19,2B,10UGU,51.4,17841,0.0,0.0,0.0,1.0,,,,,,,,,,,,
S2A_MSIL2A_20260823T185831_R113_T10UGU_20260824T045211,2026-08-23,2A,10UGU,57.0,17841,0.0,0.315,0.0,0.684,,,,,,,,,,,,
S2C_MSIL2A_20260824T185911_R013_T10UGU_20260824T234716,2026-08-24,2C,10UGU,0.0,17841,0.0,0.999,0.0,0.0,0.0203,0.0189,0.0157,0.0083,0.0068,0.005,0.0072,0.165,202.91,4.0,#72a8b5,-0.8333
S2B_MSIL2A_20260826T184919_R113_T10UGU_20260826T223721,2026-08-26,2B,10UGU,8.9,17841,0.0,0.999,0.0,0.0,0.0599,0.0571,0.0435,0.029,0.0275,0.0185,0.0058,0.318,204.12,4.0,#90a3aa,-0.0334
S2C_MSIL2A_20260831T184921_R113_T10UGU_20260901T001409,2026-08-31,2C,10UGU,5.5,17841,0.0,0.999,0.0,0.0,0.0164,0.0139,0.0105,0.0031,0.0014,0.0002,0.0042,0.182,211.59,3.0,#63a9c5,0.0
S2C_MSIL2A_20260903T185911_R013_T10UGU_20260903T233015,2026-09-03,2C,10UGU,38.0,17841,0.0,0.901,0.0,0.095,0.0462,0.0386,0.0306,0.0188,0.0167,0.0141,0.0105,0.217,214.67,3.0,#85a4b9,-0.1448
S2B_MSIL2A_20260905T184919_R113_T10UGU_20260905T224919,2026-09-05,2B,10UGU,41.0,17841,0.0,0.07,0.0,0.93,,,,,,,,,,,,
S2B_MSIL2A_20260908T185919_R013_T10UGU_20260908T225123,2026-09-08,2B,10UGU,3.4,17841,0.0,0.999,0.0,0.0,0.0193,0.0223,0.0151,0.0069,0.0053,0.0032,0.0039,0.143,193.67,4.0,#71a9ad,-0.3636
S2A_MSIL2A_20260912T185831_R113_T10UGU_20260913T025118,2026-09-12,2A,10UGU,61.0,17841,0.0,0.0,0.0,1.0,,,,,,,,,,,,
S2B_MSIL2A_20260918T185949_R013_T10UGU_20260918T225546,2026-09-18,2B,10UGU,0.0,17841,0.0,0.999,0.0,0.0,0.0279,0.0306,0.0219,0.0131,0.0112,0.0089,0.0037,0.131,194.08,4.0,#87a5a7,-0.1124
S2C_MSIL2A_20260920T185051_R113_T10UGU_20260920T231911,2026-09-20,2C,10UGU,0.0,17841,0.0,0.999,0.0,0.0,0.0301,0.0263,0.0209,0.0122,0.0102,0.0081,0.0054,0.154,209.55,4.0,#88a4b2,-0.1724
S2B_MSIL2A_20260925T185029_R113_T10UGU_20260925T224457,2026-09-25,2B,10UGU,62.8,17841,0.0,0.083,0.0,0.916,,,,,,,,,,,,
S2B_MSIL2A_20260928T190059_R013_T10UGU_20260928T225655,2026-09-28,2B,10UGU,0.3,17841,0.0,0.999,0.0,0.0,0.0041,0.0106,0.0052,0.0007,0.0,-0.0004,0.0016,0.103,170.08,5.0,#1fb497,0.0
S2C_MSIL2A_20260930T185201_R113_T10UGU_20260930T221307,2026-09-30,2C,10UGU,10.5,17841,0.0,0.999,0.0,0.0,0.0028,0.0027,0.0015,-0.0027,-0.0042,-0.0028,0.0035,0.126,,,,
